ID_mov;Banc;FormaPago;Data;mes;any;import ingrés;Import càrrec;grup;Idcategoria;Idconcepte;Comentari;ticketPendent
4023;T.CorteInglés;T.CorteInglés;19/09/2024;septiembre;2024;0.0;0.0;Càrrec;restaurant;Restaurant;Tapes. Bilbao;False
4024;T.CorteInglés;T.CorteInglés;19/09/2024;septiembre;2024;0.0;26.8;Càrrec;restaurant;Restaurant;Iturriza. Bilbao;False
4065;T.CorteInglés;T.CorteInglés;01/10/2024;octubre;2024;0.0;120.1;Càrrec;menjar;El Corte Inglés;;False
4068;T.CorteInglés;T.CorteInglés;01/10/2024;octubre;2024;0.0;8.09;Càrrec;restaurant;Bar;El Corte Inglés;False
7;BBVA;Compte;01/03/2021;marzo;2021;0.0;100.0;op_banc;op_banc;Reintegre Caixer;;False
13;BBVA;Compte;05/03/2021;marzo;2021;0.0;50.15;op_banc;op_banc;Pago VISA;;False
43;BBVA;Compte;30/03/2021;marzo;2021;400.0;0.0;op_banc;op_banc;Traspàs comptes;;False
47;BBVA;Compte;30/03/2021;marzo;2021;0.0;0.0;op_banc;op_banc;Traspàs comptes;;False
48;LaCaixa;Compte;30/03/2021;marzo;2021;0.0;450.0;op_banc;op_banc;Traspàs comptes;;False
51;BBVA;Compte;31/03/2021;marzo;2021;100.0;0.0;op_banc;op_banc;Traspàs comptes;;False
57;BBVA;Compte;06/04/2021;abril;2021;70.0;0.0;op_banc;op_banc;Traspàs comptes;;False
10;BBVA;Dèbit;03/03/2021;marzo;2021;0.0;20.0;op_banc;op_banc;Reintegre Caixer;;False
17;BBVA;Dèbit;05/03/2021;marzo;2021;0.0;50.0;op_banc;op_banc;Reintegre Caixer;;False
25;BBVA;Dèbit;11/03/2021;marzo;2021;0.0;20.0;op_banc;op_banc;Reintegre Caixer;;False
27;BBVA;Dèbit;15/03/2021;marzo;2021;0.0;50.0;op_banc;op_banc;Reintegre Caixer;;False
29;BBVA;Dèbit;18/03/2021;marzo;2021;0.0;20.0;op_banc;op_banc;Reintegre Caixer;;False
30;BBVA;Dèbit;22/03/2021;marzo;2021;0.0;20.0;op_banc;op_banc;Reintegre Caixer;;False
32;BBVA;Dèbit;24/03/2021;marzo;2021;0.0;20.0;op_banc;op_banc;Reintegre Caixer;;False
38;BBVA;Dèbit;29/03/2021;marzo;2021;0.0;20.0;op_banc;op_banc;Reintegre Caixer;;False
59;BBVA;Compte;06/04/2021;abril;2021;0.0;22.82;op_banc;op_banc;Pago VISA;;False
60;BBVA;Compte;06/04/2021;abril;2021;0.0;20.0;op_banc;op_banc;Reintegre Caixer;;False
62;LaCaixa;Compte;06/04/2021;abril;2021;0.0;20.0;op_banc;op_banc;Reintegre Caixer;;False
63;LaCaixa;Compte;06/04/2021;abril;2021;0.0;70.0;op_banc;op_banc;Reintegre Caixer;;False
4569;BBVA;Dèbit;05/02/2025;febrero;2025;0.0;40.52;Càrrec;assegurança;BBVA Asseg. Casa;;False
5198;BBVA;Compte;04/07/2025;julio;2025;0.0;16.0;Càrrec;assegurança;DP Morts Enric;;False
5200;BBVA;Compte;04/07/2025;julio;2025;0.0;21.62;Càrrec;assegurança;DP MP Mireia;;False
61;BBVA;Compte;06/04/2021;abril;2021;0.0;70.0;op_banc;op_banc;Traspàs comptes;;False
98;BBVA;Compte;29/04/2021;abril;2021;950.0;0.0;op_banc;op_banc;Traspàs comptes;;False
103;BBVA;Compte;29/04/2021;abril;2021;0.0;0.0;op_banc;op_banc;Traspàs comptes;;False
69;BBVA;Dèbit;07/04/2021;abril;2021;0.0;150.0;op_banc;op_banc;Reintegre Caixer;;False
77;BBVA;Dèbit;12/04/2021;abril;2021;0.0;50.0;op_banc;op_banc;Reintegre Caixer;;False
81;BBVA;Dèbit;14/04/2021;abril;2021;0.0;20.0;op_banc;op_banc;Reintegre Caixer;;False
86;BBVA;Dèbit;19/04/2021;abril;2021;0.0;50.0;op_banc;op_banc;Reintegre Caixer;;False
91;BBVA;Dèbit;23/04/2021;abril;2021;0.0;20.0;op_banc;op_banc;Reintegre Caixer;;False
109;BBVA;Dèbit;01/05/2021;mayo;2021;0.0;20.0;op_banc;op_banc;Reintegre Caixer;;False
115;BBVA;Dèbit;03/05/2021;mayo;2021;0.0;20.0;op_banc;op_banc;Reintegre Caixer;;False
104;LaCaixa;Compte;29/04/2021;abril;2021;0.0;550.0;op_banc;op_banc;Reintegre Caixer;;False
3315;LaCaixa;Compte;12/03/2024;marzo;2024;0.0;60.53;Càrrec;despesa_general;Ajunt. Arbúcies;;False
3424;LaCaixa;Compte;12/04/2024;abril;2024;0.0;60.53;Càrrec;despesa_general;Ajunt. Arbúcies;;False
3537;LaCaixa;Compte;14/05/2024;mayo;2024;0.0;60.53;Càrrec;despesa_general;Ajunt. Arbúcies;;False
3657;LaCaixa;Compte;05/06/2024;junio;2024;0.0;60.53;Càrrec;despesa_general;Ajunt. Arbúcies;;False
3776;LaCaixa;Compte;12/07/2024;julio;2024;0.0;60.53;Càrrec;despesa_general;Ajunt. Arbúcies;;False
3929;LaCaixa;Compte;12/08/2024;agosto;2024;0.0;60.53;Càrrec;despesa_general;Ajunt. Arbúcies;;False
3967;LaCaixa;Compte;11/09/2024;septiembre;2024;0.0;60.53;Càrrec;despesa_general;Ajunt. Arbúcies;;False
4096;LaCaixa;Compte;11/10/2024;octubre;2024;0.0;24.45;Càrrec;despesa_general;Ajunt. Arbúcies;;False
4243;LaCaixa;Compte;12/11/2024;noviembre;2024;0.0;24.45;Càrrec;despesa_general;Ajunt. Arbúcies;;False
4458;LaCaixa;Compte;02/12/2024;diciembre;2024;0.0;24.44;Càrrec;despesa_general;Ajunt. Arbúcies;;False
4509;LaCaixa;Compte;14/01/2025;enero;2025;0.0;68.46;Càrrec;despesa_general;Ajunt. Arbúcies;;False
4629;LaCaixa;Compte;11/02/2025;febrero;2025;0.0;68.46;Càrrec;despesa_general;Ajunt. Arbúcies;;False
4722;LaCaixa;Compte;12/03/2025;marzo;2025;0.0;68.46;Càrrec;despesa_general;Ajunt. Arbúcies;;False
4858;LaCaixa;Compte;11/04/2025;abril;2025;0.0;68.46;Càrrec;despesa_general;Ajunt. Arbúcies;;False
4859;LaCaixa;Compte;11/04/2025;abril;2025;0.0;-51.12;Càrrec;despesa_general;Ajunt. Arbúcies;Abono Cotxe 2024;False
89;BBVA;Compte;21/04/2021;abril;2021;0.0;12.0;op_banc;op_banc;Transferència;Berna;False
2949;BBVA;Dèbit;11/12/2023;diciembre;2023;0.0;6.74;Càrrec;farmàcia;Farmàcia;;False
2955;BBVA;Dèbit;14/12/2023;diciembre;2023;0.0;12.49;Càrrec;farmàcia;Farmàcia;;False
118;BBVA;Compte;05/05/2021;mayo;2021;0.0;80.24;op_banc;op_banc;Pago VISA;;False
2987;BBVA;Dèbit;20/12/2023;diciembre;2023;0.0;3.83;Càrrec;farmàcia;Farmàcia;;False
3039;BBVA;Dèbit;02/01/2024;enero;2024;0.0;12.13;Càrrec;farmàcia;Farmàcia;;False
3045;BBVA;Dèbit;04/01/2024;enero;2024;0.0;12.49;Càrrec;farmàcia;Farmàcia;;False
3271;BBVA;Dèbit;11/03/2024;marzo;2024;0.0;3.96;Càrrec;farmàcia;Farmàcia;;False
3735;BBVA;Dèbit;09/07/2024;julio;2024;0.0;16.95;Càrrec;farmàcia;Farmàcia;;False
4206;BBVA;Dèbit;08/11/2024;noviembre;2024;0.0;8.95;Càrrec;farmàcia;Farmàcia;Compresa freda;False
4408;BBVA;Dèbit;26/12/2024;diciembre;2024;0.0;15.18;Càrrec;farmàcia;Farmàcia;;False
4409;BBVA;Dèbit;26/12/2024;diciembre;2024;0.0;12.2;Càrrec;farmàcia;Farmàcia;;False
4430;BBVA;Dèbit;31/12/2024;diciembre;2024;0.0;13.95;Càrrec;farmàcia;Farmàcia;;False
71;BBVA;Dèbit;08/04/2021;abril;2021;0.0;41.86;Càrrec;farmàcia;Farmàcia;;False
42;BBVA;Dèbit;30/03/2021;marzo;2021;0.0;5.69;Càrrec;farmàcia;Farmàcia;;False
1528;BBVA;Dèbit;31/10/2022;octubre;2022;0.0;25.79;Càrrec;farmàcia;Farmàcia;;False
1712;BBVA;Dèbit;19/12/2022;diciembre;2022;0.0;2.7;Càrrec;farmàcia;Farmàcia;;False
162;BBVA;Compte;30/05/2021;mayo;2021;600.0;0.0;op_banc;op_banc;Traspàs comptes;;False
163;LaCaixa;Compte;30/05/2021;mayo;2021;0.0;600.0;op_banc;op_banc;Traspàs comptes;;False
123;BBVA;Dèbit;05/05/2021;mayo;2021;0.0;20.0;op_banc;op_banc;Reintegre Caixer;;False
129;BBVA;Dèbit;10/05/2021;mayo;2021;0.0;20.0;op_banc;op_banc;Reintegre Caixer;;False
141;BBVA;Dèbit;17/05/2021;mayo;2021;0.0;20.0;op_banc;op_banc;Reintegre Caixer;;False
144;BBVA;Dèbit;19/05/2021;mayo;2021;0.0;20.0;op_banc;op_banc;Reintegre Caixer;;False
153;BBVA;Dèbit;24/05/2021;mayo;2021;0.0;20.0;op_banc;op_banc;Reintegre Caixer;;False
159;BBVA;Dèbit;26/05/2021;mayo;2021;0.0;20.0;op_banc;op_banc;Reintegre Caixer;;False
5629;LaCaixa;Compte;13/10/2025;octubre;2025;0.0;29.23;Càrrec;despesa_general;Ajunt. Arbúcies;;False
5744;LaCaixa;Compte;10/11/2025;noviembre;2025;0.0;29.23;Càrrec;despesa_general;Ajunt. Arbúcies;;False
1513;LaCaixa;Compte;24/10/2022;octubre;2022;484.61;0.0;Ingrés;ingrés_general;Pensió no contributiva;;False
181;BBVA;Compte;04/06/2021;junio;2021;0.0;150.97;op_banc;op_banc;Pago VISA;;False
1640;LaCaixa;Compte;24/11/2022;noviembre;2022;969.22;0.0;Ingrés;ingrés_general;Pensió no contributiva;;False
1810;LaCaixa;Compte;24/12/2022;diciembre;2022;484.61;0.0;Ingrés;ingrés_general;Pensió no contributiva;;False
226;LaCaixa;Compte;30/06/2021;junio;2021;0.0;600.0;op_banc;op_banc;Traspàs comptes;;False
218;BBVA;Compte;30/06/2021;junio;2021;600.0;0.0;op_banc;op_banc;Traspàs comptes;;False
206;LaCaixa;Compte;24/06/2021;junio;2021;805.6;0.0;Ingrés;ingrés_general;Pensió no contributiva;paga extra;False
192;BBVA;Dèbit;09/06/2021;junio;2021;0.0;20.0;op_banc;op_banc;Reintegre Caixer;;False
195;BBVA;Dèbit;14/06/2021;junio;2021;0.0;50.0;op_banc;op_banc;Reintegre Caixer;;False
203;BBVA;Dèbit;19/06/2021;junio;2021;0.0;20.0;op_banc;op_banc;Reintegre Caixer;;False
230;BBVA;Dèbit;05/07/2021;julio;2021;0.0;20.0;op_banc;op_banc;Reintegre Caixer;;False
1942;LaCaixa;Compte;24/02/2023;febrero;2023;484.61;0.0;Ingrés;ingrés_general;Pensió no contributiva;;False
2045;LaCaixa;Compte;24/03/2023;marzo;2023;484.61;0.0;Ingrés;ingrés_general;Pensió no contributiva;;False
2146;LaCaixa;Compte;24/04/2023;abril;2023;484.61;0.0;Ingrés;ingrés_general;Pensió no contributiva;;False
2250;LaCaixa;Compte;24/05/2023;mayo;2023;484.61;0.0;Ingrés;ingrés_general;Pensió no contributiva;;False
2350;LaCaixa;Compte;26/06/2023;junio;2023;969.22;0.0;Ingrés;ingrés_general;Pensió no contributiva;+ paga extra;False
2554;LaCaixa;Compte;24/07/2023;julio;2023;484.61;0.0;Ingrés;ingrés_general;Pensió no contributiva;;False
2596;LaCaixa;Compte;24/08/2023;agosto;2023;484.61;0.0;Ingrés;ingrés_general;Pensió no contributiva;;False
2683;LaCaixa;Compte;24/09/2023;septiembre;2023;484.61;0.0;Ingrés;ingrés_general;Pensió no contributiva;;False
2806;LaCaixa;Compte;24/10/2023;octubre;2023;484.61;0.0;Ingrés;ingrés_general;Pensió no contributiva;;False
2889;LaCaixa;Compte;24/11/2023;noviembre;2023;969.22;0.0;Ingrés;ingrés_general;Pensió no contributiva;Paga extra;False
3014;LaCaixa;Compte;24/12/2023;diciembre;2023;484.61;0.0;Ingrés;ingrés_general;Pensió no contributiva;;False
3107;LaCaixa;Compte;24/01/2024;enero;2024;517.9;0.0;Ingrés;ingrés_general;Pensió no contributiva;;False
3200;LaCaixa;Compte;26/02/2024;febrero;2024;517.9;0.0;Ingrés;ingrés_general;Pensió no contributiva;;False
4915;LaCaixa;Compte;24/04/2025;abril;2025;564.7;0.0;Ingrés;ingrés_general;Pensió no contributiva;;False
5042;LaCaixa;Compte;24/05/2025;mayo;2025;564.7;0.0;Ingrés;ingrés_general;Pensió no contributiva;;False
207;LaCaixa;Compte;24/06/2021;junio;2021;0.0;0.0;Ingrés;ingrés_general;Pensió no contributiva;;False
155;LaCaixa;Compte;24/05/2021;mayo;2021;0.0;0.0;Ingrés;ingrés_general;Pensió no contributiva;;False
544;BBVA;Compte;07/12/2021;diciembre;2021;451.92;0.0;Ingrés;ingrés_general;Abonament Ajuda Isabel;;False
545;BBVA;Compte;07/12/2021;diciembre;2021;451.92;0.0;Ingrés;ingrés_general;Abonament Ajuda Enric;;False
566;BBVA;Compte;22/12/2021;diciembre;2021;50.0;0.0;Ingrés;ingrés_general;Hisenda;;False
567;BBVA;Compte;22/12/2021;diciembre;2021;100.0;0.0;Ingrés;ingrés_general;Hisenda;;False
568;BBVA;Compte;22/12/2021;diciembre;2021;50.0;0.0;Ingrés;ingrés_general;Hisenda;;False
572;LaCaixa;Compte;23/12/2021;diciembre;2021;164.48;0.0;Ingrés;ingrés_general;Complement Generalitat;;False
573;LaCaixa;Compte;23/12/2021;diciembre;2021;0.0;0.0;Ingrés;ingrés_general;Complement Generalitat;;False
585;BBVA;Compte;29/12/2021;diciembre;2021;14.6;0.0;Ingrés;ingrés_general;Cartera DP Petit;;False
586;BBVA;Compte;29/12/2021;diciembre;2021;45.13;0.0;Ingrés;ingrés_general;Cartera DP Gran;;False
160;LaCaixa;Compte;27/05/2021;mayo;2021;164.48;0.0;Ingrés;ingrés_general;Complement Generalitat;;False
210;BBVA;Compte;25/06/2021;junio;2021;50.0;0.0;Ingrés;ingrés_general;Hisenda;;False
92;LaCaixa;Compte;24/04/2021;abril;2021;0.0;0.0;Ingrés;ingrés_general;Pensió no contributiva;;False
344;BBVA;Compte;30/08/2021;agosto;2021;12.68;0.0;Ingrés;ingrés_general;Cartera DP Petit;;False
366;BBVA;Compte;07/09/2021;septiembre;2021;451.92;0.0;Ingrés;ingrés_general;Abonament Ajuda Isabel;;False
367;BBVA;Compte;07/09/2021;septiembre;2021;451.92;0.0;Ingrés;ingrés_general;Abonament Ajuda Enric;;False
397;BBVA;Compte;28/09/2021;septiembre;2021;0.0;0.0;Ingrés;ingrés_general;Complement Generalitat;;False
399;LaCaixa;Compte;28/09/2021;septiembre;2021;164.48;0.0;Ingrés;ingrés_general;Complement Generalitat;;False
400;BBVA;Compte;29/09/2021;septiembre;2021;50.0;0.0;Ingrés;ingrés_general;Hisenda;;False
401;BBVA;Compte;29/09/2021;septiembre;2021;50.0;0.0;Ingrés;ingrés_general;Hisenda;;False
403;BBVA;Compte;29/09/2021;septiembre;2021;52.79;0.0;Ingrés;ingrés_general;Cartera DP Gran;;False
404;BBVA;Compte;29/09/2021;septiembre;2021;12.68;0.0;Ingrés;ingrés_general;Cartera DP Petit;;False
233;BBVA;Compte;05/07/2021;julio;2021;0.0;356.24;op_banc;op_banc;Pago VISA;;False
205;BBVA;Compte;22/06/2021;junio;2021;0.0;4.0;op_banc;op_banc;Pago VISA;Duplicar targeta crèdit;False
428;BBVA;Compte;07/10/2021;octubre;2021;451.92;0.0;Ingrés;ingrés_general;Abonament Ajuda Isabel;;False
239;BBVA;Compte;05/07/2021;julio;2021;0.0;20.0;op_banc;op_banc;Reintegre Caixer;;False
240;LaCaixa;Compte;05/07/2021;julio;2021;0.0;50.0;op_banc;op_banc;Reintegre Caixer;;False
334;LaCaixa;Compte;24/08/2021;agosto;2021;0.0;0.0;Ingrés;ingrés_general;Pensió no contributiva;;False
447;BBVA;Compte;22/10/2021;octubre;2021;100.0;0.0;Ingrés;ingrés_general;Hisenda;;False
448;BBVA;Compte;22/10/2021;octubre;2021;50.0;0.0;Ingrés;ingrés_general;Hisenda;;False
456;LaCaixa;Compte;26/10/2021;octubre;2021;0.0;0.0;Ingrés;ingrés_general;Complement Generalitat;;False
457;LaCaixa;Compte;26/10/2021;octubre;2021;164.48;0.0;Ingrés;ingrés_general;Complement Generalitat;;False
463;BBVA;Compte;29/10/2021;octubre;2021;29.64;0.0;Ingrés;ingrés_general;Cartera DP Petit;;False
464;BBVA;Compte;29/10/2021;octubre;2021;55.47;0.0;Ingrés;ingrés_general;Cartera DP Gran;;False
482;BBVA;Compte;08/11/2021;noviembre;2021;451.92;0.0;Ingrés;ingrés_general;Abonament Ajuda Isabel;;False
483;BBVA;Compte;08/11/2021;noviembre;2021;451.92;0.0;Ingrés;ingrés_general;Abonament Ajuda Enric;;False
9;BBVA;Compte;02/03/2021;marzo;2021;11.82;0.0;Ingrés;ingrés_general;Cartera DP Petit;;False
288;BBVA;Compte;29/07/2021;julio;2021;0.0;0.0;op_banc;op_banc;Traspàs comptes;;False
282;BBVA;Compte;29/07/2021;julio;2021;700.0;0.0;op_banc;op_banc;Traspàs comptes;;False
238;BBVA;Compte;05/07/2021;julio;2021;0.0;50.0;op_banc;op_banc;Traspàs comptes;;False
243;BBVA;Compte;06/07/2021;julio;2021;80.0;0.0;op_banc;op_banc;Traspàs comptes;;False
244;LaCaixa;Compte;06/07/2021;julio;2021;0.0;0.0;op_banc;op_banc;Traspàs comptes;;False
237;BBVA;Compte;05/07/2021;julio;2021;50.0;0.0;op_banc;op_banc;Traspàs comptes;;False
289;LaCaixa;Compte;29/07/2021;julio;2021;0.0;700.0;op_banc;op_banc;Traspàs comptes;;False
287;BBVA;Compte;29/07/2021;julio;2021;0.0;0.5;op_banc;op_banc;Traspàs comptes;;False
285;BBVA;Compte;29/07/2021;julio;2021;100.0;0.0;op_banc;op_banc;Traspàs comptes;;False
286;BBVA;Compte;29/07/2021;julio;2021;1.0;0.0;op_banc;op_banc;Traspàs comptes;;False
3375;BBVA;Dèbit;08/04/2024;abril;2024;0.0;24.84;Càrrec;manteniment;Arc Arbúcies;Ciment+malla+pegoland;False
250;BBVA;Dèbit;07/07/2021;julio;2021;0.0;20.0;op_banc;op_banc;Reintegre Caixer;;False
12;BBVA;Compte;04/03/2021;marzo;2021;52.79;0.0;Ingrés;ingrés_general;Cartera DP Gran;;False
14;BBVA;Compte;05/03/2021;marzo;2021;451.92;0.0;Ingrés;ingrés_general;Abonament Ajuda Isabel;;False
20;BBVA;Compte;09/03/2021;marzo;2021;50.0;0.0;Ingrés;ingrés_general;Hisenda;;False
22;BBVA;Compte;10/03/2021;marzo;2021;50.0;0.0;Ingrés;ingrés_general;Hisenda;;False
28;BBVA;Compte;15/03/2021;marzo;2021;281.19;0.0;Ingrés;ingrés_general;NN Enric;;False
34;LaCaixa;Compte;24/03/2021;marzo;2021;164.48;0.0;Ingrés;ingrés_general;Complement Generalitat;;False
35;BBVA;Compte;25/03/2021;marzo;2021;50.0;0.0;Ingrés;ingrés_general;Hisenda;;False
45;BBVA;Compte;30/03/2021;marzo;2021;11.99;0.0;Ingrés;ingrés_general;Cartera DP Petit;;False
646;BBVA;Compte;21/01/2022;enero;2022;100.0;0.0;Ingrés;ingrés_general;Hisenda;;False
647;BBVA;Compte;21/01/2022;enero;2022;50.0;0.0;Ingrés;ingrés_general;Hisenda;;False
653;LaCaixa;Compte;25/01/2022;enero;2022;202.91;0.0;Ingrés;ingrés_general;Complement Generalitat;;False
666;BBVA;Compte;31/01/2022;enero;2022;20.19;0.0;Ingrés;ingrés_general;Cartera DP Petit;;False
667;BBVA;Compte;31/01/2022;enero;2022;77.77;0.0;Ingrés;ingrés_general;Cartera DP Gran;;False
687;BBVA;Compte;07/02/2022;febrero;2022;463.21;0.0;Ingrés;ingrés_general;Abonament Ajuda Isabel;;False
688;BBVA;Compte;07/02/2022;febrero;2022;463.21;0.0;Ingrés;ingrés_general;Abonament Ajuda Enric;;False
715;LaCaixa;Compte;24/02/2022;febrero;2022;172.07;0.0;Ingrés;ingrés_general;Complement Generalitat;;False
727;BBVA;Compte;28/02/2022;febrero;2022;12.95;0.0;Ingrés;ingrés_general;Cartera DP Petit;;False
728;BBVA;Compte;28/02/2022;febrero;2022;47.14;0.0;Ingrés;ingrés_general;Cartera DP Gran;;False
732;BBVA;Compte;28/02/2022;febrero;2022;100.0;0.0;Ingrés;ingrés_general;Hisenda;;False
740;BBVA;Compte;28/02/2022;febrero;2022;50.0;0.0;Ingrés;ingrés_general;Hisenda;;False
741;BBVA;Compte;28/02/2022;febrero;2022;50.0;0.0;Ingrés;ingrés_general;Hisenda;;False
751;BBVA;Compte;07/03/2022;marzo;2022;463.21;0.0;Ingrés;ingrés_general;Abonament Ajuda Enric;;False
752;BBVA;Compte;07/03/2022;marzo;2022;463.21;0.0;Ingrés;ingrés_general;Abonament Ajuda Isabel;;False
791;LaCaixa;Compte;24/03/2022;marzo;2022;172.07;0.0;Ingrés;ingrés_general;Complement Generalitat;;False
803;BBVA;Compte;28/03/2022;marzo;2022;50.0;0.0;Ingrés;ingrés_general;Hisenda;;False
804;BBVA;Compte;28/03/2022;marzo;2022;100.0;0.0;Ingrés;ingrés_general;Hisenda;;False
805;BBVA;Compte;28/03/2022;marzo;2022;50.0;0.0;Ingrés;ingrés_general;Hisenda;;False
808;BBVA;Compte;29/03/2022;marzo;2022;47.14;0.0;Ingrés;ingrés_general;Cartera DP Gran;;False
809;BBVA;Compte;29/03/2022;marzo;2022;13.15;0.0;Ingrés;ingrés_general;Cartera DP Petit;;False
838;BBVA;Compte;07/04/2022;abril;2022;463.21;0.0;Ingrés;ingrés_general;Abonament Ajuda Enric;;False
839;BBVA;Compte;07/04/2022;abril;2022;463.21;0.0;Ingrés;ingrés_general;Abonament Ajuda Isabel;;False
3576;BBVA;Compte;03/06/2024;junio;2024;0.0;-165.43;Càrrec;assegurança;Assegurança Cotxe;Retorn DP;False
309;BBVA;Compte;05/08/2021;agosto;2021;0.0;325.5;op_banc;op_banc;Pago VISA;;False
3634;BBVA;Compte;14/06/2024;junio;2024;0.0;-165.43;Càrrec;assegurança;Assegurança Cotxe;Devolució DP;False
342;BBVA;Dèbit;30/08/2021;agosto;2021;0.0;50.0;op_banc;op_banc;Reintegre Caixer;;False
3633;BBVA;Compte;14/06/2024;junio;2024;0.0;165.43;Càrrec;assegurança;Assegurança Cotxe;DP;False
3575;BBVA;Dèbit;03/06/2024;junio;2024;0.0;432.85;Càrrec;assegurança;Assegurança Cotxe;Tot Risc (200?) Direct;False
885;LaCaixa;Compte;26/04/2022;abril;2022;172.07;0.0;Ingrés;ingrés_general;Complement Generalitat;;False
889;BBVA;Compte;27/04/2022;abril;2022;100.0;0.0;Ingrés;ingrés_general;Hisenda;;False
893;BBVA;Compte;29/04/2022;abril;2022;50.0;0.0;Ingrés;ingrés_general;Hisenda;;False
894;BBVA;Compte;29/04/2022;abril;2022;50.0;0.0;Ingrés;ingrés_general;Hisenda;;False
897;BBVA;Compte;29/04/2022;abril;2022;49.92;0.0;Ingrés;ingrés_general;Cartera DP Gran;;False
898;BBVA;Compte;29/04/2022;abril;2022;21.24;0.0;Ingrés;ingrés_general;Cartera DP Petit;;False
652;LaCaixa;Compte;24/01/2022;enero;2022;509.6;0.0;Ingrés;ingrés_general;Pensió no contributiva;;False
977;LaCaixa;Compte;26/05/2022;mayo;2022;172.07;0.0;Ingrés;ingrés_general;Complement Generalitat;;False
983;BBVA;Compte;30/05/2022;mayo;2022;28.25;0.0;Ingrés;ingrés_general;Cartera DP Petit;;False
984;BBVA;Compte;30/05/2022;mayo;2022;47.14;0.0;Ingrés;ingrés_general;Cartera DP Gran;;False
1015;BBVA;Compte;10/06/2022;junio;2022;463.21;0.0;Ingrés;ingrés_general;Abonament Ajuda Enric;;False
1016;BBVA;Compte;10/06/2022;junio;2022;463.21;0.0;Ingrés;ingrés_general;Abonament Ajuda Isabel;;False
1048;BBVA;Compte;21/06/2022;junio;2022;100.0;0.0;Ingrés;ingrés_general;Hisenda;;False
1054;BBVA;Compte;24/06/2022;junio;2022;50.0;0.0;Ingrés;ingrés_general;Hisenda;;False
1056;BBVA;Compte;24/06/2022;junio;2022;0.0;0.0;Ingrés;ingrés_general;Paga Extra Jordi;;False
1058;BBVA;Compte;27/06/2022;junio;2022;50.0;0.0;Ingrés;ingrés_general;Hisenda;;False
1059;LaCaixa;Compte;28/06/2022;junio;2022;172.07;0.0;Ingrés;ingrés_general;Complement Generalitat;;False
1067;BBVA;Compte;29/06/2022;junio;2022;15.67;0.0;Ingrés;ingrés_general;Cartera DP Petit;;False
1068;BBVA;Compte;29/06/2022;junio;2022;47.14;0.0;Ingrés;ingrés_general;Cartera DP Gran;;False
1115;BBVA;Compte;11/07/2022;julio;2022;463.21;0.0;Ingrés;ingrés_general;Abonament Ajuda Enric;;False
1116;BBVA;Compte;11/07/2022;julio;2022;463.21;0.0;Ingrés;ingrés_general;Abonament Ajuda Isabel;;False
1126;BBVA;Compte;19/07/2022;julio;2022;50.0;0.0;Ingrés;ingrés_general;Hisenda;;False
1127;BBVA;Compte;19/07/2022;julio;2022;100.0;0.0;Ingrés;ingrés_general;Hisenda;;False
1128;BBVA;Compte;19/07/2022;julio;2022;50.0;0.0;Ingrés;ingrés_general;Hisenda;;False
1158;LaCaixa;Compte;26/07/2022;julio;2022;172.07;0.0;Ingrés;ingrés_general;Complement Generalitat;;False
1164;BBVA;Compte;29/07/2022;julio;2022;49.92;0.0;Ingrés;ingrés_general;Cartera DP Gran;;False
1175;BBVA;Compte;29/07/2022;julio;2022;21.85;0.0;Ingrés;ingrés_general;Cartera DP Petit;;False
1185;BBVA;Compte;10/08/2022;agosto;2022;463.21;0.0;Ingrés;ingrés_general;Abonament Ajuda Isabel;;False
1186;BBVA;Compte;10/08/2022;agosto;2022;339.68;0.0;Ingrés;ingrés_general;Abonament Ajuda Enric;;False
1245;BBVA;Compte;26/08/2022;agosto;2022;50.0;0.0;Ingrés;ingrés_general;Hisenda;;False
1246;BBVA;Compte;26/08/2022;agosto;2022;100.0;0.0;Ingrés;ingrés_general;Hisenda;;False
1247;BBVA;Compte;26/08/2022;agosto;2022;50.0;0.0;Ingrés;ingrés_general;Complement Generalitat;;False
1251;BBVA;Compte;29/08/2022;agosto;2022;47.14;0.0;Ingrés;ingrés_general;Cartera DP Gran;;False
1252;BBVA;Compte;29/08/2022;agosto;2022;13.99;0.0;Ingrés;ingrés_general;Cartera DP Petit;;False
1281;LaCaixa;Compte;25/08/2022;agosto;2022;172.07;0.0;Ingrés;ingrés_general;Complement Generalitat;;False
972;LaCaixa;Compte;24/05/2022;mayo;2022;421.4;0.0;Ingrés;ingrés_general;Pensió no contributiva;;False
1399;BBVA;Compte;28/09/2022;septiembre;2022;100.0;0.0;Ingrés;ingrés_general;Hisenda;;False
1400;BBVA;Compte;28/09/2022;septiembre;2022;50.0;0.0;Ingrés;ingrés_general;Hisenda;;False
1409;LaCaixa;Compte;27/09/2022;septiembre;2022;172.07;0.0;Ingrés;ingrés_general;Complement Generalitat;;False
1424;BBVA;Compte;30/09/2022;septiembre;2022;13.78;0.0;Ingrés;ingrés_general;Cartera DP Petit;;False
1425;BBVA;Compte;30/09/2022;septiembre;2022;47.14;0.0;Ingrés;ingrés_general;Cartera DP Gran;;False
1447;BBVA;Compte;10/10/2022;octubre;2022;463.21;0.0;Ingrés;ingrés_general;Abonament Ajuda Isabel;;False
1448;BBVA;Compte;10/10/2022;octubre;2022;432.32;0.0;Ingrés;ingrés_general;Abonament Ajuda Enric;;False
1483;BBVA;Compte;21/10/2022;octubre;2022;50.0;0.0;Ingrés;ingrés_general;Hisenda;;False
1484;BBVA;Compte;21/10/2022;octubre;2022;100.0;0.0;Ingrés;ingrés_general;Hisenda;;False
1514;LaCaixa;Compte;26/10/2022;octubre;2022;172.07;0.0;Ingrés;ingrés_general;Complement Generalitat;;False
362;BBVA;Dèbit;06/09/2021;septiembre;2021;0.0;20.0;op_banc;op_banc;Reintegre Caixer;;False
368;BBVA;Dèbit;08/09/2021;septiembre;2021;0.0;20.0;op_banc;op_banc;Reintegre Caixer;;False
370;BBVA;Dèbit;09/09/2021;septiembre;2021;0.0;50.0;op_banc;op_banc;Reintegre Caixer;;False
379;BBVA;Dèbit;13/09/2021;septiembre;2021;0.0;20.0;op_banc;op_banc;Reintegre Caixer;;False
383;BBVA;Dèbit;17/09/2021;septiembre;2021;0.0;200.0;op_banc;op_banc;Reintegre Caixer;;False
357;BBVA;Compte;03/09/2021;septiembre;2021;0.0;657.76;op_banc;op_banc;Pago VISA;;False
1526;BBVA;Compte;31/10/2022;octubre;2022;21.66;0.0;Ingrés;ingrés_general;Cartera DP Petit;;False
1527;BBVA;Compte;31/10/2022;octubre;2022;49.92;0.0;Ingrés;ingrés_general;Cartera DP Gran;;False
1576;BBVA;Compte;10/11/2022;noviembre;2022;463.21;0.0;Ingrés;ingrés_general;Abonament Ajuda Enric;;False
1577;BBVA;Compte;10/11/2022;noviembre;2022;463.21;0.0;Ingrés;ingrés_general;Abonament Ajuda Isabel;;False
1627;BBVA;Compte;22/11/2022;noviembre;2022;50.0;0.0;Ingrés;ingrés_general;Hisenda;;False
1628;BBVA;Compte;22/11/2022;noviembre;2022;100.0;0.0;Ingrés;ingrés_general;Hisenda;;False
1629;BBVA;Compte;22/11/2022;noviembre;2022;50.0;0.0;Ingrés;ingrés_general;Hisenda;;False
1641;LaCaixa;Compte;24/11/2022;noviembre;2022;172.07;0.0;Ingrés;ingrés_general;Complement Generalitat;;False
1650;BBVA;Compte;29/11/2022;noviembre;2022;47.14;0.0;Ingrés;ingrés_general;Cartera DP Gran;;False
1689;BBVA;Compte;12/12/2022;diciembre;2022;463.21;0.0;Ingrés;ingrés_general;Abonament Ajuda Enric;;False
1690;BBVA;Compte;12/12/2022;diciembre;2022;463.21;0.0;Ingrés;ingrés_general;Abonament Ajuda Isabel;;False
1730;BBVA;Compte;21/12/2022;diciembre;2022;50.0;0.0;Ingrés;ingrés_general;Hisenda;;False
1731;BBVA;Compte;21/12/2022;diciembre;2022;100.0;0.0;Ingrés;ingrés_general;Hisenda;;False
1732;BBVA;Compte;21/12/2022;diciembre;2022;50.0;0.0;Ingrés;ingrés_general;Hisenda;;False
1752;BBVA;Compte;29/12/2022;diciembre;2022;47.14;0.0;Ingrés;ingrés_general;Cartera DP Gran;;False
1753;BBVA;Compte;29/12/2022;diciembre;2022;25.18;0.0;Ingrés;ingrés_general;Cartera DP Petit;;False
1856;LaCaixa;Compte;26/01/2023;enero;2023;172.07;0.0;Ingrés;ingrés_general;Complement Generalitat;;False
1871;BBVA;Compte;31/01/2023;enero;2023;22.74;0.0;Ingrés;ingrés_general;Cartera DP Petit;;False
1872;BBVA;Compte;31/01/2023;enero;2023;80.01;0.0;Ingrés;ingrés_general;Cartera DP Gran;;False
1897;BBVA;Compte;10/02/2023;febrero;2023;480.0;0.0;Ingrés;ingrés_general;Abonament Ajuda Enric;;False
1898;BBVA;Compte;10/02/2023;febrero;2023;480.0;0.0;Ingrés;ingrés_general;Abonament Ajuda Isabel;;False
1943;LaCaixa;Compte;24/02/2023;febrero;2023;172.07;0.0;Ingrés;ingrés_general;Complement Generalitat;;False
1956;BBVA;Compte;28/02/2023;febrero;2023;50.0;0.0;Ingrés;ingrés_general;Hisenda;;False
1957;BBVA;Compte;28/02/2023;febrero;2023;100.0;0.0;Ingrés;ingrés_general;Hisenda;;False
1958;BBVA;Compte;28/02/2023;febrero;2023;50.0;0.0;Ingrés;ingrés_general;Hisenda;;False
1959;BBVA;Compte;28/02/2023;febrero;2023;50.1;0.0;Ingrés;ingrés_general;Cartera DP Gran;;False
1960;BBVA;Compte;28/02/2023;febrero;2023;14.09;0.0;Ingrés;ingrés_general;Cartera DP Petit;;False
1992;BBVA;Compte;10/03/2023;marzo;2023;480.0;0.0;Ingrés;ingrés_general;Abonament Ajuda Enric;;False
1993;BBVA;Compte;10/03/2023;marzo;2023;480.0;0.0;Ingrés;ingrés_general;Abonament Ajuda Isabel;;False
2036;BBVA;Compte;23/03/2023;marzo;2023;50.0;0.0;Ingrés;ingrés_general;Hisenda;;False
2037;BBVA;Compte;23/03/2023;marzo;2023;100.0;0.0;Ingrés;ingrés_general;Hisenda;;False
2038;BBVA;Compte;23/03/2023;marzo;2023;50.0;0.0;Ingrés;ingrés_general;Hisenda;;False
2046;LaCaixa;Compte;24/03/2023;marzo;2023;172.07;0.0;Ingrés;ingrés_general;Complement Generalitat;;False
2054;BBVA;Compte;29/03/2023;marzo;2023;50.1;0.0;Ingrés;ingrés_general;Cartera DP Gran;;False
2055;BBVA;Compte;29/03/2023;marzo;2023;14.53;0.0;Ingrés;ingrés_general;Cartera DP Petit;;False
2086;BBVA;Compte;10/04/2023;abril;2023;480.0;0.0;Ingrés;ingrés_general;Abonament Ajuda Enric;;False
2087;BBVA;Compte;10/04/2023;abril;2023;480.0;0.0;Ingrés;ingrés_general;Abonament Ajuda Isabel;;False
2130;BBVA;Compte;21/04/2023;abril;2023;50.0;0.0;Ingrés;ingrés_general;Hisenda;;False
2131;BBVA;Compte;21/04/2023;abril;2023;100.0;0.0;Ingrés;ingrés_general;Hisenda;;False
2132;BBVA;Compte;21/04/2023;abril;2023;50.0;0.0;Ingrés;ingrés_general;Hisenda;;False
2147;LaCaixa;Compte;25/04/2023;abril;2023;172.07;0.0;Ingrés;ingrés_general;Complement Generalitat;;False
2163;BBVA;Compte;30/04/2023;abril;2023;23.14;0.0;Ingrés;ingrés_general;Cartera DP Petit;;False
2164;BBVA;Compte;30/04/2023;abril;2023;53.06;0.0;Ingrés;ingrés_general;Cartera DP Gran;;False
2203;BBVA;Compte;10/05/2023;mayo;2023;480.0;0.0;Ingrés;ingrés_general;Abonament Ajuda Enric;;False
2204;BBVA;Dèbit;10/05/2023;mayo;2023;480.0;0.0;Ingrés;ingrés_general;Abonament Ajuda Isabel;;False
2328;BBVA;Compte;20/06/2023;junio;2023;50.0;0.0;Ingrés;ingrés_general;Hisenda;;False
2329;BBVA;Compte;20/06/2023;junio;2023;100.0;0.0;Ingrés;ingrés_general;Hisenda;;False
2330;BBVA;Compte;20/06/2023;junio;2023;50.0;0.0;Ingrés;ingrés_general;Hisenda;;False
2353;LaCaixa;Compte;27/06/2023;junio;2023;183.58;0.0;Ingrés;ingrés_general;Complement Generalitat;;False
417;BBVA;Compte;05/10/2021;octubre;2021;0.0;76.83;op_banc;op_banc;Pago VISA;;False
426;BBVA;Dèbit;05/10/2021;octubre;2021;0.0;20.0;op_banc;op_banc;Reintegre Caixer;;False
436;BBVA;Dèbit;14/10/2021;octubre;2021;0.0;200.0;op_banc;op_banc;Reintegre Caixer;;False
1622;Efectiu;;17/11/2022;noviembre;2022;0.0;19.9;Càrrec;butà;Butà reparto;;False
2106;Efectiu;;06/04/2023;abril;2023;0.0;16.8;Càrrec;butà;Butà reparto;;False
2823;Efectiu;;02/11/2023;noviembre;2023;0.0;14.5;Càrrec;butà;Butà reparto;;False
3236;Efectiu;;07/03/2024;marzo;2024;0.0;16.3;Càrrec;butà;Butà reparto;;False
4317;Efectiu;;05/12/2024;diciembre;2024;0.0;17.5;Càrrec;butà;Butà reparto;;False
4763;Efectiu;;20/03/2025;marzo;2025;0.0;18.5;Càrrec;butà;Butà reparto;;False
5224;Efectiu;;10/07/2025;julio;2025;0.0;19.0;Càrrec;butà;Butà reparto;;False
5231;Efectiu;;10/07/2025;julio;2025;0.0;19.0;Càrrec;butà;Butà reparto;;False
5685;Efectiu;;30/10/2025;octubre;2025;0.0;17.4;Càrrec;butà;Butà reparto;;False
5885;Efectiu;;18/12/2025;diciembre;2025;0.0;17.0;Càrrec;butà;Butà reparto;;False
6109;Efectiu;;03/02/2026;febrero;2026;0.0;16.8;Càrrec;butà;Butà reparto;;False
6312;Efectiu;;13/03/2026;marzo;2026;0.0;17.0;Càrrec;butà;Butà reparto;;False
6578;Efectiu;;08/05/2026;mayo;2026;0.0;17.0;Càrrec;butà;Butà reparto;;False
2355;BBVA;Compte;29/06/2023;junio;2023;50.1;0.0;Ingrés;ingrés_general;Cartera DP Gran;;False
2356;BBVA;Compte;29/06/2023;junio;2023;16.82;0.0;Ingrés;ingrés_general;Cartera DP Petit;;False
2402;BBVA;Compte;10/07/2023;julio;2023;480.0;0.0;Ingrés;ingrés_general;Abonament Ajuda Enric;;False
2403;BBVA;Compte;10/07/2023;julio;2023;480.0;0.0;Ingrés;ingrés_general;Abonament Ajuda Isabel;;False
2454;BBVA;Compte;21/07/2023;julio;2023;50.0;0.0;Ingrés;ingrés_general;Hisenda 50 1;;False
2455;BBVA;Compte;21/07/2023;julio;2023;100.0;0.0;Ingrés;ingrés_general;Hisenda 100;;False
2456;BBVA;Compte;21/07/2023;julio;2023;50.0;0.0;Ingrés;ingrés_general;Hisenda 50 2;;False
2494;BBVA;Compte;31/07/2023;julio;2023;19.37;0.0;Ingrés;ingrés_general;Cartera DP Petit;;False
2521;BBVA;Compte;10/08/2023;agosto;2023;480.0;0.0;Ingrés;ingrés_general;Abonament Ajuda Enric;;False
2522;BBVA;Compte;10/08/2023;agosto;2023;480.0;0.0;Ingrés;ingrés_general;Abonament Ajuda Isabel;;False
2572;BBVA;Compte;22/08/2023;agosto;2023;50.0;0.0;Ingrés;ingrés_general;Hisenda 50 1;;False
2573;BBVA;Compte;22/08/2023;agosto;2023;100.0;0.0;Ingrés;ingrés_general;Hisenda 100;;False
2574;BBVA;Compte;22/08/2023;agosto;2023;50.0;0.0;Ingrés;ingrés_general;Hisenda 50 2;;False
2587;BBVA;Compte;29/08/2023;agosto;2023;15.52;0.0;Ingrés;ingrés_general;Cartera DP Petit;;False
2597;LaCaixa;Compte;28/08/2023;agosto;2023;183.58;0.0;Ingrés;ingrés_general;Complement Generalitat;;False
2641;BBVA;Compte;11/09/2023;septiembre;2023;480.0;0.0;Ingrés;ingrés_general;Abonament Ajuda Enric;;False
2642;BBVA;Compte;11/09/2023;septiembre;2023;480.0;0.0;Ingrés;ingrés_general;Abonament Ajuda Isabel;;False
2677;BBVA;Compte;22/09/2023;septiembre;2023;50.0;0.0;Ingrés;ingrés_general;Hisenda 50 1;;False
2678;BBVA;Compte;22/09/2023;septiembre;2023;100.0;0.0;Ingrés;ingrés_general;Hisenda 100;;False
2679;BBVA;Compte;22/09/2023;septiembre;2023;50.0;0.0;Ingrés;ingrés_general;Hisenda 50 2;;False
2684;LaCaixa;Compte;26/09/2023;septiembre;2023;183.58;0.0;Ingrés;ingrés_general;Complement Generalitat;;False
2710;BBVA;Compte;30/09/2023;septiembre;2023;15.52;0.0;Ingrés;ingrés_general;Cartera DP Petit;;False
460;BBVA;Compte;28/10/2021;octubre;2021;600.0;0.0;op_banc;op_banc;Traspàs comptes;;False
461;BBVA;Compte;28/10/2021;octubre;2021;0.0;0.0;op_banc;op_banc;Traspàs comptes;;False
462;LaCaixa;Compte;28/10/2021;octubre;2021;0.0;600.0;op_banc;op_banc;Traspàs comptes;;False
480;BBVA;Compte;05/11/2021;noviembre;2021;200.0;0.0;op_banc;op_banc;Traspàs comptes;;False
500;LaCaixa;Compte;18/11/2021;noviembre;2021;0.0;800.0;op_banc;op_banc;Traspàs comptes;;False
2711;BBVA;Compte;30/09/2023;septiembre;2023;27.34;0.0;Ingrés;ingrés_general;Cartera DP Gran;;False
2752;BBVA;Compte;10/10/2023;octubre;2023;480.0;0.0;Ingrés;ingrés_general;Abonament Ajuda Enric;;False
2753;BBVA;Compte;10/10/2023;octubre;2023;480.0;0.0;Ingrés;ingrés_general;Abonament Ajuda Isabel;;False
2774;BBVA;Compte;20/10/2023;octubre;2023;50.0;0.0;Ingrés;ingrés_general;Hisenda 50 1;;False
2775;BBVA;Compte;20/10/2023;octubre;2023;50.0;0.0;Ingrés;ingrés_general;Hisenda 50 2;;False
2495;BBVA;Dèbit;31/07/2023;julio;2023;74.32;0.0;Ingrés;ingrés_general;Cartera DP Gran;;False
481;BBVA;Compte;05/11/2021;noviembre;2021;0.0;204.25;op_banc;op_banc;Pago VISA;;False
2851;BBVA;Compte;10/11/2023;noviembre;2023;480.0;0.0;Ingrés;ingrés_general;Abonament Ajuda Isabel;;False
2901;BBVA;Compte;29/11/2023;noviembre;2023;4.4;0.0;Ingrés;ingrés_general;Cartera DP Petit;;False
2902;BBVA;Compte;29/11/2023;noviembre;2023;53.09;0.0;Ingrés;ingrés_general;Cartera DP Gran;;False
2904;LaCaixa;Compte;27/11/2023;noviembre;2023;183.58;0.0;Ingrés;ingrés_general;Complement Generalitat;;False
2909;BBVA;Compte;30/10/2023;octubre;2023;100.0;0.0;Ingrés;ingrés_general;Hisenda 100;;False
2932;BBVA;Compte;30/11/2023;noviembre;2023;0.0;0.0;Ingrés;ingrés_general;Hisenda 50 1;error;False
2933;BBVA;Compte;30/11/2023;noviembre;2023;100.0;0.0;Ingrés;ingrés_general;Hisenda 100;;False
2946;BBVA;Compte;11/12/2023;diciembre;2023;480.0;0.0;Ingrés;ingrés_general;Abonament Ajuda Enric;;False
2947;BBVA;Compte;11/12/2023;diciembre;2023;480.0;0.0;Ingrés;ingrés_general;Abonament Ajuda Isabel;;False
2983;BBVA;Compte;20/12/2023;diciembre;2023;50.0;0.0;Ingrés;ingrés_general;Hisenda 50 1;;False
2984;BBVA;Compte;20/12/2023;diciembre;2023;100.0;0.0;Ingrés;ingrés_general;Hisenda 100;;False
2985;BBVA;Compte;20/12/2023;diciembre;2023;50.0;0.0;Ingrés;ingrés_general;Hisenda 50 2;;False
3004;LaCaixa;Compte;23/12/2023;diciembre;2023;183.58;0.0;Ingrés;ingrés_general;Complement Generalitat;;False
3027;BBVA;Compte;29/12/2023;diciembre;2023;50.1;0.0;Ingrés;ingrés_general;Cartera DP Gran;;False
3028;BBVA;Compte;29/12/2023;diciembre;2023;17.48;0.0;Ingrés;ingrés_general;Cartera DP Petit;;False
3066;BBVA;Compte;09/01/2024;enero;2024;480.0;0.0;Ingrés;ingrés_general;Abonament Ajuda Enric;;False
3067;BBVA;Compte;09/01/2024;enero;2024;480.0;0.0;Ingrés;ingrés_general;Abonament Ajuda Isabel;;False
499;BBVA;Compte;18/11/2021;noviembre;2021;0.0;0.0;op_banc;op_banc;Reintegre Caixer;Cotxe Mireia;False
3096;BBVA;Compte;24/01/2024;enero;2024;50.0;0.0;Ingrés;ingrés_general;Hisenda 50 1;;False
3097;BBVA;Compte;24/01/2024;enero;2024;100.0;0.0;Ingrés;ingrés_general;Hisenda 100;;False
3098;BBVA;Compte;24/01/2024;enero;2024;50.0;0.0;Ingrés;ingrés_general;Hisenda 50 2;;False
3113;BBVA;Compte;29/01/2024;enero;2024;73.06;0.0;Ingrés;ingrés_general;Cartera DP Gran;;False
3114;BBVA;Compte;29/01/2024;enero;2024;19.41;0.0;Ingrés;ingrés_general;Cartera DP Petit;;False
3119;LaCaixa;Compte;31/01/2024;enero;2024;112.88;0.0;Ingrés;ingrés_general;Complement Generalitat;;False
3151;BBVA;Compte;09/02/2024;febrero;2024;480.0;0.0;Ingrés;ingrés_general;Abonament Ajuda Enric;;False
3152;BBVA;Compte;09/02/2024;febrero;2024;480.0;0.0;Ingrés;ingrés_general;Abonament Ajuda Isabel;;False
3195;BBVA;Compte;26/02/2024;febrero;2024;50.0;0.0;Ingrés;ingrés_general;Hisenda 50 1;;False
3196;BBVA;Compte;26/02/2024;febrero;2024;50.0;0.0;Ingrés;ingrés_general;Hisenda 50 2;;False
3201;LaCaixa;Compte;26/02/2024;febrero;2024;190.32;0.0;Ingrés;ingrés_general;Complement Generalitat;;False
3211;BBVA;Compte;29/02/2024;febrero;2024;14.94;0.0;Ingrés;ingrés_general;Cartera DP Petit;;False
3212;BBVA;Compte;29/02/2024;febrero;2024;51.99;0.0;Ingrés;ingrés_general;Cartera DP Gran;;False
3238;BBVA;Compte;28/02/2023;febrero;2023;100.0;0.0;Ingrés;ingrés_general;Hisenda 100;;False
3265;BBVA;Compte;11/03/2024;marzo;2024;480.0;0.0;Ingrés;ingrés_general;Abonament Ajuda Enric;;False
3266;BBVA;Compte;11/03/2024;marzo;2024;480.0;0.0;Ingrés;ingrés_general;Abonament Ajuda Isabel;;False
3299;BBVA;Compte;20/03/2024;marzo;2024;100.0;0.0;Ingrés;ingrés_general;Hisenda 100;;False
3300;BBVA;Compte;20/03/2024;marzo;2024;50.0;0.0;Ingrés;ingrés_general;Hisenda 50 1;;False
2882;BBVA;Dèbit;21/11/2023;noviembre;2023;50.0;0.0;Ingrés;ingrés_general;Hisenda 50 1;;False
3816;BBVA;Compte;31/07/2024;julio;2024;0.0;337.14;Càrrec;despesa_general;Crèdit Cotxe;;False
4050;BBVA;Compte;30/09/2024;septiembre;2024;0.0;337.14;Càrrec;despesa_general;Crèdit Cotxe;;False
4169;BBVA;Compte;31/10/2024;octubre;2024;0.0;337.14;Càrrec;despesa_general;Crèdit Cotxe;;False
4421;BBVA;Compte;31/12/2024;diciembre;2024;0.0;337.14;Càrrec;despesa_general;Crèdit Cotxe;;False
4654;BBVA;Compte;28/02/2025;febrero;2025;0.0;337.14;Càrrec;despesa_general;Crèdit Cotxe;;False
4934;BBVA;Compte;30/04/2025;abril;2025;0.0;337.14;Càrrec;despesa_general;Crèdit Cotxe;;False
5086;BBVA;Compte;31/05/2025;mayo;2025;0.0;337.14;Càrrec;despesa_general;Crèdit Cotxe;;False
5452;BBVA;Compte;31/08/2025;agosto;2025;0.0;337.14;Càrrec;despesa_general;Crèdit Cotxe;;False
5930;BBVA;Compte;31/12/2025;diciembre;2025;0.0;337.14;Càrrec;despesa_general;Crèdit Cotxe;;False
6080;BBVA;Compte;31/01/2026;enero;2026;0.0;337.14;Càrrec;despesa_general;Crèdit Cotxe;;False
6222;BBVA;Compte;28/02/2026;febrero;2026;0.0;337.14;Càrrec;despesa_general;Crèdit Cotxe;;False
6367;BBVA;Compte;31/03/2026;marzo;2026;0.0;337.14;Càrrec;despesa_general;Crèdit Cotxe;;False
6523;BBVA;Compte;30/04/2026;abril;2026;0.0;337.14;Càrrec;despesa_general;Crèdit Cotxe;;False
6656;BBVA;Compte;31/05/2026;mayo;2026;0.0;337.14;Càrrec;despesa_general;Crèdit Cotxe;;False
2883;BBVA;Dèbit;21/11/2023;noviembre;2023;50.0;0.0;Ingrés;ingrés_general;Hisenda 50 2;;False
533;BBVA;Compte;03/12/2021;diciembre;2021;0.0;238.14;op_banc;op_banc;Pago VISA;;False
3380;BBVA;Compte;10/04/2024;abril;2024;96.0;0.0;Ingrés;ingrés_general;Abonament Ajuda Isabel;;False
3381;BBVA;Compte;10/04/2024;abril;2024;368.0;0.0;Ingrés;ingrés_general;Abonament Ajuda Enric;;False
3409;BBVA;Compte;19/04/2024;abril;2024;50.0;0.0;Ingrés;ingrés_general;Hisenda 50 1;;False
3410;BBVA;Compte;19/04/2024;abril;2024;100.0;0.0;Ingrés;ingrés_general;Hisenda 100;;False
3411;BBVA;Compte;19/04/2024;abril;2024;50.0;0.0;Ingrés;ingrés_general;Hisenda 50 2;;False
522;BBVA;Compte;29/11/2021;noviembre;2021;0.0;0.0;op_banc;op_banc;Traspàs comptes;;False
523;LaCaixa;Compte;29/11/2021;noviembre;2021;0.0;800.0;op_banc;op_banc;Traspàs comptes;;False
525;BBVA;Compte;30/11/2021;noviembre;2021;750.0;0.0;op_banc;op_banc;Traspàs comptes;;False
536;BBVA;Compte;03/12/2021;diciembre;2021;100.0;0.0;op_banc;op_banc;Traspàs comptes;;False
537;BBVA;Compte;03/12/2021;diciembre;2021;0.0;0.0;op_banc;op_banc;Traspàs comptes;;False
538;LaCaixa;Compte;03/12/2021;diciembre;2021;0.0;100.0;op_banc;op_banc;Traspàs comptes;;False
546;BBVA;Dèbit;09/12/2021;diciembre;2021;0.0;180.0;op_banc;op_banc;Reintegre Caixer;;False
547;BBVA;Dèbit;13/12/2021;diciembre;2021;0.0;50.0;op_banc;op_banc;Reintegre Caixer;;False
551;BBVA;Dèbit;14/12/2021;diciembre;2021;0.0;20.0;op_banc;op_banc;Reintegre Caixer;;False
553;BBVA;Dèbit;15/12/2021;diciembre;2021;0.0;20.0;op_banc;op_banc;Reintegre Caixer;;False
562;BBVA;Dèbit;20/12/2021;diciembre;2021;0.0;50.0;op_banc;op_banc;Reintegre Caixer;;False
3439;LaCaixa;Compte;27/04/2024;abril;2024;151.6;0.0;Ingrés;ingrés_general;Complement Generalitat;;False
3452;BBVA;Compte;29/04/2024;abril;2024;20.11;0.0;Ingrés;ingrés_general;Cartera DP Petit;;False
3453;BBVA;Compte;29/04/2024;abril;2024;44.84;0.0;Ingrés;ingrés_general;Cartera DP Gran;;False
3527;BBVA;Compte;22/05/2024;mayo;2024;50.0;0.0;Ingrés;ingrés_general;Hisenda 50 1;;False
3528;BBVA;Compte;22/05/2024;mayo;2024;100.0;0.0;Ingrés;ingrés_general;Hisenda 100;;False
3529;BBVA;Compte;22/05/2024;mayo;2024;50.0;0.0;Ingrés;ingrés_general;Hisenda 50 2;;False
3553;LaCaixa;Compte;27/05/2024;mayo;2024;151.6;0.0;Ingrés;ingrés_general;Complement Generalitat;;False
3555;BBVA;Compte;29/05/2024;mayo;2024;44.66;0.0;Ingrés;ingrés_general;Cartera DP Gran;;False
3556;BBVA;Compte;29/05/2024;mayo;2024;32.4;0.0;Ingrés;ingrés_general;Cartera DP Petit;;False
3658;BBVA;Compte;21/06/2024;junio;2024;50.0;0.0;Ingrés;ingrés_general;Hisenda 50 1;;False
3659;BBVA;Compte;21/06/2024;junio;2024;100.0;0.0;Ingrés;ingrés_general;Hisenda 100;;False
3660;BBVA;Compte;21/06/2024;junio;2024;50.0;0.0;Ingrés;ingrés_general;Hisenda 50 2;;False
3677;BBVA;Compte;25/06/2024;junio;2024;445.53;0.0;Ingrés;ingrés_general;Paga extra Enric;;False
3679;BBVA;Compte;25/06/2024;junio;2024;448.73;0.0;Ingrés;ingrés_general;Paga extra Isabel;;False
3703;BBVA;Compte;30/06/2024;junio;2024;17.92;0.0;Ingrés;ingrés_general;Cartera DP Petit;;False
3704;BBVA;Compte;30/06/2024;junio;2024;56.64;0.0;Ingrés;ingrés_general;Cartera DP Gran;;False
3705;LaCaixa;Compte;25/06/2024;junio;2024;151.6;0.0;Ingrés;ingrés_general;Complement Generalitat;;False
3783;BBVA;Compte;22/07/2024;julio;2024;50.0;0.0;Ingrés;ingrés_general;Hisenda 50 1;;False
3784;BBVA;Compte;22/07/2024;julio;2024;100.0;0.0;Ingrés;ingrés_general;Hisenda 100;;False
3785;BBVA;Compte;22/07/2024;julio;2024;50.0;0.0;Ingrés;ingrés_general;Hisenda 50 2;;False
3792;BBVA;Compte;25/07/2024;julio;2024;897.46;0.0;Ingrés;ingrés_general;Paga extra Isabel;;False
3805;BBVA;Compte;29/07/2024;julio;2024;47.02;0.0;Ingrés;ingrés_general;Cartera DP Gran;;False
3806;BBVA;Compte;29/07/2024;julio;2024;17.97;0.0;Ingrés;ingrés_general;Cartera DP Petit;;False
3390;BBVA;Compte;12/04/2024;abril;2024;1121.01;0.0;Ingrés;ingrés_general;Pensió Enric;;False
3308;BBVA;Compte;22/03/2024;marzo;2024;886.86;0.0;Ingrés;ingrés_general;Pensió Isabel;;False
3436;BBVA;Compte;25/04/2024;abril;2024;897.46;0.0;Ingrés;ingrés_general;Pensió Isabel;;False
3533;BBVA;Compte;25/05/2024;mayo;2024;897.46;0.0;Ingrés;ingrés_general;Pensió Isabel;;False
584;BBVA;Compte;29/12/2021;diciembre;2021;600.0;0.0;op_banc;op_banc;Traspàs comptes;;False
587;BBVA;Compte;29/12/2021;diciembre;2021;0.0;0.0;op_banc;op_banc;Traspàs comptes;;False
589;LaCaixa;Compte;29/12/2021;diciembre;2021;0.0;700.0;op_banc;op_banc;Traspàs comptes;;False
607;BBVA;Dèbit;03/01/2022;enero;2022;0.0;50.0;op_banc;op_banc;Reintegre Caixer;;False
3678;BBVA;Compte;25/06/2024;junio;2024;897.46;0.0;Ingrés;ingrés_general;Pensió Isabel;;False
3319;LaCaixa;Compte;24/03/2024;marzo;2024;517.9;0.0;Ingrés;ingrés_general;Pensió no contributiva;;False
3438;LaCaixa;Compte;27/04/2024;abril;2024;517.9;0.0;Ingrés;ingrés_general;Pensió no contributiva;;False
3538;LaCaixa;Compte;25/05/2024;mayo;2024;517.9;0.0;Ingrés;ingrés_general;Pensió no contributiva;;False
3670;LaCaixa;Compte;24/06/2024;junio;2024;1035.8;0.0;Ingrés;ingrés_general;Pensió no contributiva;;False
3935;BBVA;Compte;29/08/2024;agosto;2024;43.91;0.0;Ingrés;ingrés_general;Cartera DP Gran;;False
4025;BBVA;Compte;24/09/2024;septiembre;2024;50.0;0.0;Ingrés;ingrés_general;Hisenda 50 1;;False
4026;BBVA;Compte;24/09/2024;septiembre;2024;100.0;0.0;Ingrés;ingrés_general;Hisenda 100;;False
588;BBVA;Compte;29/12/2021;diciembre;2021;0.0;100.0;op_banc;op_banc;Reintegre Caixer;;False
4027;BBVA;Compte;24/09/2024;septiembre;2024;50.0;0.0;Ingrés;ingrés_general;Hisenda 50 2;;False
4037;LaCaixa;Compte;26/09/2024;septiembre;2024;151.6;0.0;Ingrés;ingrés_general;Complement Generalitat;;False
4055;BBVA;Compte;30/09/2024;septiembre;2024;13.65;0.0;Ingrés;ingrés_general;Cartera DP Petit;;False
4056;BBVA;Compte;30/09/2024;septiembre;2024;43.91;0.0;Ingrés;ingrés_general;Cartera DP Gran;;False
4118;BBVA;Compte;21/10/2024;octubre;2024;50.0;0.0;Ingrés;ingrés_general;Hisenda 50 1;;False
4119;BBVA;Compte;21/10/2024;octubre;2024;100.0;0.0;Ingrés;ingrés_general;Hisenda 100;;False
4120;BBVA;Compte;21/10/2024;octubre;2024;50.0;0.0;Ingrés;ingrés_general;Hisenda 50 2;;False
4148;LaCaixa;Compte;25/10/2024;octubre;2024;151.6;0.0;Ingrés;ingrés_general;Complement Generalitat;;False
4160;BBVA;Compte;29/10/2024;octubre;2024;17.99;0.0;Ingrés;ingrés_general;Cartera DP Petit;;False
4161;BBVA;Compte;29/10/2024;octubre;2024;47.02;0.0;Ingrés;ingrés_general;Cartera DP Gran;;False
4246;BBVA;Compte;20/11/2024;noviembre;2024;50.0;0.0;Ingrés;ingrés_general;Hisenda 50 1;;False
4247;BBVA;Compte;20/11/2024;noviembre;2024;100.0;0.0;Ingrés;ingrés_general;Hisenda 100;;False
4248;BBVA;Compte;20/11/2024;noviembre;2024;50.0;0.0;Ingrés;ingrés_general;Hisenda 50 2;;False
4268;BBVA;Compte;25/11/2024;noviembre;2024;891.06;0.0;Ingrés;ingrés_general;Paga extra Enric;;False
4270;BBVA;Compte;25/11/2024;noviembre;2024;897.46;0.0;Ingrés;ingrés_general;Paga extra Isabel;;False
4277;LaCaixa;Compte;26/11/2024;noviembre;2024;151.6;0.0;Ingrés;ingrés_general;Complement Generalitat;;False
4293;BBVA;Compte;29/11/2024;noviembre;2024;43.91;0.0;Ingrés;ingrés_general;Cartera DP Gran;;False
4294;BBVA;Compte;29/11/2024;noviembre;2024;13.68;0.0;Ingrés;ingrés_general;Cartera DP Petit;;False
609;BBVA;Compte;04/01/2022;enero;2022;0.0;40.0;op_banc;varis;Bizum;Mireia;False
4368;BBVA;Compte;21/12/2024;diciembre;2024;50.0;0.0;Ingrés;ingrés_general;Hisenda 50 1;;False
4369;BBVA;Compte;21/12/2024;diciembre;2024;100.0;0.0;Ingrés;ingrés_general;Hisenda 100;;False
612;BBVA;Compte;05/01/2022;enero;2022;0.0;239.59;op_banc;op_banc;Pago VISA;;False
4370;BBVA;Compte;21/12/2024;diciembre;2024;50.0;0.0;Ingrés;ingrés_general;Hisenda 50 2;;False
3911;BBVA;Compte;25/08/2024;agosto;2024;897.46;0.0;Ingrés;ingrés_general;Pensió Isabel;;False
4031;BBVA;Compte;25/09/2024;septiembre;2024;897.46;0.0;Ingrés;ingrés_general;Pensió Isabel;;False
4130;BBVA;Compte;25/10/2024;octubre;2024;897.46;0.0;Ingrés;ingrés_general;Pensió Isabel;;False
4269;BBVA;Compte;25/11/2024;noviembre;2024;897.46;0.0;Ingrés;ingrés_general;Pensió Isabel;;False
3810;LaCaixa;Compte;24/07/2024;julio;2024;517.9;0.0;Ingrés;ingrés_general;Pensió no contributiva;;False
3930;LaCaixa;Compte;24/08/2024;agosto;2024;517.9;0.0;Ingrés;ingrés_general;Pensió no contributiva;;False
4029;LaCaixa;Compte;24/09/2024;septiembre;2024;517.9;0.0;Ingrés;ingrés_general;Pensió no contributiva;;False
4147;LaCaixa;Compte;24/10/2024;octubre;2024;517.9;0.0;Ingrés;ingrés_general;Pensió no contributiva;;False
4276;LaCaixa;Compte;24/11/2024;noviembre;2024;1035.8;0.0;Ingrés;ingrés_general;Pensió no contributiva;;False
4407;BBVA;Dèbit;26/12/2024;diciembre;2024;897.46;0.0;Ingrés;ingrés_general;Pensió Isabel;;False
4540;BBVA;Compte;29/01/2025;enero;2025;18.02;0.0;Ingrés;ingrés_general;Cartera DP Petit;;False
4647;BBVA;Compte;26/02/2025;febrero;2025;50.0;0.0;Ingrés;ingrés_general;Hisenda 50 1;;False
4648;BBVA;Compte;26/02/2025;febrero;2025;100.0;0.0;Ingrés;ingrés_general;Hisenda 100;;False
4649;BBVA;Compte;26/02/2025;febrero;2025;50.0;0.0;Ingrés;ingrés_general;Hisenda 50 2;;False
4650;LaCaixa;Compte;26/02/2025;febrero;2025;119.67;0.0;Ingrés;ingrés_general;Complement Generalitat;;False
626;BBVA;Dèbit;10/01/2022;enero;2022;0.0;20.0;op_banc;op_banc;Reintegre Caixer;;False
630;BBVA;Dèbit;11/01/2022;enero;2022;0.0;20.0;op_banc;op_banc;Reintegre Caixer;;False
637;BBVA;Dèbit;17/01/2022;enero;2022;0.0;20.0;op_banc;op_banc;Reintegre Caixer;;False
644;BBVA;Dèbit;20/01/2022;enero;2022;0.0;300.0;op_banc;op_banc;Reintegre Caixer;;False
657;BBVA;Dèbit;26/01/2022;enero;2022;0.0;50.0;op_banc;op_banc;Reintegre Caixer;;False
672;BBVA;Dèbit;01/02/2022;febrero;2022;0.0;20.0;op_banc;op_banc;Reintegre Caixer;;False
679;BBVA;Dèbit;03/02/2022;febrero;2022;0.0;20.0;op_banc;op_banc;Reintegre Caixer;;False
4673;BBVA;Compte;28/02/2025;febrero;2025;14.05;0.0;Ingrés;ingrés_general;Cartera DP Petit;;False
4674;BBVA;Compte;02/02/2025;febrero;2025;42.01;0.0;Ingrés;ingrés_general;Cartera DP Gran;;False
4755;BBVA;Compte;21/03/2025;marzo;2025;100.0;0.0;Ingrés;ingrés_general;Hisenda 100;;False
4756;BBVA;Compte;21/03/2025;marzo;2025;50.0;0.0;Ingrés;ingrés_general;Hisenda 50 1;;False
4782;LaCaixa;Compte;27/03/2025;marzo;2025;119.67;0.0;Ingrés;ingrés_general;Complement Generalitat;;False
4801;BBVA;Compte;31/03/2025;marzo;2025;42.01;0.0;Ingrés;ingrés_general;Cartera DP Gran;;False
4802;BBVA;Compte;31/03/2025;marzo;2025;14.35;0.0;Ingrés;ingrés_general;Cartera DP Petit;;False
4893;BBVA;Compte;23/04/2025;abril;2025;50.0;0.0;Ingrés;ingrés_general;Hisenda 50 1;;False
4894;BBVA;Compte;23/04/2025;abril;2025;50.0;0.0;Ingrés;ingrés_general;Hisenda 50 2;;False
4895;BBVA;Compte;23/04/2025;abril;2025;100.0;0.0;Ingrés;ingrés_general;Hisenda 100;;False
4928;BBVA;Compte;29/04/2025;abril;2025;45.3;0.0;Ingrés;ingrés_general;Cartera DP Gran;;False
4936;BBVA;Compte;30/04/2025;abril;2025;19.65;0.0;Ingrés;ingrés_general;Cartera DP Petit;;False
5022;BBVA;Compte;20/05/2025;mayo;2025;100.0;0.0;Ingrés;ingrés_general;Hisenda 100;;False
5023;BBVA;Compte;20/05/2025;mayo;2025;50.0;0.0;Ingrés;ingrés_general;Hisenda 50 1;;False
5026;BBVA;Compte;22/05/2025;mayo;2025;50.0;0.0;Ingrés;ingrés_general;Hisenda 50 2;;False
5054;LaCaixa;Compte;27/05/2025;mayo;2025;119.67;0.0;Ingrés;ingrés_general;Complement Generalitat;;False
5080;BBVA;Compte;29/05/2025;mayo;2025;42.01;0.0;Ingrés;ingrés_general;Cartera DP Gran;;False
5081;BBVA;Compte;29/05/2025;mayo;2025;35.06;0.0;Ingrés;ingrés_general;Cartera DP Petit;;False
4525;BBVA;Compte;27/01/2025;enero;2025;916.01;0.0;Ingrés;ingrés_general;Pensió Enric;;False
4526;BBVA;Compte;27/01/2025;enero;2025;926.13;0.0;Ingrés;ingrés_general;Pensió Isabel;;False
4639;BBVA;Compte;25/02/2025;febrero;2025;926.13;0.0;Ingrés;ingrés_general;Pensió Isabel;;False
4776;BBVA;Compte;25/03/2025;marzo;2025;926.13;0.0;Ingrés;ingrés_general;Pensió Isabel;;False
4909;BBVA;Compte;26/04/2025;abril;2025;926.13;0.0;Ingrés;ingrés_general;Pensió Isabel;;False
5035;BBVA;Compte;25/05/2025;mayo;2025;926.13;0.0;Ingrés;ingrés_general;Pensió Isabel;;False
4460;LaCaixa;Compte;24/12/2024;diciembre;2024;517.9;0.0;Ingrés;ingrés_general;Pensió no contributiva;;False
4531;LaCaixa;Compte;24/01/2025;enero;2025;564.7;0.0;Ingrés;ingrés_general;Pensió no contributiva;;False
4631;LaCaixa;Compte;25/02/2025;febrero;2025;564.7;0.0;Ingrés;ingrés_general;Pensió no contributiva;;False
4773;LaCaixa;Compte;25/03/2025;marzo;2025;564.7;0.0;Ingrés;ingrés_general;Pensió no contributiva;;False
5183;BBVA;Compte;30/06/2025;junio;2025;17.25;0.0;Ingrés;ingrés_general;Cartera DP Petit;;False
5184;BBVA;Compte;30/06/2025;junio;2025;42.01;0.0;Ingrés;ingrés_general;Cartera DP Gran;;False
5262;BBVA;Compte;18/07/2025;julio;2025;50.0;0.0;Ingrés;ingrés_general;Hisenda 50 1;;False
5263;BBVA;Compte;18/07/2025;julio;2025;100.0;0.0;Ingrés;ingrés_general;Hisenda 100;;False
5264;BBVA;Compte;18/07/2025;julio;2025;50.0;0.0;Ingrés;ingrés_general;Hisenda 50 2;;False
5304;BBVA;Compte;29/07/2025;julio;2025;45.3;0.0;Ingrés;ingrés_general;Cartera DP Gran;;False
5305;BBVA;Compte;29/07/2025;julio;2025;19.89;0.0;Ingrés;ingrés_general;Cartera DP Petit;;False
5311;LaCaixa;Compte;28/07/2025;julio;2025;119.67;0.0;Ingrés;ingrés_general;Complement Generalitat;;False
5412;BBVA;Compte;26/08/2025;agosto;2025;50.0;0.0;Ingrés;ingrés_general;Hisenda 50 1;;False
5413;BBVA;Compte;26/08/2025;agosto;2025;100.0;0.0;Ingrés;ingrés_general;Hisenda 100;;False
5414;BBVA;Compte;26/08/2025;agosto;2025;50.0;0.0;Ingrés;ingrés_general;Hisenda 50 2;;False
5435;LaCaixa;Compte;26/08/2025;agosto;2025;119.67;0.0;Ingrés;ingrés_general;Complement Generalitat;;False
683;BBVA;Compte;04/02/2022;febrero;2022;0.0;342.69;op_banc;op_banc;Pago VISA;;False
5446;BBVA;Compte;31/08/2025;agosto;2025;42.01;0.0;Ingrés;ingrés_general;Cartera DP Gran;;False
5447;BBVA;Compte;31/08/2025;agosto;2025;15.26;0.0;Ingrés;ingrés_general;Cartera DP Petit;;False
5537;BBVA;Compte;22/09/2025;septiembre;2025;50.0;0.0;Ingrés;ingrés_general;Hisenda 50 1;;False
5538;BBVA;Compte;22/09/2025;septiembre;2025;100.0;0.0;Ingrés;ingrés_general;Hisenda 100;;False
5539;BBVA;Compte;22/09/2025;septiembre;2025;50.0;0.0;Ingrés;ingrés_general;Hisenda 50 2;;False
5569;LaCaixa;Compte;26/09/2025;septiembre;2025;119.67;0.0;Ingrés;ingrés_general;Complement Generalitat;;False
1517;BBVA;Dèbit;28/10/2022;octubre;2022;0.0;67.82;Càrrec;menjar;El Corte Inglés;;False
686;BBVA;Dèbit;07/02/2022;febrero;2022;0.0;20.0;op_banc;op_banc;Reintegre Caixer;;False
696;BBVA;Dèbit;14/02/2022;febrero;2022;0.0;50.0;op_banc;op_banc;Reintegre Caixer;;False
6696;TradeRep.;Dèbit;05/06/2026;junio;2026;0.0;42.18;Càrrec;menjar;El Corte Inglés;;False
702;BBVA;Dèbit;16/02/2022;febrero;2022;0.0;140.0;op_banc;op_banc;Reintegre Caixer;;False
6697;TradeRep.;Dèbit;05/06/2026;junio;2026;0.0;1.2;Càrrec;neteja;El Corte Inglés;;False
706;BBVA;Dèbit;21/02/2022;febrero;2022;0.0;20.0;op_banc;op_banc;Reintegre Caixer;;False
716;BBVA;Dèbit;25/02/2022;febrero;2022;0.0;50.0;op_banc;op_banc;Reintegre Caixer;;False
5573;BBVA;Compte;30/09/2025;septiembre;2025;42.01;0.0;Ingrés;ingrés_general;Cartera DP Gran;;False
5574;BBVA;Compte;30/09/2025;septiembre;2025;15.26;0.0;Ingrés;ingrés_general;Cartera DP Petit;;False
5657;BBVA;Compte;24/10/2025;octubre;2025;50.0;0.0;Ingrés;ingrés_general;Hisenda 50 1;;False
5658;BBVA;Compte;24/10/2025;octubre;2025;50.0;0.0;Ingrés;ingrés_general;Hisenda 50 2;;False
5669;LaCaixa;Compte;27/10/2025;octubre;2025;119.67;0.0;Ingrés;ingrés_general;Complement Generalitat;;False
5681;BBVA;Compte;30/10/2025;octubre;2025;45.3;0.0;Ingrés;ingrés_general;Cartera DP Gran;;False
5682;BBVA;Compte;30/10/2025;octubre;2025;19.9;0.0;Ingrés;ingrés_general;Cartera DP Petit;;False
5741;BBVA;Compte;31/10/2025;octubre;2025;100.0;0.0;Ingrés;ingrés_general;Hisenda 100;;False
5765;BBVA;Compte;21/11/2025;noviembre;2025;50.0;0.0;Ingrés;ingrés_general;Hisenda 50 1;;False
5164;BBVA;Compte;25/06/2025;junio;2025;926.13;0.0;Ingrés;ingrés_general;Pensió Isabel;;False
5281;BBVA;Compte;25/07/2025;julio;2025;926.13;0.0;Ingrés;ingrés_general;Pensió Isabel;;False
5408;BBVA;Compte;25/08/2025;agosto;2025;926.13;0.0;Ingrés;ingrés_general;Pensió Isabel;;False
5559;BBVA;Compte;25/09/2025;septiembre;2025;926.13;0.0;Ingrés;ingrés_general;Pensió Isabel;;False
3475;T.CorteInglés;T.CorteInglés;02/05/2024;mayo;2024;0.0;5.8;Càrrec;neteja;El Corte Inglés;;False
1518;T.CorteInglés;T.CorteInglés;28/10/2022;octubre;2022;0.0;25.85;Càrrec;menjar;El Corte Inglés;;False
1616;T.CorteInglés;T.CorteInglés;14/11/2022;noviembre;2022;0.0;50.28;Càrrec;menjar;El Corte Inglés;;False
2569;T.CorteInglés;T.CorteInglés;18/08/2023;agosto;2023;0.0;52.24;Càrrec;menjar;El Corte Inglés;;False
3886;T.CorteInglés;T.CorteInglés;14/08/2024;agosto;2024;0.0;39.99;Càrrec;rebost;El Corte Inglés;;False
3887;T.CorteInglés;T.CorteInglés;14/08/2024;agosto;2024;0.0;19.49;Càrrec;neteja;El Corte Inglés;;False
4066;T.CorteInglés;T.CorteInglés;01/10/2024;octubre;2024;0.0;55.83;Càrrec;neteja;El Corte Inglés;;False
4067;T.CorteInglés;T.CorteInglés;01/10/2024;octubre;2024;0.0;13.58;Càrrec;rebost;El Corte Inglés;;False
4134;T.CorteInglés;T.CorteInglés;23/10/2024;octubre;2024;0.0;37.81;Càrrec;menjar;El Corte Inglés;;False
4135;T.CorteInglés;T.CorteInglés;23/10/2024;octubre;2024;0.0;13.32;Càrrec;rebost;El Corte Inglés;;False
4136;T.CorteInglés;T.CorteInglés;23/10/2024;octubre;2024;0.0;20.86;Càrrec;neteja;El Corte Inglés;;False
4725;T.CorteInglés;T.CorteInglés;12/03/2025;marzo;2025;0.0;43.38;Càrrec;menjar;El Corte Inglés;;False
6017;T.CorteInglés;T.CorteInglés;10/01/2026;enero;2026;0.0;50.29;Càrrec;menjar;El Corte Inglés;;False
6018;T.CorteInglés;T.CorteInglés;10/01/2026;enero;2026;0.0;24.16;Càrrec;neteja;El Corte Inglés;;False
5664;BBVA;Compte;25/10/2025;octubre;2025;926.13;0.0;Ingrés;ingrés_general;Pensió Isabel;;False
5170;LaCaixa;Compte;25/06/2025;junio;2025;1129.4;0.0;Ingrés;ingrés_general;Pensió no contributiva;;False
5310;LaCaixa;Compte;24/07/2025;julio;2025;564.7;0.0;Ingrés;ingrés_general;Pensió no contributiva;;False
5434;LaCaixa;Compte;24/08/2025;agosto;2025;564.7;0.0;Ingrés;ingrés_general;Pensió no contributiva;;False
5568;LaCaixa;Compte;24/09/2025;septiembre;2025;564.7;0.0;Ingrés;ingrés_general;Pensió no contributiva;;False
5656;LaCaixa;Compte;24/10/2025;octubre;2025;564.7;0.0;Ingrés;ingrés_general;Pensió no contributiva;;False
6044;BBVA;Compte;22/01/2026;enero;2026;100.0;0.0;Ingrés;ingrés_general;Hisenda 100;;False
6045;BBVA;Compte;23/01/2026;enero;2026;50.0;0.0;Ingrés;ingrés_general;Hisenda 50 1;;False
6046;BBVA;Compte;23/01/2026;enero;2026;50.0;0.0;Ingrés;ingrés_general;Hisenda 50 2;;False
6076;LaCaixa;Compte;29/01/2026;enero;2026;68.25;0.0;Ingrés;ingrés_general;Complement Generalitat;;False
6077;BBVA;Compte;29/01/2026;enero;2026;19.94;0.0;Ingrés;ingrés_general;Cartera DP Petit;;False
6078;BBVA;Compte;29/01/2026;enero;2026;66.84;0.0;Ingrés;ingrés_general;Cartera DP Gran;;False
6207;BBVA;Compte;27/02/2026;febrero;2026;50.0;0.0;Ingrés;ingrés_general;Hisenda 50 1;;False
6208;BBVA;Compte;27/02/2026;febrero;2026;50.0;0.0;Ingrés;ingrés_general;Hisenda 50 2;;False
6217;LaCaixa;Compte;25/02/2026;febrero;2026;68.25;0.0;Ingrés;ingrés_general;Complement Generalitat;;False
6227;BBVA;Compte;28/02/2026;febrero;2026;15.71;0.0;Ingrés;ingrés_general;Cartera DP Petit;;False
6228;BBVA;Compte;28/02/2026;febrero;2026;45.4;0.0;Ingrés;ingrés_general;Cartera DP Gran;;False
6330;BBVA;Compte;23/03/2026;marzo;2026;50.0;0.0;Ingrés;ingrés_general;Hisenda 50 1;;False
6331;BBVA;Compte;23/03/2026;marzo;2026;50.0;0.0;Ingrés;ingrés_general;Hisenda 50 2;;False
744;BBVA;Compte;04/03/2022;marzo;2022;0.0;70.48;op_banc;op_banc;Pago VISA;;False
1219;Efectiu;;02/08/2022;agosto;2022;0.0;11.6;Càrrec;farmàcia;Farmàcia;;False
1337;Efectiu;;14/03/2022;marzo;2022;0.0;4.9;Càrrec;farmàcia;Farmàcia;;False
1453;Efectiu;;08/10/2022;octubre;2022;0.0;8.9;Càrrec;farmàcia;Farmàcia;;False
1473;Efectiu;;18/10/2022;octubre;2022;0.0;0.87;Càrrec;farmàcia;Farmàcia;;False
1817;Efectiu;;11/01/2023;enero;2023;0.0;10.06;Càrrec;farmàcia;Farmàcia;;False
2047;Efectiu;;26/03/2023;marzo;2023;0.0;2.98;Càrrec;farmàcia;Farmàcia;;False
2118;Efectiu;;17/04/2023;abril;2023;0.0;15.71;Càrrec;farmàcia;Farmàcia;;False
2218;Efectiu;;10/05/2023;mayo;2023;0.0;6.7;Càrrec;farmàcia;Farmàcia;;False
2219;Efectiu;;13/05/2023;mayo;2023;0.0;9.96;Càrrec;farmàcia;Farmàcia;;False
2247;Efectiu;;21/05/2023;mayo;2023;0.0;7.44;Càrrec;farmàcia;Farmàcia;;False
2338;Efectiu;;21/06/2023;junio;2023;0.0;10.4;Càrrec;farmàcia;Farmàcia;;False
2758;Efectiu;;11/10/2023;octubre;2023;0.0;3.96;Càrrec;farmàcia;Farmàcia;;False
2957;Efectiu;;14/12/2023;diciembre;2023;0.0;4.6;Càrrec;farmàcia;Farmàcia;;False
3338;Efectiu;;31/03/2024;marzo;2024;0.0;2.9;Càrrec;farmàcia;Farmàcia;;False
3756;BBVA;VISA;13/07/2024;julio;2024;0.0;26.89;Càrrec;farmàcia;Farmàcia;Halley + Anginovac;False
5074;Efectiu;;28/05/2025;mayo;2025;0.0;9.0;Càrrec;farmàcia;Farmàcia;;False
5588;Efectiu;;02/10/2025;octubre;2025;0.0;4.8;Càrrec;farmàcia;Farmàcia;;False
5652;Efectiu;;23/10/2025;octubre;2025;0.0;4.0;Càrrec;farmàcia;Farmàcia;;False
467;BBVA;Dèbit;02/11/2021;noviembre;2021;0.0;7.57;Càrrec;farmàcia;Farmàcia;;False
579;BBVA;Dèbit;27/12/2021;diciembre;2021;0.0;4.87;Càrrec;farmàcia;Farmàcia;;False
648;BBVA;Dèbit;21/01/2022;enero;2022;0.0;13.95;Càrrec;farmàcia;Farmàcia;antigens;False
754;BBVA;Compte;07/03/2022;marzo;2022;0.0;0.0;op_banc;op_banc;Traspàs comptes;;False
757;LaCaixa;Compte;07/03/2022;marzo;2022;0.0;500.0;op_banc;op_banc;Traspàs comptes;;False
748;BBVA;Dèbit;07/03/2022;marzo;2022;0.0;22.38;Càrrec;farmàcia;Farmàcia;Ajuda Ucraina;False
1053;BBVA;Dèbit;23/06/2022;junio;2022;0.0;11.94;Càrrec;farmàcia;Farmàcia;;False
1069;BBVA;Dèbit;29/06/2022;junio;2022;0.0;21.97;Càrrec;farmàcia;Farmàcia;;False
1117;BBVA;Dèbit;11/07/2022;julio;2022;0.0;29.35;Càrrec;farmàcia;Farmàcia;;False
1190;BBVA;Dèbit;16/08/2022;agosto;2022;0.0;15.48;Càrrec;farmàcia;Farmàcia;;False
5781;BBVA;Compte;25/11/2025;noviembre;2025;916.01;0.0;Ingrés;ingrés_general;Pensió Enric;;False
5912;BBVA;Compte;26/12/2025;diciembre;2025;916.01;0.0;Ingrés;ingrés_general;Pensió Enric;;False
6060;BBVA;Compte;25/01/2026;enero;2026;940.74;0.0;Ingrés;ingrés_general;Pensió Enric;;False
6204;BBVA;Compte;25/02/2026;febrero;2026;940.74;0.0;Ingrés;ingrés_general;Pensió Enric;;False
6334;BBVA;Compte;25/03/2026;marzo;2026;940.74;0.0;Ingrés;ingrés_general;Pensió Enric;;False
6766;BBVA;Compte;25/06/2026;junio;2026;940.74;0.0;Ingrés;ingrés_general;Paga extra Enric;;False
6768;BBVA;Compte;25/06/2026;junio;2026;951.2;0.0;Ingrés;ingrés_general;Pensió Isa;;False
6767;BBVA;Compte;25/06/2026;junio;2026;951.2;0.0;Ingrés;ingrés_general;Paga extra Isabel;;False
6765;BBVA;Compte;25/06/2026;junio;2026;940.74;0.0;Ingrés;ingrés_general;Pensió Enric;;False
2246;BBVA;Compte;22/05/2023;mayo;2023;100.0;0.0;Ingrés;ingrés_general;Hisenda;;False
812;BBVA;Compte;31/03/2022;marzo;2022;750.0;0.0;op_banc;op_banc;Traspàs comptes;;False
815;LaCaixa;Compte;31/03/2022;marzo;2022;0.0;800.0;op_banc;op_banc;Traspàs comptes;;False
855;BBVA;Dèbit;14/04/2022;abril;2022;0.0;50.0;op_banc;op_banc;Reintegre Caixer;;False
5783;BBVA;Compte;25/11/2025;noviembre;2025;926.13;0.0;Ingrés;ingrés_general;Pensió Isabel;;False
5913;BBVA;Compte;26/12/2025;diciembre;2025;926.13;0.0;Ingrés;ingrés_general;Pensió Isabel;;False
6061;BBVA;Compte;25/01/2026;enero;2026;951.2;0.0;Ingrés;ingrés_general;Pensió Isabel;;False
6205;BBVA;Compte;25/02/2026;febrero;2026;951.2;0.0;Ingrés;ingrés_general;Pensió Isabel;;False
6335;BBVA;Compte;25/03/2026;marzo;2026;951.2;0.0;Ingrés;ingrés_general;Pensió Isabel;;False
5787;LaCaixa;Compte;24/11/2025;noviembre;2025;1129.4;0.0;Ingrés;ingrés_general;Pensió no contributiva;;False
5943;LaCaixa;Compte;24/12/2025;diciembre;2025;564.7;0.0;Ingrés;ingrés_general;Pensió no contributiva;;False
6062;LaCaixa;Compte;24/01/2026;enero;2026;628.8;0.0;Ingrés;ingrés_general;Pensió no contributiva;;False
6336;LaCaixa;Compte;24/03/2026;marzo;2026;628.8;0.0;Ingrés;ingrés_general;Pensió no contributiva;;False
6651;BBVA;Compte;29/05/2026;mayo;2026;41.9;0.0;Ingrés;ingrés_general;Cartera DP Gran;;False
826;BBVA;Compte;05/04/2022;abril;2022;0.0;166.48;op_banc;op_banc;Pago VISA;;False
6652;BBVA;Compte;29/05/2026;mayo;2026;35.48;0.0;Ingrés;ingrés_general;Cartera DP Petit;;False
4;BBVA;Compte;01/03/2021;marzo;2021;0.0;11.2;Càrrec;ingrés_general;NN Enric;;False
54;BBVA;Compte;01/04/2021;abril;2021;0.0;11.2;Càrrec;ingrés_general;NN Enric;;False
6517;BBVA;Compte;25/04/2026;abril;2026;940.74;0.0;Ingrés;ingrés_general;Pensió Enric;;False
6518;BBVA;Compte;25/04/2026;abril;2026;951.2;0.0;Ingrés;ingrés_general;Pensió Isabel;;False
6631;BBVA;Compte;25/05/2026;mayo;2026;951.2;0.0;Ingrés;ingrés_general;Pensió Isabel;;False
6526;LaCaixa;Compte;30/04/2026;abril;2026;628.8;0.0;Ingrés;ingrés_general;Pensió no contributiva;;False
6645;LaCaixa;Compte;24/05/2026;mayo;2026;628.8;0.0;Ingrés;ingrés_general;Pensió no contributiva;;False
6764;BBVA;Compte;22/06/2026;junio;2026;20.0;0.0;Ingrés;ingrés_extra;Gelt;;False
846;BBVA;Compte;11/04/2022;abril;2022;0.0;25.0;op_banc;varis;Bizum;Mireia.Tensiòmetre;False
853;BBVA;Compte;13/04/2022;abril;2022;0.0;0.0;op_banc;op_banc;Embargament;;False
6769;BBVA;Compte;25/06/2026;junio;2026;0.0;12.0;Càrrec;despesa_general;Oncolliga;;False
891;BBVA;Dèbit;27/04/2022;abril;2022;0.0;20.0;op_banc;op_banc;Reintegre Caixer;;False
903;BBVA;Dèbit;02/05/2022;mayo;2022;0.0;50.0;op_banc;op_banc;Reintegre Caixer;;False
5905;BBVA;Compte;23/12/2025;diciembre;2025;100.0;0.0;Ingrés;ingrés_general;Hisenda 100;;False
660;BBVA;Compte;28/01/2022;enero;2022;5.0;0.0;Ingrés;ingrés_extra;Bonificació BBVA;;False
3526;BBVA;Compte;22/05/2024;mayo;2024;11000.0;0.0;Ingrés;ingrés_extra;Crèdit;Cotxe;False
108;BBVA;Compte;30/04/2021;abril;2021;66.78;0.0;Ingrés;ingrés_extra;Devolució Autònom;;False
1080;BBVA;Compte;04/07/2022;julio;2022;432.51;0.0;Ingrés;ingrés_extra;Devolució Hisenda;;False
2461;BBVA;Compte;24/07/2023;julio;2023;200.0;0.0;Ingrés;ingrés_extra;Devolució Hisenda;Ajuda 200?;False
4892;BBVA;Compte;23/04/2025;abril;2025;142.19;0.0;Ingrés;ingrés_extra;Devolució Hisenda;;False
915;BBVA;Compte;05/05/2022;mayo;2022;0.0;163.82;op_banc;op_banc;Pago VISA;;False
6773;BBVA;Compte;01/07/2026;julio;2026;0.0;39.0;Càrrec;despesa_general;Endesa;;False
6774;BBVA;Compte;30/06/2026;junio;2026;0.0;489.43;Càrrec;despesa_general;Hipoteca;;False
6771;BBVA;Compte;29/06/2026;junio;2026;45.4;0.0;Ingrés;ingrés_general;Cartera DP Gran;;False
6772;BBVA;Compte;26/06/2026;junio;2026;19.21;0.0;Ingrés;ingrés_general;Cartera DP Petit;;False
6770;BBVA;Compte;26/06/2026;junio;2026;0.0;300.0;op_banc;op_banc;Traspàs comptes;Trade Rep.;False
971;LaCaixa;Compte;23/05/2022;mayo;2022;0.0;200.0;op_banc;op_banc;Traspàs comptes;;False
932;BBVA;Dèbit;09/05/2022;mayo;2022;0.0;50.0;op_banc;op_banc;Reintegre Caixer;;False
935;BBVA;Dèbit;10/05/2022;mayo;2022;0.0;20.0;op_banc;op_banc;Reintegre Caixer;;False
950;BBVA;Dèbit;16/05/2022;mayo;2022;0.0;20.0;op_banc;op_banc;Reintegre Caixer;;False
961;BBVA;Dèbit;20/05/2022;mayo;2022;0.0;50.0;op_banc;op_banc;Reintegre Caixer;;False
599;BBVA;Compte;30/12/2021;diciembre;2021;2302.11;0.0;Ingrés;ingrés_extra;Devolució Hisenda;;False
1419;Casa;;29/09/2022;septiembre;2022;55.0;0.0;Ingrés;ingrés_extra;Feina Foto;M.Bujons Bizum Mireia;False
1478;Efectiu;;19/10/2022;octubre;2022;37.0;0.0;Ingrés;ingrés_extra;Feina Foto;Olga Coris;False
1485;BBVA;Compte;21/10/2022;octubre;2022;50.0;0.0;Ingrés;ingrés_extra;Ingres Extra;;False
1586;Efectiu;;11/11/2022;noviembre;2022;66.0;0.0;Ingrés;ingrés_extra;Ingres Extra;Venda radiadors;False
1592;BBVA;Compte;15/11/2022;noviembre;2022;37.0;0.0;Ingrés;ingrés_extra;Vinted;;False
1625;Efectiu;;18/11/2022;noviembre;2022;40.0;0.0;Ingrés;ingrés_extra;Feina Foto;ferriol. 30x40;False
1626;Efectiu;;18/11/2022;noviembre;2022;725.0;0.0;Ingrés;ingrés_extra;Casament;Joan-Mariana;False
1673;Efectiu;;03/12/2022;diciembre;2022;280.0;0.0;Ingrés;ingrés_extra;Feina Foto;Lidia Cerrillo;False
1714;Casa;;16/12/2022;diciembre;2022;300.0;0.0;Ingrés;ingrés_extra;Xarrup. Estovalles;;False
1715;Efectiu;;16/12/2022;diciembre;2022;23.0;0.0;Ingrés;ingrés_extra;Feina Foto;Feli Yolanda Bonilla;False
1716;Efectiu;;16/12/2022;diciembre;2022;15.0;0.0;Ingrés;ingrés_extra;Feina Foto;Feli Natalia Bonilla;False
1717;Efectiu;;16/12/2022;diciembre;2022;40.0;0.0;Ingrés;ingrés_extra;Feina Foto;Calendaris Paqui Moreno;False
1635;BBVA;Compte;25/11/2022;noviembre;2022;85.21;0.0;Ingrés;ingrés_extra;Subvenció;Bonificació Ajuntament;False
1636;BBVA;Compte;25/11/2022;noviembre;2022;313.3;0.0;Ingrés;ingrés_extra;;Bo social tèrmic;False
969;BBVA;Compte;23/05/2022;mayo;2022;0.0;16.0;op_banc;varis;Bizum;Mireia. Llibre Santi;False
970;BBVA;Compte;23/05/2022;mayo;2022;0.0;0.0;op_banc;op_banc;Hisenda;;False
6775;BBVA;Compte;30/06/2026;junio;2026;0.0;337.14;Càrrec;despesa_general;Crèdit Cotxe;;False
220;BBVA;Compte;30/06/2021;junio;2021;0.0;0.0;op_banc;op_banc;Traspàs comptes;;False
1009;BBVA;Compte;07/06/2022;junio;2022;20.0;0.0;op_banc;op_banc;Traspàs comptes;;False
1011;BBVA;Compte;07/06/2022;junio;2022;0.0;0.0;op_banc;op_banc;Traspàs comptes;;False
1012;LaCaixa;Compte;07/06/2022;junio;2022;0.0;1020.0;op_banc;op_banc;Traspàs comptes;;False
1021;BBVA;Dèbit;13/06/2022;junio;2022;0.0;50.0;op_banc;op_banc;Reintegre Caixer;;False
1023;BBVA;Dèbit;13/06/2022;junio;2022;0.0;300.0;op_banc;op_banc;Reintegre caixer;;False
997;BBVA;Compte;03/06/2022;junio;2022;0.0;183.37;op_banc;op_banc;Pago VISA;;False
6776;BBVA;Compte;03/07/2026;julio;2026;0.0;12.9;Càrrec;assegurança;Ocaso;;False
245;LaCaixa;Compte;06/07/2021;julio;2021;0.0;100.0;op_banc;op_banc;Traspàs comptes;;False
1060;BBVA;Compte;28/06/2022;junio;2022;0.0;0.0;op_banc;op_banc;Traspàs comptes;;False
1062;BBVA;Compte;28/06/2022;junio;2022;600.0;0.0;op_banc;op_banc;Traspàs comptes;;False
1065;LaCaixa;Compte;28/06/2022;junio;2022;0.0;600.0;op_banc;op_banc;Traspàs comptes;;False
1041;BBVA;Dèbit;20/06/2022;junio;2022;0.0;50.0;op_banc;op_banc;Reintegre Caixer;;False
1050;BBVA;Dèbit;21/06/2022;junio;2022;0.0;20.0;op_banc;op_banc;Reintegre Caixer;;False
1042;BBVA;Dèbit;20/06/2022;junio;2022;0.0;18.25;Càrrec;menjar;Dia;;False
1052;BBVA;Compte;23/06/2022;junio;2022;0.0;50.0;op_banc;op_banc;Reintegre Caixer;;False
1064;Casa;Compte;28/06/2022;junio;2022;0.0;100.0;op_banc;personal;Jordi;;False
1084;BBVA;Compte;05/07/2022;julio;2022;0.0;227.64;op_banc;op_banc;Pago VISA;;False
6777;BBVA;Compte;01/07/2026;julio;2026;0.0;90.28;Càrrec;despesa_general;Piscina;;False
6778;BBVA;Compte;01/07/2026;julio;2026;0.0;42.34;Càrrec;assegurança;BBVA Asseg. Casa;;False
6779;BBVA;Compte;03/07/2026;julio;2026;0.0;423.68;op_banc;op_banc;Pago VISA;;False
3793;BBVA;Dèbit;25/07/2024;julio;2024;0.0;57.0;Càrrec;roba;Altre roba;Sports Arbúcies. Xiruques;False
1108;Casa;Efectiu;11/07/2022;julio;2022;100.0;0.0;op_banc;op_banc;Traspàs comptes;;False
3808;BBVA;Dèbit;30/07/2024;julio;2024;0.0;40.54;Càrrec;neteja;Action Girona;Devolució barbacoa;False
4003;BBVA;Dèbit;20/09/2024;septiembre;2024;0.0;48.5;Càrrec;gasolina;Gasolina altres;EasyGas. Irún;False
4255;BBVA;Dèbit;25/11/2024;noviembre;2024;0.0;1.5;Càrrec;restaurant;Bar;Cafè Cervantes;False
4476;BBVA;Dèbit;10/01/2025;enero;2025;0.0;6.75;Càrrec;restaurant;Bar;Bar Crostó. St. Hila S.;False
1100;BBVA;Compte;06/07/2022;julio;2022;0.0;20.0;op_banc;op_banc;Reintegre Caixer;;False
4494;BBVA;Dèbit;16/01/2025;enero;2025;0.0;55.0;Càrrec;varis;Podòleg;Pròtesi peu esquerra;False
4517;BBVA;Dèbit;22/01/2025;enero;2025;0.0;-35.99;Càrrec;roba;Altre roba;C&A. Devolució Isa;False
4545;BBVA;Dèbit;31/01/2025;enero;2025;0.0;79.95;Càrrec;roba;Altre roba;Esports Montseny.Arbúcies;False
2102;BBVA;VISA;10/04/2023;abril;2023;0.0;5.96;Càrrec;manteniment;Aliexpress;domòtica;False
2103;BBVA;VISA;10/04/2023;abril;2023;0.0;6.97;Càrrec;manteniment;Aliexpress;domòtica;False
2119;Efectiu;;17/04/2023;abril;2023;0.0;4.8;Càrrec;manteniment;Altres mant.;Gel farmàcia;False
1119;BBVA;Compte;12/07/2022;julio;2022;0.0;50.0;op_banc;op_banc;Reintegre Caixer;;False
1122;BBVA;Compte;15/07/2022;julio;2022;0.0;100.0;op_banc;op_banc;Reintegre Caixer;;False
1129;BBVA;Compte;20/07/2022;julio;2022;0.0;50.0;op_banc;op_banc;Reintegre Caixer;;False
6780;T.Moneder;Dèbit;25/06/2026;junio;2026;0.0;3.19;Càrrec;personal;Jordi;;False
6856;TradeRep.;Dèbit;13/07/2026;julio;2026;0.0;41.25;Càrrec;gasolina;GasolinaAreaGuissona;;False
1181;BBVA;Compte;03/08/2022;agosto;2022;150.0;0.0;op_banc;op_banc;Traspàs comptes;;False
1173;BBVA;Compte;01/08/2022;agosto;2022;0.0;50.0;op_banc;op_banc;Reintegre Caixer;;False
1189;BBVA;Compte;16/08/2022;agosto;2022;0.0;50.0;op_banc;op_banc;Reintegre Caixer;;False
1191;BBVA;Compte;16/08/2022;agosto;2022;0.0;50.0;op_banc;op_banc;Reintegre Caixer;;False
1205;BBVA;Compte;23/08/2022;agosto;2022;0.0;50.0;op_banc;op_banc;Reintegre Caixer;;False
6783;LaCaixa;Compte;26/06/2026;junio;2026;68.25;0.0;Ingrés;ingrés_general;Complement Generalitat;;False
6782;LaCaixa;Compte;24/06/2026;junio;2026;1257.6;0.0;Ingrés;ingrés_general;Pensió no contributiva;;False
6781;LaCaixa;Compte;14/06/2026;junio;2026;0.0;100.0;op_banc;op_banc;Traspàs comptes;;False
1208;LaCaixa;Compte;27/07/2022;julio;2022;0.0;550.0;op_banc;op_banc;Traspàs comptes;;False
1209;LaCaixa;Compte;03/08/2022;agosto;2022;0.0;150.0;op_banc;op_banc;Traspàs comptes;;False
6784;LaCaixa;Compte;28/06/2026;junio;2026;0.0;60.0;op_banc;op_banc;Traspàs comptes;;False
1243;Casa;Efectiu;24/08/2022;agosto;2022;0.0;250.0;op_banc;op_banc;Traspàs comptes;;False
1244;BBVA;Compte;24/08/2022;agosto;2022;250.0;0.0;op_banc;op_banc;Traspàs comptes;;False
1254;BBVA;Compte;30/08/2022;agosto;2022;400.0;0.0;op_banc;op_banc;Traspàs comptes;;False
1248;BBVA;Compte;26/08/2022;agosto;2022;0.0;50.0;op_banc;op_banc;Reintegre Caixer;;False
6785;TradeRep.;Dèbit;23/06/2026;junio;2026;0.0;40.94;Càrrec;gasolina;GasolinaAreaGuissona;;False
6786;TradeRep.;Dèbit;23/06/2026;junio;2026;0.0;49.0;Càrrec;restaurant;Restaurant;Pizzeria La Toscana. Palamós;False
6787;TradeRep.;Dèbit;24/06/2026;junio;2026;0.0;3.5;Càrrec;restaurant;Bar;Bocata. Can Jordi;False
6859;TradeRep.;Dèbit;13/07/2026;julio;2026;0.0;63.95;Càrrec;restaurant;Restaurant;Buffet Japonés Sansara. Vic;False
6860;TradeRep.;Dèbit;13/07/2026;julio;2026;0.0;3.25;Càrrec;varis;Parking;Vic;False
1282;LaCaixa;Compte;29/08/2022;agosto;2022;0.0;400.0;op_banc;op_banc;Traspàs comptes;;False
1290;Casa;;06/09/2022;septiembre;2022;200.0;0.0;op_banc;op_banc;Traspàs comptes;;False
1291;Casa;;06/09/2022;septiembre;2022;0.0;400.0;op_banc;op_banc;Traspàs comptes;;False
1301;Casa;;09/09/2022;septiembre;2022;0.0;700.0;op_banc;op_banc;Traspàs comptes;;False
6788;TradeRep.;Dèbit;25/06/2026;junio;2026;0.0;14.32;Càrrec;menjar;Sorli;;False
6789;Efectiu;;24/06/2026;junio;2026;0.0;48.0;Càrrec;restaurant;Restaurant;L'Olivera. Palamós;False
6790;Efectiu;;24/06/2026;junio;2026;0.0;13.9;Càrrec;restaurant;Bar;Gelats. Palamós;False
6791;Efectiu;;24/06/2026;junio;2026;0.0;5.0;Càrrec;personal;Jordi;;False
6792;Efectiu;;24/06/2026;junio;2026;0.0;25.0;Càrrec;personal;Enric;;False
6793;TradeRep.;Compte;26/06/2026;junio;2026;0.15;0.0;Ingrés;ingrés_extra;Cobro Banc;Dividend NVidia;False
1350;Casa;;14/09/2022;septiembre;2022;0.0;140.0;op_banc;op_banc;Traspàs comptes;;False
1354;Casa;;15/09/2022;septiembre;2022;0.0;1129.52;op_banc;op_banc;Traspàs comptes;Ingres Xarrup a BBVA;False
6858;TradeRep.;Dèbit;13/07/2026;julio;2026;0.0;16.74;Càrrec;menjar;Mercadona;;False
6861;TradeRep.;Dèbit;13/07/2026;julio;2026;0.0;13.75;Càrrec;neteja;Mercadona;;False
1355;BBVA;Compte;15/09/2022;septiembre;2022;0.0;2.0;op_banc;op_banc;Gestions banc;certificat titularitat;False
6794;TradeRep.;Dèbit;26/06/2026;junio;2026;0.0;19.59;Càrrec;menjar;Dia;;False
6857;TradeRep.;Dèbit;12/07/2026;julio;2026;0.0;14.94;Càrrec;menjar;Dia;;False
1386;Casa;;23/09/2022;septiembre;2022;0.0;200.0;op_banc;op_banc;Traspàs comptes;;False
1407;Casa;;29/09/2022;septiembre;2022;0.0;210.0;op_banc;op_banc;Traspàs comptes;;False
6795;TradeRep.;Dèbit;26/06/2026;junio;2026;0.0;35.0;Càrrec;roba;Sports Arbúcies;samarreta Jordi+ gorra Isabel;False
5097;BBVA;Compte;03/06/2025;junio;2025;20.0;0.0;Ingrés;ingrés_extra;Promos;;False
1439;BBVA;Compte;05/10/2022;octubre;2022;0.0;160.71;op_banc;op_banc;Pago VISA;;False
1461;Casa;;13/10/2022;octubre;2022;0.0;95.0;op_banc;op_banc;Traspàs comptes;;False
1462;Casa;;14/10/2022;octubre;2022;0.0;100.0;op_banc;op_banc;Traspàs comptes;;False
1475;Casa;;18/10/2022;octubre;2022;0.0;170.0;op_banc;op_banc;Traspàs comptes;;False
6796;TradeRep.;Dèbit;26/06/2026;junio;2026;0.0;15.72;Càrrec;menjar;Novavenda;;False
6862;TradeRep.;Dèbit;13/07/2026;julio;2026;0.0;27.55;Càrrec;menjar;AreaGuissona;;False
6863;Efectiu;;13/07/2026;julio;2026;0.0;14.3;Càrrec;farmacia;Farmàcia;;False
6864;Efectiu;Efectiu;12/07/2026;julio;2026;0.0;9.0;Càrrec;menjar;Plaça;;False
6797;TradeRep.;Compte;26/06/2026;junio;2026;300.0;0.0;op_banc;op_banc;Traspàs comptes;;False
1508;Casa;;21/10/2022;octubre;2022;0.0;880.0;op_banc;op_banc;Traspàs comptes;;False
1521;BBVA;Compte;31/10/2022;octubre;2022;600.0;0.0;op_banc;op_banc;Traspàs comptes;;False
1546;BBVA;Compte;05/08/2022;agosto;2022;0.0;167.42;op_banc;op_banc;Pago VISA;;False
1547;BBVA;Compte;05/09/2022;septiembre;2022;0.0;187.93;op_banc;op_banc;Pago VISA;;False
1548;BBVA;Compte;05/10/2022;octubre;2022;0.0;160.71;op_banc;op_banc;Pago VISA;;False
6798;TradeRep.;Dèbit;04/07/2026;julio;2026;0.0;45.42;Càrrec;menjar;Aldi;;False
6865;Casa;Efectiu;13/07/2026;julio;2026;250.0;0.0;op_banc;op_banc;Traspàs comptes;;False
1552;BBVA;Compte;04/11/2022;noviembre;2022;0.0;246.08;op_banc;op_banc;Pago VISA;;False
1549;LaCaixa;Compte;29/10/2022;octubre;2022;0.0;600.0;op_banc;op_banc;Traspàs comptes;;False
1560;Casa;;01/11/2022;noviembre;2022;0.0;550.0;op_banc;op_banc;Traspàs comptes;;False
1563;Casa;;05/11/2022;noviembre;2022;0.0;50.0;op_banc;op_banc;Traspàs comptes;;False
1579;LaCaixa;Compte;10/11/2022;noviembre;2022;0.0;500.0;op_banc;op_banc;Traspàs comptes;;False
1580;Casa;;10/11/2022;noviembre;2022;0.0;50.0;op_banc;op_banc;Traspàs comptes;;False
1581;Casa;;10/11/2022;noviembre;2022;500.0;0.0;op_banc;op_banc;Traspàs comptes;;False
6799;Efectiu;Efectiu;27/06/2026;junio;2026;0.0;7.0;Càrrec;menjar;Vents et Marees;;False
6866;BBVA;Compte;14/07/2026;julio;2026;0.0;35.9;Càrrec;despesa_general;Lowi;;False
6800;Efectiu;;27/06/2026;junio;2026;0.0;36.0;Càrrec;roba;Altre roba;Fira Palafolls.;False
1613;Casa;;18/11/2022;noviembre;2022;0.0;10.0;op_banc;op_banc;Traspàs comptes;;False
1614;Casa;;18/11/2022;noviembre;2022;550.0;0.0;op_banc;op_banc;Traspàs comptes;;False
1624;Casa;;21/11/2022;noviembre;2022;0.0;290.0;op_banc;op_banc;Traspàs comptes;;False
1639;BBVA;Compte;28/11/2022;noviembre;2022;600.0;0.0;op_banc;op_banc;Traspàs comptes;;False
1642;LaCaixa;Compte;28/11/2022;noviembre;2022;0.0;600.0;op_banc;op_banc;Traspàs comptes;;False
6801;TradeRep.;Dèbit;29/06/2026;junio;2026;0.0;10.59;Càrrec;menjar;Dia;;False
6802;TradeRep.;Dèbit;29/06/2026;junio;2026;0.0;21.94;Càrrec;gasolina;GasolinaAreaGuissona;;False
6867;Casa;Efectiu;15/07/2026;julio;2026;0.0;80.0;op_banc;op_banc;Traspàs comptes;;False
1664;BBVA;Compte;05/12/2022;diciembre;2022;0.0;101.42;op_banc;op_banc;Pago VISA;;False
6868;Efectiu;Efectiu;15/07/2026;julio;2026;0.0;89.0;Càrrec;rebost;Oli Jaen.MaCarmen;;False
1683;Casa;;08/12/2022;diciembre;2022;0.0;440.0;op_banc;op_banc;Traspàs comptes;;False
1701;Casa;;14/12/2022;diciembre;2022;0.0;200.0;op_banc;op_banc;Traspàs comptes;;False
1702;Casa;;14/12/2022;diciembre;2022;0.0;160.0;op_banc;op_banc;Traspàs comptes;;False
1078;BBVA;Dèbit;04/07/2022;julio;2022;0.0;39.04;Càrrec;roba;Zara;;False
6803;TradeRep.;Dèbit;29/06/2026;junio;2026;0.0;4.5;Càrrec;restaurant;Bar;Berenar Jordi. Palamós;False
6805;TradeRep.;Dèbit;30/06/2026;junio;2026;0.0;1.4;Càrrec;restaurant;Bar;Cafè Figueres;False
6804;TradeRep.;Dèbit;29/06/2026;junio;2026;0.0;16.9;Càrrec;farmàcia;Farmàcia;Repelent mosquits Halley;False
6869;TradeRep.;Dèbit;16/07/2026;julio;2026;0.0;4.4;Càrrec;menjar;Fleca Arnau;;False
1718;Casa;;16/12/2022;diciembre;2022;0.0;150.0;op_banc;op_banc;Traspàs comptes;;False
1755;BBVA;Compte;29/12/2022;diciembre;2022;600.0;0.0;op_banc;op_banc;Traspàs comptes;;False
1770;BBVA;Compte;05/01/2023;enero;2023;250.0;0.0;op_banc;op_banc;Traspàs comptes;;False
1769;BBVA;Compte;05/01/2023;enero;2023;0.0;211.75;op_banc;op_banc;Pago VISA;;False
6806;TradeRep.;Dèbit;30/06/2026;junio;2026;0.0;5.0;Càrrec;neteja;Clarel;;False
1785;Casa;Efectiu;23/12/2022;diciembre;2022;0.0;350.0;op_banc;op_banc;Traspàs comptes;;False
1811;LaCaixa;Compte;29/12/2022;diciembre;2022;0.0;600.0;op_banc;op_banc;Traspàs comptes;;False
1812;LaCaixa;Compte;05/01/2023;enero;2023;0.0;300.0;op_banc;op_banc;Traspàs comptes;;False
1830;Casa;;16/01/2023;enero;2023;0.0;50.0;op_banc;op_banc;Traspàs comptes;;False
1815;BBVA;Compte;11/01/2023;enero;2023;0.0;40.0;op_banc;op_banc;Reintegre Caixer;;False
6807;TradeRep.;Dèbit;30/06/2026;junio;2026;0.0;10.7;Càrrec;restaurant;Bar;Gelats. Palamós;False
6871;BBVA;Compte;16/07/2026;julio;2026;0.0;300.0;op_banc;op_banc;Traspàs comptes;;False
1835;LaCaixa;Compte;19/01/2023;enero;2023;0.0;360.0;op_banc;op_banc;Traspàs comptes;;False
1851;Casa;;21/01/2023;enero;2023;0.0;50.0;op_banc;op_banc;Traspàs comptes;;False
1882;Casa;;02/02/2023;febrero;2023;0.0;50.0;op_banc;op_banc;Traspàs comptes;;False
1859;BBVA;Compte;27/01/2023;enero;2023;0.0;50.0;op_banc;op_banc;Reintegre Caixer;;False
1863;BBVA;Compte;30/01/2023;enero;2023;0.0;20.0;op_banc;op_banc;Reintegre Caixer;;False
1884;LaCaixa;Compte;03/02/2023;febrero;2023;0.0;150.0;op_banc;op_banc;Reintegre Caixer;;False
6808;TradeRep.;Dèbit;01/07/2026;julio;2026;0.0;53.0;Càrrec;restaurant;Restaurant;Bar La Maritima. Palamós;False
6872;TradeRep.;Compte;16/07/2026;julio;2026;300.0;0.0;op_banc;op_banc;Traspàs comptes;;False
1896;Casa;;06/02/2023;febrero;2023;250.0;0.0;op_banc;op_banc;Traspàs comptes;;False
1912;Casa;;15/02/2023;febrero;2023;0.0;50.0;op_banc;op_banc;Traspàs comptes;;False
1917;Casa;;16/02/2023;febrero;2023;0.0;200.0;op_banc;op_banc;Traspàs comptes;;False
1929;Casa;;21/02/2023;febrero;2023;0.0;40.0;op_banc;op_banc;Traspàs comptes;;False
1944;LaCaixa;Compte;26/02/2023;febrero;2023;0.0;500.0;op_banc;op_banc;Traspàs comptes;;False
1945;Casa;;26/02/2023;febrero;2023;0.0;20.0;op_banc;op_banc;Traspàs comptes;;False
1921;BBVA;Compte;16/02/2023;febrero;2023;0.0;100.0;op_banc;op_banc;Reintegre Caixer;;False
6809;Efectiu;;30/06/2026;junio;2026;0.0;62.0;Càrrec;restaurant;Restaurant;Isa.: Vostra Llar, Enric Figueres (Can Costa);False
6870;TradeRep.;Dèbit;16/07/2026;julio;2026;0.0;15.78;Càrrec;menjar;Novavenda;;False
6873;TradeRep.;Dèbit;16/07/2026;julio;2026;0.0;4.99;Càrrec;neteja;Novavenda;;False
1950;BBVA;Compte;27/02/2023;febrero;2023;300.0;0.0;op_banc;op_banc;Traspàs comptes;;False
1953;BBVA;Compte;28/02/2023;febrero;2023;0.0;55.71;op_banc;op_banc;Pago VISA;;False
1971;Casa;;05/03/2023;marzo;2023;0.0;100.0;op_banc;op_banc;Traspàs comptes;;False
1990;Casa;;06/03/2023;marzo;2023;0.0;140.0;op_banc;op_banc;Traspàs comptes;;False
1967;BBVA;Dèbit;03/03/2023;marzo;2023;0.0;20.0;op_banc;op_banc;Reintegre Caixer;;False
6810;TradeRep.;Dèbit;01/07/2026;julio;2026;0.0;6.83;Càrrec;menjar;Fruiterra;;False
2013;BBVA;Compte;03/03/2023;marzo;2023;0.0;24.86;op_banc;op_banc;Pago VISA;;False
2007;Casa;;14/03/2023;marzo;2023;0.0;20.0;op_banc;op_banc;Traspàs comptes;;False
2014;Casa;;15/03/2023;marzo;2023;0.0;20.0;op_banc;op_banc;Traspàs comptes;;False
2022;Casa;;17/03/2023;marzo;2023;0.0;210.0;op_banc;op_banc;Traspàs comptes;;False
2034;LaCaixa;Compte;27/02/2023;febrero;2023;0.0;300.0;op_banc;op_banc;Traspàs comptes;;False
2042;Casa;;24/03/2023;marzo;2023;0.0;50.0;op_banc;op_banc;Traspàs comptes;;False
2062;Casa;;30/03/2023;marzo;2023;0.0;100.0;op_banc;op_banc;Traspàs comptes;;False
6811;TradeRep.;Dèbit;02/07/2026;julio;2026;0.0;4.4;Càrrec;menjar;Fleca Arnau;;False
6874;TradeRep.;Dèbit;17/07/2026;julio;2026;0.0;19.67;Càrrec;menjar;Dia;;False
2072;BBVA;Compte;05/04/2023;abril;2023;0.0;324.2;op_banc;op_banc;Pago VISA;;False
2069;BBVA;Compte;03/04/2023;abril;2023;300.0;0.0;op_banc;op_banc;Traspàs comptes;;False
2070;LaCaixa;Compte;03/04/2023;abril;2023;0.0;300.0;op_banc;op_banc;Traspàs comptes;;False
2088;LaCaixa;Compte;08/04/2023;abril;2023;0.0;200.0;op_banc;op_banc;Traspàs comptes;;False
2089;Casa;;08/04/2023;abril;2023;0.0;350.0;op_banc;op_banc;Traspàs comptes;;False
6812;Efectiu;Efectiu;04/07/2026;julio;2026;0.0;6.87;Càrrec;menjar;BonPreu;;False
6875;TradeRep.;Dèbit;18/07/2026;julio;2026;0.0;12.38;Càrrec;neteja;Clarel;;False
2126;Casa;;18/04/2023;abril;2023;0.0;50.0;op_banc;op_banc;Traspàs comptes;;False
2133;Casa;;20/04/2023;abril;2023;0.0;50.0;op_banc;op_banc;Traspàs comptes;;False
2136;Casa;;23/04/2023;abril;2023;0.0;50.0;op_banc;op_banc;Traspàs comptes;;False
2168;BBVA;Compte;03/05/2023;mayo;2023;500.0;0.0;op_banc;op_banc;Traspàs comptes;;False
2175;LaCaixa;Compte;03/05/2023;mayo;2023;0.0;600.0;op_banc;op_banc;Traspàs comptes;;False
2177;Casa;;03/05/2023;mayo;2023;0.0;600.0;op_banc;op_banc;Traspàs comptes;;False
2174;BBVA;Compte;05/05/2023;mayo;2023;0.0;150.98;op_banc;op_banc;Pago VISA;;False
6813;TradeRep.;Dèbit;03/07/2026;julio;2026;0.0;12.92;Càrrec;menjar;Dia;;False
6814;TradeRep.;Dèbit;03/07/2026;julio;2026;0.0;1.2;Càrrec;neteja;Dia;;False
5134;BBVA;Compte;18/06/2025;junio;2025;39.0;0.0;Ingrés;ingrés_extra;Vinted;;False
6876;TradeRep.;Dèbit;18/07/2026;julio;2026;0.0;15.19;Càrrec;menjar;Novavenda;;False
2210;Casa;;11/05/2023;mayo;2023;1000.0;0.0;op_banc;op_banc;Traspàs comptes;;False
2233;Casa;;18/05/2023;mayo;2023;0.0;200.0;op_banc;op_banc;Traspàs comptes;;False
2240;Casa;;20/05/2023;mayo;2023;0.0;60.0;op_banc;op_banc;Traspàs comptes;;False
6877;TradeRep.;Dèbit;18/07/2026;julio;2026;0.0;11.57;Càrrec;neteja;Novavenda;;False
6815;TradeRep.;Dèbit;03/07/2026;julio;2026;0.0;20.68;Càrrec;menjar;Novavenda;;False
6816;TradeRep.;Dèbit;03/07/2026;julio;2026;0.0;3.99;Càrrec;neteja;Novavenda;;False
6878;Efectiu;;19/07/2026;julio;2026;0.0;14.0;Càrrec;restaurant;Restaurant;Pollastre a l'ast i patates. El Celler;False
6879;Efectiu;;19/07/2026;julio;2026;0.0;20.0;Càrrec;varis;Expectacle/Teatre;La Tia d'en Carles;False
2274;Casa;;27/05/2023;mayo;2023;0.0;90.0;op_banc;op_banc;Traspàs comptes;;False
2284;Casa;;01/06/2023;junio;2023;0.0;150.0;op_banc;op_banc;Traspàs comptes;;False
2288;LaCaixa;Compte;05/06/2023;junio;2023;0.0;200.0;op_banc;op_banc;Traspàs comptes;;False
2292;BBVA;Compte;05/06/2023;junio;2023;0.0;31.26;op_banc;op_banc;Pago VISA;;False
6817;Efectiu;;23/06/2026;junio;2026;805.0;0.0;Ingrés;ingrés_extra;Feina Horeca;Cartes L'Olivera;False
6880;Efectiu;Efectiu;19/07/2026;julio;2026;0.0;9.4;Càrrec;menjar;Plaça;;False
2313;Casa;;15/06/2023;junio;2023;0.0;100.0;op_banc;op_banc;Traspàs comptes;;False
2318;Casa;;18/06/2023;junio;2023;0.0;50.0;op_banc;op_banc;Traspàs comptes;;False
2351;Casa;;24/06/2023;junio;2023;0.0;250.0;op_banc;op_banc;Traspàs comptes;;False
2301;Efectiu;;07/06/2023;junio;2023;0.0;124.94;Càrrec;menjar;LIDL;;False
6818;Efectiu;;30/06/2026;junio;2026;0.0;250.0;Càrrec;varis;Advocat;Pallí. testament casa Palamós;False
2400;BBVA;Compte;07/07/2023;julio;2023;145.87;0.0;Ingrés;ingrés_extra;Devolució Hisenda;;False
6881;TradeRep.;Dèbit;19/07/2026;julio;2026;0.0;9.41;Càrrec;menjar;Dia;;False
2364;Casa;;02/07/2023;julio;2023;0.0;100.0;op_banc;op_banc;Traspàs comptes;;False
2373;BBVA;Compte;03/07/2023;julio;2023;400.0;0.0;op_banc;op_banc;Traspàs comptes;;False
2374;LaCaixa;Compte;03/07/2023;julio;2023;0.0;400.0;op_banc;op_banc;Traspàs comptes;;False
2389;BBVA;Compte;05/07/2023;julio;2023;0.0;28.99;op_banc;op_banc;Pago VISA;;False
2409;BBVA;Compte;11/07/2023;julio;2023;0.0;50.0;op_banc;op_banc;Reintegre Caixer;;False
6751;TradeRep.;Dèbit;17/06/2026;junio;2026;;10.97;Càrrec;menjar;Fruiterra;;False
6882;T.Moneder;Dèbit;19/07/2026;julio;2026;0.0;4.33;Càrrec;menjar;Dia;;False
2470;Casa;;25/07/2023;julio;2023;350.0;0.0;op_banc;op_banc;Traspàs comptes;;False
2426;BBVA;Compte;17/07/2023;julio;2023;0.0;50.0;op_banc;op_banc;Reintegre Caixer;;False
2450;LaCaixa;Compte;20/07/2023;julio;2023;0.0;50.0;op_banc;op_banc;Reintegre Caixer;;False
2451;LaCaixa;Compte;21/07/2023;julio;2023;0.0;50.0;op_banc;op_banc;Reintegre Caixer;;False
24;LaCaixa;Compte;10/03/2021;marzo;2021;0.0;47.28;Càrrec;despesa_general;Ajunt. Arbúcies;;False
80;LaCaixa;Compte;13/04/2021;abril;2021;0.0;47.28;Càrrec;despesa_general;Ajunt. Arbúcies;;False
193;LaCaixa;Compte;10/06/2021;junio;2021;0.0;47.28;Càrrec;despesa_general;Ajunt. Arbúcies;;False
317;LaCaixa;Compte;10/08/2021;agosto;2021;0.0;47.28;Càrrec;despesa_general;Ajunt. Arbúcies;;False
369;LaCaixa;Compte;08/09/2021;septiembre;2021;0.0;47.28;Càrrec;despesa_general;Ajunt. Arbúcies;;False
434;LaCaixa;Compte;11/10/2021;octubre;2021;0.0;47.27;Càrrec;despesa_general;Ajunt. Arbúcies;;False
489;LaCaixa;Compte;10/11/2021;noviembre;2021;0.0;47.27;Càrrec;despesa_general;Ajunt. Arbúcies;;False
539;LaCaixa;Compte;06/12/2021;diciembre;2021;0.0;47.26;Càrrec;despesa_general;Ajunt. Arbúcies;;False
632;LaCaixa;Compte;12/01/2022;enero;2022;0.0;54.13;Càrrec;despesa_general;Ajunt. Arbúcies;;False
693;LaCaixa;Compte;10/02/2022;febrero;2022;0.0;54.13;Càrrec;despesa_general;Ajunt. Arbúcies;;False
764;LaCaixa;Compte;10/03/2022;marzo;2022;0.0;54.13;Càrrec;despesa_general;Ajunt. Arbúcies;;False
847;LaCaixa;Compte;11/04/2022;abril;2022;0.0;54.13;Càrrec;despesa_general;Ajunt. Arbúcies;;False
936;LaCaixa;Compte;10/05/2022;mayo;2022;0.0;54.13;Càrrec;despesa_general;Ajunt. Arbúcies;;False
1024;LaCaixa;Compte;13/06/2022;junio;2022;0.0;54.13;Càrrec;despesa_general;Ajunt. Arbúcies;;False
1156;LaCaixa;Compte;11/07/2022;julio;2022;0.0;54.13;Càrrec;despesa_general;Ajunt. Arbúcies;;False
1279;LaCaixa;Compte;10/08/2022;agosto;2022;0.0;54.13;Càrrec;despesa_general;Ajunt. Arbúcies;;False
1379;LaCaixa;Compte;09/09/2022;septiembre;2022;0.0;54.13;Càrrec;despesa_general;Ajunt. Arbúcies;;False
1450;LaCaixa;Compte;11/10/2022;octubre;2022;0.0;21.76;Càrrec;despesa_general;Ajunt. Arbúcies;Bonificat;False
1578;LaCaixa;Compte;10/11/2022;noviembre;2022;0.0;21.77;Càrrec;despesa_general;Ajunt. Arbúcies;;False
1713;LaCaixa;Compte;05/12/2022;diciembre;2022;0.0;21.76;Càrrec;despesa_general;Ajunt. Arbúcies;;False
2500;BBVA;Compte;04/08/2023;agosto;2023;0.0;721.29;op_banc;op_banc;Pago VISA;;False
1834;LaCaixa;Compte;12/01/2023;enero;2023;0.0;54.13;Càrrec;despesa_general;Ajunt. Arbúcies;;False
1915;LaCaixa;Compte;05/02/2023;febrero;2023;0.0;54.13;Càrrec;despesa_general;Ajunt. Arbúcies;;False
2035;LaCaixa;Compte;10/03/2023;marzo;2023;0.0;54.13;Càrrec;despesa_general;Ajunt. Arbúcies;;False
2145;LaCaixa;Compte;12/04/2023;abril;2023;0.0;54.13;Càrrec;despesa_general;Ajunt. Arbúcies;;False
2213;LaCaixa;Compte;11/05/2023;mayo;2023;0.0;54.13;Càrrec;despesa_general;Ajunt. Arbúcies;;False
2321;LaCaixa;Compte;13/06/2023;junio;2023;0.0;54.13;Càrrec;despesa_general;Ajunt. Arbúcies;;False
2449;LaCaixa;Compte;10/07/2023;julio;2023;0.0;54.13;Càrrec;despesa_general;Ajunt. Arbúcies;;False
2556;LaCaixa;Compte;10/08/2023;agosto;2023;0.0;54.13;Càrrec;despesa_general;Ajunt. Arbúcies;;False
2651;LaCaixa;Compte;11/09/2023;septiembre;2023;0.0;54.13;Càrrec;despesa_general;Ajunt. Arbúcies;;False
2757;LaCaixa;Compte;10/10/2023;octubre;2023;0.0;21.76;Càrrec;despesa_general;Ajunt. Arbúcies;;False
2888;LaCaixa;Compte;10/11/2023;noviembre;2023;0.0;21.77;Càrrec;despesa_general;Ajunt. Arbúcies;;False
2980;LaCaixa;Compte;04/12/2023;diciembre;2023;0.0;21.76;Càrrec;despesa_general;Ajunt. Arbúcies;;False
3073;LaCaixa;Compte;11/01/2023;enero;2023;0.0;60.53;Càrrec;despesa_general;Ajunt. Arbúcies;;False
3198;LaCaixa;Compte;12/02/2024;febrero;2024;0.0;60.53;Càrrec;despesa_general;Ajunt. Arbúcies;;False
4984;LaCaixa;Compte;09/05/2025;mayo;2025;0.0;68.46;Càrrec;despesa_general;Ajunt. Arbúcies;;False
5158;LaCaixa;Compte;17/06/2025;junio;2025;0.0;68.46;Càrrec;despesa_general;Ajunt. Arbúcies;;False
5309;LaCaixa;Compte;10/07/2025;julio;2025;0.0;68.46;Càrrec;despesa_general;Ajunt. Arbúcies;;False
5433;LaCaixa;Compte;08/08/2025;agosto;2025;0.0;68.46;Càrrec;despesa_general;Ajunt. Arbúcies;;False
5567;LaCaixa;Compte;10/09/2025;septiembre;2025;0.0;68.46;Càrrec;despesa_general;Ajunt. Arbúcies;;False
252;LaCaixa;Compte;09/07/2021;julio;2021;0.0;47.28;Càrrec;despesa_general;Ajunt. Arbúcies;;False
2501;Casa;;27/07/2023;julio;2023;0.0;350.0;op_banc;op_banc;Traspàs comptes;;False
135;LaCaixa;Compte;11/05/2021;mayo;2021;0.0;47.28;Càrrec;despesa_general;Ajunt. Arbúcies;;False
6883;TradeRep.;Dèbit;21/07/2026;julio;2026;0.0;10.15;Càrrec;menjar;Mercadona;;False
381;BBVA;Compte;15/09/2021;septiembre;2021;0.0;0.0;Càrrec;ingrés_extra;Ajunt. Arbúcies;;False
308;BBVA;Compte;04/08/2021;agosto;2021;3560.0;0.0;Càrrec;despesa_general;Ajunt. Arbúcies;;False
6884;TradeRep.;Dèbit;21/07/2026;julio;2026;0.0;38.28;Càrrec;menjar;LIDL;;False
6885;TradeRep.;Dèbit;21/07/2026;julio;2026;0.0;3.45;Càrrec;neteja;LIDL;;False
6886;TradeRep.;Dèbit;21/07/2026;julio;2026;0.0;3.5;Càrrec;restaurant;Bar;Entrepà Isabel. Jubilats;False
6887;Casa;;21/07/2026;julio;2026;0.0;40.0;op_banc;op_banc;Traspàs comptes;;False
6688;TR Cartera;Compte;02/06/2026;junio;2026;8.17;0.0;op_banc;op_banc;TR Cashback;;False
6099;TR Cartera;Compte;29/12/2025;diciembre;2025;20.0;0.0;op_banc;op_banc;TR Cartera S&P500;Apertura;False
6100;TR Cartera;Compte;29/12/2025;diciembre;2025;10.0;0.0;op_banc;op_banc;TR Cartera Nvidia;Apertura;False
6101;TR Cartera;Compte;02/01/2026;enero;2026;4.26;0.0;op_banc;op_banc;TR Cashback;;False
6102;TR Cartera;Compte;02/01/2026;enero;2026;25.0;0.0;op_banc;op_banc;TR Cartera S&P500;;False
6103;TR Cartera;Compte;02/01/2026;enero;2026;25.0;0.0;op_banc;op_banc;TR Cartera Nvidia;;False
6105;TR Cartera;Compte;03/02/2026;febrero;2026;25.0;0.0;op_banc;op_banc;TR Cartera S&P500;;False
6106;TR Cartera;Compte;03/02/2026;febrero;2026;25.0;0.0;op_banc;op_banc;TR Cartera Nvidia;;False
6107;TR Cartera;Compte;03/02/2026;febrero;2026;8.11;0.0;op_banc;op_banc;TR Cashback;;False
6240;TR Cartera;Compte;03/03/2026;marzo;2026;6.45;0.0;op_banc;op_banc;TR Cashback;;False
6104;TR Cartera;Compte;01/01/2026;enero;2026;10.0;0.0;op_banc;op_banc;TR Cashback;Promoció Amazon;False
6888;TradeRep.;Dèbit;22/07/2026;julio;2026;0.0;3.15;Càrrec;restaurant;Bar;Santa Caterina ;False
2557;LaCaixa;Compte;11/08/2023;agosto;2023;0.0;50.0;op_banc;op_banc;Traspàs comptes;;False
2560;Casa;;17/08/2023;agosto;2023;0.0;60.0;op_banc;op_banc;Traspàs comptes;;False
2575;Casa;;22/08/2023;agosto;2023;0.0;20.0;op_banc;op_banc;Traspàs comptes;;False
6889;BBVA;Compte;23/07/2026;julio;2026;50.0;0.0;Ingrés;ingres_general;Hisenda 50 1;;False
6890;BBVA;Compte;23/07/2026;julio;2026;100.0;0.0;Ingrés;ingres_general;Hisenda 100;;False
6891;BBVA;Compte;23/07/2026;julio;2026;50.0;0.0;Ingrés;ingres_general;Hisenda 50 2;;False
2607;Casa;;01/09/2023;septiembre;2023;0.0;100.0;op_banc;op_banc;Traspàs comptes;;False
2627;BBVA;VISA;07/09/2023;septiembre;2023;0.0;334.34;op_banc;op_banc;Traspàs comptes;transf. Saldo visa;False
2761;Casa;;11/10/2023;octubre;2023;0.0;50.0;op_banc;op_banc;Traspàs comptes;;False
6819;TradeRep.;Compte;05/07/2026;julio;2026;0.0;25.0;op_banc;op_banc;Accions SP&500;;False
2652;LaCaixa;Compte;16/09/2023;septiembre;2023;0.0;50.0;op_banc;op_banc;Reintegre Caixer;;False
2653;LaCaixa;Compte;17/09/2023;septiembre;2023;0.0;50.0;op_banc;op_banc;Reintegre Caixer;;False
6820;TR Cartera;Compte;05/07/2026;julio;2026;25.0;0.0;op_banc;op_banc;Accions SP&500;;False
6821;TradeRep.;Compte;05/07/2026;julio;2026;0.0;25.0;op_banc;op_banc;Accions NVIDIA;;False
6822;TR Cartera;Compte;05/07/2026;julio;2026;25.0;0.0;op_banc;op_banc;Accions NVIDIA;;False
6892;TradeRep.;Dèbit;22/07/2026;julio;2026;0.0;5.7;Càrrec;varis;Parking;Girona.Sta Caterina + Güell ;False
2650;Casa;;08/09/2023;septiembre;2023;0.0;100.0;op_banc;op_banc;Traspàs comptes;;False
2682;Casa;;21/09/2023;septiembre;2023;550.0;0.0;op_banc;op_banc;Traspàs comptes;;False
2685;Casa;;25/09/2023;septiembre;2023;0.0;50.0;op_banc;op_banc;Traspàs comptes;;False
6823;TradeRep.;Compte;02/07/2026;julio;2026;0.0;0.0;Ingrés;ingrés_general;Interessos Trade R.;;False
6893;TradeRep.;Dèbit;22/07/2026;julio;2026;0.0;50.85;Càrrec;restaurant;Restaurant;Deleito. Girona ;False
2741;Casa;;06/10/2023;octubre;2023;0.0;100.0;op_banc;op_banc;Traspàs comptes;;False
2754;Casa;;10/10/2023;octubre;2023;0.0;50.0;op_banc;op_banc;Traspàs comptes;;False
2737;BBVA;Compte;05/10/2023;octubre;2023;0.0;8.97;op_banc;op_banc;Pago VISA;;False
6894;TradeRep.;Dèbit;23/07/2026;julio;2026;0.0;4.4;Càrrec;menjar;Fleca Arnau;;False
6825;TR Cartera;Compte;02/07/2026;julio;2026;6.68;0.0;op_banc;op_banc;Cashback TR;;False
2785;Casa;;21/10/2023;octubre;2023;0.0;100.0;op_banc;op_banc;Traspàs comptes;;False
6826;TradeRep.;Compte;01/07/2026;julio;2026;0.28;0.0;Ingrés;ingrés_general;Interessos Trade Rep.;;False
6895;TradeRep.;Dèbit;23/07/2026;julio;2026;0.0;19.02;Càrrec;menjar;AreaGuissona;;False
2836;Casa;;05/11/2023;noviembre;2023;0.0;100.0;op_banc;op_banc;Traspàs comptes;;False
2859;Casa;;12/11/2023;noviembre;2023;0.0;100.0;op_banc;op_banc;Traspàs comptes;;False
2828;BBVA;Compte;03/11/2023;noviembre;2023;0.0;31.81;op_banc;op_banc;Pago VISA;;False
6827;BBVA;Compte;06/07/2026;julio;2026;0.0;14.04;Càrrec;assegurança;DP Morts Enric;;False
6828;BBVA;Compte;06/07/2026;julio;2026;0.0;220.5;Càrrec;despesa_general;PJ Isabel;;False
6896;BBVA;Compte;24/07/2026;julio;2026;0.0;300.0;op_banc;op_banc;Traspàs comptes;;False
6829;BBVA;Compte;06/07/2026;julio;2026;0.0;200.0;op_banc;op_banc;Traspàs comptes;;False
6830;BBVA;Compte;08/07/2026;julio;2026;0.0;300.0;op_banc;op_banc;Traspàs comptes;TR;False
2886;Casa;;18/11/2023;noviembre;2023;0.0;20.0;op_banc;op_banc;Traspàs comptes;;False
2897;Casa;;25/11/2023;noviembre;2023;0.0;40.0;op_banc;op_banc;Traspàs comptes;;False
2927;BBVA;Compte;05/12/2023;diciembre;2023;0.0;22.51;op_banc;op_banc;Pago VISA;;False
6831;TradeRep.;Dèbit;05/07/2026;julio;2026;0.0;22.24;Càrrec;menjar;AreaGuissona;;False
6897;TradeRep.;Dèbit;24/07/2026;julio;2026;0.0;58.59;Càrrec;gasolina;GasolinaAreaGuissona;;False
2945;Casa;;09/12/2023;diciembre;2023;0.0;80.0;op_banc;op_banc;Traspàs comptes;;False
2965;Casa;;15/11/2023;noviembre;2023;0.0;180.0;op_banc;op_banc;Traspàs comptes;;False
2981;LaCaixa;Compte;20/12/2023;diciembre;2023;0.0;250.0;op_banc;op_banc;Traspàs comptes;;False
6832;BBVA;VISA;01/07/2026;julio;2026;0.0;21.99;Càrrec;despesa_general;Quota IA;;False
6898;TradeRep.;Dèbit;24/07/2026;julio;2026;0.0;49.79;Càrrec;menjar;Vents i Marees;;False
6899;TradeRep.;Compte;24/07/2026;julio;2026;300.0;0.0;op_banc;op_banc;Traspàs comptes;;False
3015;LaCaixa;Compte;24/12/2023;diciembre;2023;0.0;50.0;op_banc;op_banc;Reintegre Caixer;;False
6833;TradeRep.;Dèbit;06/07/2026;julio;2026;0.0;15.78;Càrrec;neteja;Clarel;;False
3047;BBVA;Compte;05/01/2024;enero;2024;0.0;23.99;op_banc;op_banc;Pago VISA;;False
6834;Efectiu;;06/07/2026;julio;2026;0.0;55.0;Càrrec;despesa_general;Lloguer Parking;;False
6835;Efectiu;;01/08/2026;agosto;2026;0.0;55.0;Càrrec;despesa_general;Lloguer Parking;;False
6836;Efectiu;;05/07/2026;julio;2026;0.0;3.0;Càrrec;varis;Expectacle/Teatre;Prat Rodó. Música;False
3051;BBVA;Compte;05/01/2024;enero;2024;0.0;40.0;op_banc;op_banc;Reintegre Caixer;;False
6838;Efectiu;Efectiu;07/07/2026;julio;2026;0.0;30.0;Càrrec;menjar;Ous casolans;;False
6837;Efectiu;Efectiu;09/07/2026;julio;2026;0.0;3.0;Càrrec;menjar;Fleca Can Arnau;;False
6839;Efectiu;Efectiu;05/07/2026;julio;2026;0.0;11.0;Càrrec;menjar;Plaça;;False
6900;BBVA;Compte;25/07/2026;julio;2026;951.2;0.0;Ingrés;ingres_general;Pensió Isabel;;False
3074;T.Moneder;Compte;12/01/2024;enero;2024;0.0;0.0;op_banc;op_banc;Traspàs comptes;Inici compte;False
3059;BBVA;Compte;08/01/2024;enero;2024;0.0;50.0;op_banc;op_banc;Reintegre Caixer;;False
6901;BBVA;Compte;25/07/2026;julio;2026;940.74;0.0;Ingrés;ingres_general;Pensió Enric;;False
3093;BBVA;Compte;22/01/2024;enero;2024;0.0;50.0;op_banc;op_banc;Reintegre Caixer;;False
3094;BBVA;Compte;22/01/2024;enero;2024;0.0;50.0;op_banc;op_banc;Reintegre Caixer;;False
6840;Efectiu;;07/07/2026;julio;2026;0.0;12.25;Càrrec;varis;Transport;Targeta autubus Jordi;False
6902;Casa;;26/07/2026;julio;2026;0.0;110.0;op_banc;op_banc;Traspàs comptes;;False
6903;LaCaixa;Compte;24/07/2026;julio;2026;628.8;0.0;Ingrés;ingres_general;Pensió no contributiva;;False
3128;BBVA;Compte;02/02/2024;febrero;2024;150.0;0.0;op_banc;op_banc;Traspàs comptes;;False
3142;LaCaixa;Compte;05/02/2024;febrero;2024;0.0;250.0;op_banc;op_banc;Traspàs comptes;;False
3111;BBVA;Compte;28/01/2024;enero;2024;0.0;50.0;op_banc;op_banc;Reintegre Caixer;;False
6904;LaCaixa;Compte;13/07/2026;julio;2026;0.0;68.46;Càrrec;despesa_general;Ajunt. Arbúcies;;False
6905;LaCaixa;Compte;26/07/2026;julio;2026;68.25;0.0;Ingrés;ingres_general;Complement Generalitat;;False
3138;BBVA;Compte;05/02/2024;febrero;2024;0.0;18.37;op_banc;op_banc;Pago VISA;;False
6842;TradeRep.;Dèbit;08/07/2026;julio;2026;0.0;7.55;Càrrec;restaurant;Bar;Trueta Girona;False
6843;TradeRep.;Dèbit;07/07/2026;julio;2026;0.0;0.7;Càrrec;menjar;Altres menjar;;False
6844;TradeRep.;Dèbit;09/07/2026;julio;2026;0.0;4.4;Càrrec;menjar;Fleca Can Arnau;;False
6906;TradeRep.;Dèbit;24/07/2026;julio;2026;0.0;44.0;Càrrec;restaurant;Restaurant;Pizzeria El Niu;False
6908;Efectiu;;27/07/2026;julio;2026;0.0;9.4;Càrrec;menjar;Pastisseria Ayma;;False
6841;TradeRep.;Compte;08/07/2026;julio;2026;300.0;0.0;op_banc;op_banc;Traspàs comptes;;False
3197;BBVA;Compte;26/02/2024;febrero;2024;400.0;0.0;op_banc;op_banc;Traspàs comptes;;False
3202;LaCaixa;Compte;26/02/2024;febrero;2024;0.0;400.0;op_banc;op_banc;Traspàs comptes;;False
3217;LaCaixa;Compte;01/03/2024;marzo;2024;0.0;400.0;op_banc;op_banc;Traspàs comptes;;False
3180;BBVA;Compte;18/02/2024;febrero;2024;0.0;50.0;op_banc;op_banc;Reintegre Caixer;;False
3199;LaCaixa;Compte;23/02/2024;febrero;2024;0.0;40.0;op_banc;op_banc;Reintegre Caixer;;False
3191;Efectiu;;23/02/2024;febrero;2024;0.0;14.87;Càrrec;menjar;Dia;;False
6846;Efectiu;Efectiu;01/07/2026;julio;2026;0.0;7.41;Càrrec;menjar;Peixeteria;;False
6907;TradeRep.;Dèbit;24/07/2026;julio;2026;0.0;5.8;Càrrec;restaurant;Bar;Gelats;False
6909;Efectiu;Efectiu;26/07/2026;julio;2026;0.0;9.0;Càrrec;menjar;Plaça;;False
6845;Efectiu;Efectiu;05/07/2026;julio;2026;0.0;8.8;Càrrec;menjar;Plaça;;False
6847;Efectiu;Efectiu;01/07/2026;julio;2026;0.0;10.0;Càrrec;menjar;Plaça;;False
3229;BBVA;Compte;05/03/2024;marzo;2024;0.0;25.51;op_banc;op_banc;Pago VISA;;False
3244;BBVA;Compte;07/03/2024;marzo;2024;250.0;0.0;op_banc;op_banc;Traspàs comptes;;False
3263;LaCaixa;Compte;07/03/2024;marzo;2024;0.0;700.0;op_banc;op_banc;Traspàs comptes;;False
6848;Efectiu;Efectiu;01/07/2026;julio;2026;0.0;1.97;Càrrec;menjar;Fruiteria Deepak;;False
6849;Efectiu;;01/07/2026;julio;2026;0.0;13.0;Càrrec;roba;Mercat;;False
6850;Efectiu;Efectiu;08/07/2026;julio;2026;0.0;6.36;Càrrec;menjar;Fruiterra;;False
6851;Efectiu;;08/07/2026;julio;2026;0.0;26.0;Càrrec;restaurant;Restaurant;Konig. Girona;False
6910;TradeRep.;Dèbit;26/07/2026;julio;2026;0.0;20.92;Càrrec;menjar;Dia;;False
3286;BBVA;Compte;17/03/2024;marzo;2024;0.0;50.0;op_banc;op_banc;Reintegre Caixer;;False
3332;Casa;;28/03/2024;marzo;2024;0.0;150.0;op_banc;op_banc;Traspàs comptes;;False
3303;BBVA;Compte;22/03/2024;marzo;2024;0.0;20.0;op_banc;op_banc;Reintegre Caixer;;False
6852;TradeRep.;Dèbit;10/07/2026;julio;2026;0.0;22.62;Càrrec;menjar;Dia;;False
6853;TradeRep.;Dèbit;10/07/2026;julio;2026;0.0;3.78;Càrrec;neteja;Dia;;False
6911;TradeRep.;Dèbit;27/07/2026;julio;2026;0.0;1.5;Càrrec;manteniment;Altres mant.;Inflar rodes cotxe;False
3365;Casa;;06/04/2024;abril;2024;0.0;50.0;op_banc;op_banc;Traspàs comptes;;False
3361;BBVA;Compte;06/04/2024;abril;2024;0.0;316.55;op_banc;op_banc;Pago VISA;;False
6854;TradeRep.;Dèbit;11/07/2026;julio;2026;0.0;23.64;Càrrec;neteja;Clarel;;False
6912;TradeRep.;Dèbit;27/07/2026;julio;2026;0.0;5.17;Càrrec;manteniment;Xino Sta.Coloma;Detalls cumple Mireia;False
6913;TradeRep.;Efectiu;27/07/2026;julio;2026;0.0;24.22;Càrrec;gasolina;GasolinaAreaGuissona;;False
3400;Casa;;15/04/2024;abril;2024;0.0;100.0;op_banc;op_banc;Traspàs comptes;;False
3407;LaCaixa;Compte;19/04/2024;abril;2024;0.0;600.0;op_banc;op_banc;Traspàs comptes;;False
3408;BBVA;Compte;19/04/2024;abril;2024;600.0;0.0;op_banc;op_banc;Traspàs comptes;;False
3425;LaCaixa;Compte;23/04/2024;abril;2024;0.0;600.0;op_banc;op_banc;Traspàs comptes;;False
3532;BBVA;Compte;25/05/2024;mayo;2024;891.06;0.0;Ingrés;ingrés_general;Pensió Enric;;False
3676;BBVA;Compte;25/06/2024;junio;2024;891.06;0.0;Ingrés;ingrés_general;Pensió Enric;;False
3791;BBVA;Compte;25/07/2024;julio;2024;891.06;0.0;Ingrés;ingrés_general;Pensió Enric;;False
3480;BBVA;Compte;03/05/2024;mayo;2024;0.0;1.48;op_banc;op_banc;Pago VISA;;False
3910;BBVA;Compte;25/08/2024;agosto;2024;891.06;0.0;Ingrés;ingrés_general;Pensió Enric;;False
3463;BBVA;Compte;02/05/2024;mayo;2024;0.0;50.0;op_banc;op_banc;Traspàs comptes;;False
3483;BBVA;Compte;06/05/2024;mayo;2024;0.0;50.0;op_banc;op_banc;Traspàs comptes;;False
3506;LaCaixa;Compte;12/05/2024;mayo;2024;0.0;100.0;op_banc;op_banc;Traspàs comptes;;False
3512;BBVA;Compte;14/05/2024;mayo;2024;0.0;70.0;op_banc;op_banc;Traspàs comptes;;False
4030;BBVA;Compte;25/09/2024;septiembre;2024;891.06;0.0;Ingrés;ingrés_general;Pensió Enric;;False
4129;BBVA;Compte;25/10/2024;octubre;2024;891.06;0.0;Ingrés;ingrés_general;Pensió Enric;;False
4267;BBVA;Compte;25/11/2024;noviembre;2024;891.06;0.0;Ingrés;ingrés_general;Pensió Enric;;False
4406;BBVA;Compte;26/12/2024;diciembre;2024;891.06;0.0;Ingrés;ingrés_general;Pensió Enric;;False
4638;BBVA;Compte;25/02/2025;febrero;2025;916.01;0.0;Ingrés;ingrés_general;Pensió Enric;;False
4775;BBVA;Compte;25/03/2025;marzo;2025;916.01;0.0;Ingrés;ingrés_general;Pensió Enric;;False
4908;BBVA;Compte;26/04/2025;abril;2025;916.01;0.0;Ingrés;ingrés_general;Pensió Enric;;False
5034;BBVA;Compte;25/05/2025;mayo;2025;916.01;0.0;Ingrés;ingrés_general;Pensió Enric;;False
5162;BBVA;Compte;25/06/2025;junio;2025;916.01;0.0;Ingrés;ingrés_general;Pensió Enric;;False
5280;BBVA;Compte;25/07/2025;julio;2025;916.01;0.0;Ingrés;ingrés_general;Pensió Enric;;False
5407;BBVA;Compte;25/08/2025;agosto;2025;916.01;0.0;Ingrés;ingrés_general;Pensió Enric;;False
5558;BBVA;Compte;25/09/2025;septiembre;2025;916.01;0.0;Ingrés;ingrés_general;Pensió Enric;;False
5663;BBVA;Compte;25/10/2025;octubre;2025;916.01;0.0;Ingrés;ingrés_general;Pensió Enric;;False
6630;BBVA;Compte;25/05/2026;mayo;2026;940.74;0.0;Ingrés;ingrés_general;Pensió Enric;;False
6914;Efectiu;Efectiu;27/07/2026;julio;2026;0.0;2.5;Càrrec;menjar;Ous casolans;;False
154;LaCaixa;Compte;24/05/2021;mayo;2021;402.8;0.0;Ingrés;ingrés_general;Pensió no contributiva;;False
335;LaCaixa;Compte;24/08/2021;agosto;2021;402.8;0.0;Ingrés;ingrés_general;Pensió no contributiva;;False
3539;LaCaixa;Compte;25/05/2024;mayo;2024;0.0;5500.0;op_banc;op_banc;Traspàs comptes;Transferència BBVA;False
93;LaCaixa;Compte;24/04/2021;abril;2021;402.8;0.0;Ingrés;ingrés_general;Pensió no contributiva;;False
389;LaCaixa;Compte;24/09/2021;septiembre;2021;0.0;0.0;Ingrés;ingrés_general;Pensió no contributiva;;False
390;LaCaixa;Compte;24/09/2021;septiembre;2021;402.8;0.0;Ingrés;ingrés_general;Pensió no contributiva;;False
714;LaCaixa;Compte;24/02/2022;febrero;2022;421.4;0.0;Ingrés;ingrés_general;Pensió no contributiva;;False
790;LaCaixa;Compte;24/03/2022;marzo;2022;421.4;0.0;Ingrés;ingrés_general;Pensió no contributiva;;False
3535;BBVA;Compte;25/05/2024;mayo;2024;0.0;20.0;op_banc;op_banc;Traspàs comptes;;False
3536;LaCaixa;Compte;30/04/2024;abril;2024;0.0;50.0;op_banc;op_banc;Traspàs comptes;Pago multa cotxe;False
3546;BBVA;Compte;27/05/2024;mayo;2024;5500.0;0.0;op_banc;op_banc;Traspàs comptes;;False
3554;LaCaixa;Compte;27/05/2024;mayo;2024;0.0;20.0;op_banc;op_banc;Traspàs comptes;;False
3557;LaCaixa;Compte;29/05/2024;mayo;2024;20.0;0.0;op_banc;op_banc;Traspàs comptes;No retirat caixer;False
879;LaCaixa;Compte;24/04/2022;abril;2022;421.4;0.0;Ingrés;ingrés_general;Pensió no contributiva;;False
1055;LaCaixa;Compte;24/06/2022;junio;2022;842.8;0.0;Ingrés;ingrés_general;Pensió no contributiva;;False
1157;LaCaixa;Compte;24/07/2022;julio;2022;484.61;0.0;Ingrés;ingrés_general;Pensió no contributiva;;False
1280;LaCaixa;Compte;24/08/2022;agosto;2022;484.61;0.0;Ingrés;ingrés_general;Pensió no contributiva;;False
1408;LaCaixa;Compte;24/09/2022;septiembre;2022;484.61;0.0;Ingrés;ingrés_general;Pensió no contributiva;;False
1855;LaCaixa;Compte;24/01/2023;enero;2023;484.61;0.0;Ingrés;ingrés_general;Pensió no contributiva;;False
6915;Efectiu;;24/07/2026;julio;2026;0.0;24.0;Càrrec;varis;Expectacle/Teatre;Catarres. festa Major;False
880;Efectiu;;24/04/2022;abril;2022;0.0;7.0;Càrrec;menjar;Plaça;;False
881;Efectiu;;24/04/2022;abril;2022;0.0;12.0;Càrrec;menjar;Plaça;Pollastre a l'ast;False
1221;Efectiu;;06/08/2022;agosto;2022;0.0;11.63;Càrrec;menjar;Plaça;;False
1229;Efectiu;;13/08/2022;agosto;2022;0.0;5.85;Càrrec;menjar;Plaça;;False
1233;Efectiu;;16/08/2022;agosto;2022;0.0;17.81;Càrrec;menjar;Plaça;;False
1369;Efectiu;;21/09/2022;septiembre;2022;0.0;20.0;Càrrec;menjar;Plaça;Tordera;False
3583;BBVA;Compte;06/06/2024;junio;2024;0.0;24.57;op_banc;op_banc;Pago VISA;;False
1977;Efectiu;;04/03/2023;marzo;2023;0.0;8.0;Càrrec;menjar;Plaça;;False
2116;Efectiu;;15/04/2023;abril;2023;0.0;5.6;Càrrec;menjar;Plaça;;False
2541;Efectiu;;08/08/2023;agosto;2023;0.0;40.0;Càrrec;menjar;Plaça;;False
3085;Efectiu;;14/01/2024;enero;2024;0.0;14.0;Càrrec;menjar;Plaça;;False
3099;Efectiu;;21/01/2024;enero;2024;0.0;6.0;Càrrec;menjar;Plaça;;False
3339;Efectiu;;31/03/2024;marzo;2024;0.0;9.8;Càrrec;menjar;Plaça;;False
3394;Efectiu;;14/04/2024;abril;2024;0.0;3.9;Càrrec;menjar;Plaça;;False
3862;Efectiu;;09/08/2024;agosto;2024;0.0;27.45;Càrrec;menjar;Plaça;;False
4357;Efectiu;;11/12/2024;diciembre;2024;0.0;8.97;Càrrec;menjar;Plaça;;False
4467;Efectiu;;22/01/2025;enero;2025;0.0;10.0;Càrrec;menjar;Plaça;;False
4489;Efectiu;;12/01/2025;enero;2025;0.0;10.0;Càrrec;menjar;Plaça;;False
4506;Efectiu;;19/01/2025;enero;2025;0.0;9.85;Càrrec;menjar;Plaça;;False
4555;Efectiu;;02/02/2025;febrero;2025;0.0;6.0;Càrrec;menjar;Plaça;;False
4633;Efectiu;;23/02/2025;febrero;2025;0.0;8.9;Càrrec;menjar;Plaça;;False
5301;Efectiu;;27/07/2025;julio;2025;0.0;5.6;Càrrec;menjar;Plaça;;False
5425;Efectiu;;23/08/2025;agosto;2025;0.0;10.0;Càrrec;menjar;Plaça;;False
5754;Efectiu;;08/11/2025;noviembre;2025;0.0;5.0;Càrrec;menjar;Plaça;castanya i incens;False
5756;Efectiu;;09/11/2025;noviembre;2025;0.0;7.0;Càrrec;menjar;Plaça;caramenls fira;False
5762;Efectiu;;09/11/2025;noviembre;2025;0.0;5.0;Càrrec;menjar;Plaça;licor de castanya;False
5763;Efectiu;;16/11/2025;noviembre;2025;0.0;6.3;Càrrec;menjar;Plaça;;False
5804;Efectiu;;30/11/2025;noviembre;2025;0.0;7.8;Càrrec;menjar;Plaça;;False
5831;Efectiu;;06/12/2025;diciembre;2025;0.0;10.0;Càrrec;menjar;Plaça;;False
5839;Efectiu;;07/12/2025;diciembre;2025;0.0;4.64;Càrrec;menjar;Plaça;;False
5872;Efectiu;;14/12/2025;diciembre;2025;0.0;8.3;Càrrec;menjar;Plaça;;False
6001;Efectiu;;05/01/2026;enero;2026;0.0;38.9;Càrrec;rebost;Plaça;Herbes mercat Pilar;False
6142;Efectiu;;08/02/2026;febrero;2026;0.0;7.9;Càrrec;menjar;Plaça;;False
6234;Efectiu;;01/03/2026;marzo;2026;0.0;40.99;Càrrec;menjar;Plaça;;False
6310;Efectiu;;15/03/2026;marzo;2026;0.0;13.78;Càrrec;menjar;Plaça;;False
6417;Efectiu;;06/04/2026;abril;2026;0.0;11.52;Càrrec;menjar;Plaça;;False
6444;Efectiu;;12/04/2026;abril;2026;0.0;3.0;Càrrec;menjar;Plaça;;False
6643;Efectiu;;24/05/2026;mayo;2026;0.0;7.42;Càrrec;menjar;Plaça;;False
6916;Efectiu;;24/07/2026;julio;2026;0.0;8.0;Càrrec;personal;Jordi;;False
3589;BBVA;Compte;05/06/2024;junio;2024;0.0;140.0;op_banc;op_banc;Traspàs comptes;;False
3618;BBVA;Compte;10/06/2024;junio;2024;0.0;100.0;op_banc;op_banc;Traspàs comptes;;False
3620;BBVA;Compte;10/06/2024;junio;2024;0.0;20.0;op_banc;op_banc;Traspàs comptes;;False
2519;BBVA;Dèbit;09/08/2023;agosto;2023;0.0;8.1;Càrrec;menjar;Plaça;Merengues;False
5846;BBVA;Dèbit;09/12/2025;diciembre;2025;0.0;5.5;Càrrec;menjar;Plaça;Fuet Espinelves;False
6411;TradeRep.;Dèbit;03/04/2026;abril;2026;0.0;16.0;Càrrec;menjar;Plaça;;False
1784;T.CorteInglés;T.CorteInglés;30/12/2022;diciembre;2022;43.72;0.0;Càrrec;op_banc;Traspàs comptes;;False
3650;BBVA;Compte;20/06/2024;junio;2024;0.0;40.0;op_banc;op_banc;Traspàs comptes;;False
3692;Casa;Efectiu;27/06/2024;junio;2024;450.0;0.0;op_banc;op_banc;Traspàs comptes;;False
6605;TradeRep.;Compte;16/05/2026;mayo;2026;200.0;0.0;op_banc;op_banc;Traspàs comptes;;False
6653;BBVA;Compte;29/05/2026;mayo;2026;0.0;300.0;op_banc;op_banc;Traspàs comptes;Trade R.;False
6663;TradeRep.;Compte;29/05/2026;mayo;2026;300.0;0.0;op_banc;op_banc;Traspàs comptes;;False
6669;LaCaixa;Compte;31/05/2026;mayo;2026;0.0;200.0;op_banc;op_banc;Traspàs comptes;;False
6670;Casa;;01/06/2026;junio;2026;150.0;0.0;op_banc;op_banc;Traspàs comptes;;False
6640;TradeRep.;Compte;26/05/2026;mayo;2026;200.0;0.0;op_banc;op_banc;Traspàs comptes;;False
6756;TradeRep.;Compte;19/06/2026;junio;2026;200.0;;op_banc;op_banc;Traspas comptes;;False
6917;BBVA;Compte;28/07/2026;julio;2026;85.0;0.0;Ingrés;ingres_extra;Feina Foto;Panell lleuger Salvador Mogas;False
6918;BBVA;Compte;29/07/2026;julio;2026;46.36;0.0;Ingrés;ingres_general;Cartera DP Gran;;False
6919;BBVA;Compte;29/07/2026;julio;2026;22.13;0.0;Ingrés;ingres_general;Cartera DP Petit;;False
6920;BBVA;Compte;29/07/2026;julio;2026;0.0;300.0;op_banc;op_banc;Traspàs comptes;;False
3702;BBVA;Compte;01/07/2024;julio;2024;0.0;107.75;op_banc;op_banc;Pago ElCorteInglés;;False
6921;BBVA;Dèbit;29/07/2026;julio;2026;0.0;5.1;Càrrec;varis;Autopista;;False
3563;LaCaixa;Compte;29/05/2024;mayo;2024;0.0;40.0;op_banc;op_banc;Traspàs comptes;;False
3717;Casa;;03/07/2024;julio;2024;0.0;150.0;op_banc;op_banc;Traspàs comptes;;False
3726;BBVA;Compte;06/07/2024;julio;2024;0.0;879.13;op_banc;op_banc;Pago VISA;;False
6922;BBVA;VISA;29/07/2026;julio;2026;0.0;11.35;Càrrec;restaurant;Restaurant;Gelats Galan. La Torre;False
6923;BBVA;VISA;29/07/2026;julio;2026;0.0;8.2;Càrrec;restaurant;Bar;Begudes concert La Torre;False
3755;Casa;;12/07/2024;julio;2024;0.0;150.0;op_banc;op_banc;Traspàs comptes;;False
3772;Casa;;19/07/2024;julio;2024;0.0;150.0;op_banc;op_banc;Traspàs comptes;;False
3777;LaCaixa;Compte;16/07/2024;julio;2024;0.0;100.0;op_banc;op_banc;Traspàs comptes;;False
3800;BBVA;Compte;26/07/2024;julio;2024;0.0;40.0;op_banc;op_banc;Traspàs comptes;;False
6855;TradeRep.;Dèbit;11/07/2026;julio;2026;0.0;22.06;Càrrec;menjar;Novavenda;;False
3790;BBVA;Compte;24/07/2024;julio;2024;0.0;50.0;op_banc;op_banc;Reintegre Caixer;;False
2220;BBVA;Dèbit;16/05/2023;mayo;2023;0.0;3.42;Càrrec;farmàcia;Farmàcia;;False
2254;BBVA;Dèbit;24/05/2023;mayo;2023;0.0;1.24;Càrrec;farmàcia;Farmàcia;;False
2279;BBVA;Dèbit;31/05/2023;mayo;2023;0.0;9.73;Càrrec;farmàcia;Farmàcia;;False
3812;LaCaixa;Compte;27/07/2024;julio;2024;0.0;40.0;op_banc;op_banc;Traspàs comptes;;False
3813;BBVA;Compte;30/07/2024;julio;2024;700.0;0.0;op_banc;op_banc;Traspàs comptes;;False
780;BBVA;Dèbit;17/03/2022;marzo;2022;0.0;20.0;op_banc;op_banc;Reintegre Caixer;;False
784;BBVA;Dèbit;21/03/2022;marzo;2022;0.0;20.0;op_banc;op_banc;Reintegre Caixer;;False
136;BBVA;Dèbit;12/05/2021;mayo;2021;0.0;9.79;Càrrec;menjar;Dia;;False
3838;BBVA;Compte;05/08/2024;agosto;2024;0.0;181.9;op_banc;op_banc;Pago VISA;;False
23;BBVA;Dèbit;10/03/2021;marzo;2021;0.0;53.99;Càrrec;menjar;BonPreu;;False
26;BBVA;Dèbit;12/03/2021;marzo;2021;0.0;11.53;Càrrec;menjar;AreaGuissona;;False
31;BBVA;Dèbit;22/03/2021;marzo;2021;0.0;8.9;Càrrec;menjar;Dia;;False
36;BBVA;Dèbit;25/03/2021;marzo;2021;0.0;12.05;Càrrec;menjar;Dia;;False
37;BBVA;Dèbit;29/03/2021;marzo;2021;0.0;14.67;Càrrec;neteja;Clarel;;False
39;BBVA;Dèbit;29/03/2021;marzo;2021;0.0;8.17;Càrrec;menjar;Dia;;False
40;BBVA;Dèbit;29/03/2021;marzo;2021;0.0;31.38;Càrrec;menjar;AreaGuissona;;False
55;BBVA;Dèbit;05/04/2021;abril;2021;0.0;16.08;Càrrec;menjar;Can Rinsa;;False
56;BBVA;Dèbit;05/04/2021;abril;2021;0.0;22.35;Càrrec;menjar;Dia;;False
68;BBVA;Dèbit;07/04/2021;abril;2021;0.0;23.15;Càrrec;menjar;AreaGuissona;;False
84;BBVA;Dèbit;16/04/2021;abril;2021;0.0;19.34;Càrrec;menjar;Dia;;False
87;BBVA;Dèbit;19/04/2021;abril;2021;0.0;53.93;Càrrec;varis;varis;Privalia;False
88;BBVA;Dèbit;19/04/2021;abril;2021;0.0;10.05;Càrrec;menjar;fruiteria;;False
90;BBVA;Dèbit;22/04/2021;abril;2021;0.0;2.95;Càrrec;varis;varis;Ports wallapop;False
94;BBVA;Dèbit;27/04/2021;abril;2021;0.0;12.34;Càrrec;menjar;Can Rinsa;;False
114;BBVA;Dèbit;03/05/2021;mayo;2021;0.0;6.94;Càrrec;menjar;Dia;;False
2358;BBVA;Dèbit;30/06/2023;junio;2023;0.0;24.28;Càrrec;farmàcia;Farmàcia;;False
2393;BBVA;Dèbit;05/07/2023;julio;2023;0.0;11.71;Càrrec;farmàcia;Farmàcia;;False
156;BBVA;Dèbit;25/05/2021;mayo;2021;0.0;48.09;Càrrec;menjar;Carrefour;;False
126;BBVA;Dèbit;06/05/2021;mayo;2021;0.0;77.27;Càrrec;menjar;LIDL;;False
140;BBVA;Dèbit;17/05/2021;mayo;2021;0.0;47.06;Càrrec;menjar;Dia;;False
110;BBVA;Dèbit;03/05/2021;mayo;2021;0.0;9.32;Càrrec;menjar;Peixeteria;;False
138;BBVA;Dèbit;13/05/2021;mayo;2021;0.0;57.03;Càrrec;menjar;LIDL;;False
143;BBVA;Dèbit;17/05/2021;mayo;2021;0.0;5.63;Càrrec;menjar;Dia;;False
146;BBVA;Dèbit;19/05/2021;mayo;2021;0.0;10.3;Càrrec;menjar;LIDL;;False
152;BBVA;Dèbit;24/05/2021;mayo;2021;0.0;16.0;Càrrec;menjar;BonPreu;;False
149;BBVA;Dèbit;21/05/2021;mayo;2021;0.0;5.6;Càrrec;menjar;AreaGuissona;;False
145;BBVA;Dèbit;19/05/2021;mayo;2021;0.0;40.0;Càrrec;gasolina;GasolinaAreaGuissona;;False
132;BBVA;Dèbit;11/05/2021;mayo;2021;0.0;40.0;Càrrec;gasolina;GasolinaAreaGuissona;;False
139;BBVA;Dèbit;14/05/2021;mayo;2021;0.0;28.18;Càrrec;manteniment;LeroyMerlin;;False
150;BBVA;Dèbit;24/05/2021;mayo;2021;0.0;19.99;Càrrec;roba;Mango;;False
2424;BBVA;Dèbit;14/07/2023;julio;2023;0.0;2.83;Càrrec;farmàcia;Farmàcia;Nuri veïna;False
6924;TradeRep.;Dèbit;27/07/2026;julio;2026;0.0;4.37;Càrrec;menjar;Dia;;False
151;BBVA;Dèbit;24/05/2021;mayo;2021;0.0;11.95;Càrrec;restaurant;Restaurant;kebab;False
157;BBVA;Dèbit;25/05/2021;mayo;2021;0.0;10.56;Càrrec;menjar;Dia;;False
251;BBVA;Dèbit;08/07/2021;julio;2021;0.0;40.29;Càrrec;menjar;BonPreu;;False
254;BBVA;Dèbit;12/07/2021;julio;2021;0.0;40.0;Càrrec;menjar;GasolinaAreaGuissona;;False
202;BBVA;Dèbit;18/06/2021;junio;2021;0.0;9.67;Càrrec;menjar;LIDL;;False
3868;LaCaixa;Compte;30/07/2024;julio;2024;0.0;800.0;op_banc;op_banc;Traspàs comptes;;False
3869;LaCaixa;Compte;09/08/2024;agosto;2024;0.0;100.0;op_banc;op_banc;Traspàs comptes;;False
3873;BBVA;Compte;13/08/2024;agosto;2024;150.0;0.0;op_banc;op_banc;Traspàs comptes;;False
3907;BBVA;Compte;25/08/2024;agosto;2024;0.0;20.0;op_banc;op_banc;Traspàs comptes;;False
3662;BBVA;Dèbit;21/06/2024;junio;2024;0.0;8.95;Càrrec;menjar;Dia;;False
158;BBVA;Dèbit;26/05/2021;mayo;2021;0.0;36.63;Càrrec;menjar;Mercadona;;False
258;BBVA;Dèbit;14/07/2021;julio;2021;0.0;14.5;Càrrec;Parallar;IKEA mobles;;False
315;BBVA;Dèbit;10/08/2021;agosto;2021;0.0;40.0;Càrrec;gasolina;GasolinaAreaGuissona;;False
316;BBVA;Dèbit;10/08/2021;agosto;2021;0.0;4.55;Càrrec;menjar;Dia;;False
321;BBVA;Dèbit;12/08/2021;agosto;2021;0.0;14.57;Càrrec;menjar;Dia;;False
327;BBVA;Dèbit;20/08/2021;agosto;2021;0.0;18.0;Càrrec;restaurant;Restaurant;Can Moni;False
329;BBVA;Dèbit;23/08/2021;agosto;2021;0.0;49.85;Càrrec;menjar;LIDL;;False
330;BBVA;Dèbit;23/08/2021;agosto;2021;0.0;54.45;Càrrec;restaurant;Restaurant;Xino buffet Platja d'Aro;False
333;BBVA;Dèbit;24/08/2021;agosto;2021;0.0;104.0;Càrrec;varis;Extra;Viatge Venezia;False
339;BBVA;Dèbit;26/08/2021;agosto;2021;0.0;8.39;Càrrec;menjar;Dia;;False
345;BBVA;Dèbit;30/08/2021;agosto;2021;0.0;93.2;Càrrec;menjar;LIDL;;False
354;BBVA;Dèbit;02/09/2021;septiembre;2021;0.0;98.64;Càrrec;menjar;Mercadona;;False
355;BBVA;Dèbit;02/09/2021;septiembre;2021;0.0;40.0;Càrrec;gasolina;GasolinaAreaGuissona;;False
361;BBVA;Dèbit;06/09/2021;septiembre;2021;0.0;22.65;Càrrec;menjar;Can Rinsa;;False
194;BBVA;Dèbit;14/06/2021;junio;2021;0.0;18.75;Càrrec;menjar;Dia;;False
363;BBVA;Dèbit;06/09/2021;septiembre;2021;0.0;24.82;Càrrec;neteja;Clarel;;False
371;BBVA;Dèbit;09/09/2021;septiembre;2021;0.0;4.65;Càrrec;varis;Parking;generalitat;False
196;BBVA;Dèbit;14/06/2021;junio;2021;0.0;40.0;Càrrec;menjar;GasolinaAreaGuissona;;False
262;BBVA;Dèbit;15/07/2021;julio;2021;0.0;14.62;Càrrec;menjar;AreaGuissona;;False
179;BBVA;Dèbit;03/06/2021;junio;2021;0.0;12.81;Càrrec;menjar;AreaGuissona;;False
261;BBVA;Dèbit;15/07/2021;julio;2021;0.0;20.35;Càrrec;menjar;Dia;;False
164;BBVA;Dèbit;31/05/2021;mayo;2021;0.0;9.32;Càrrec;menjar;Dia;;False
259;BBVA;Dèbit;14/07/2021;julio;2021;0.0;7.0;Càrrec;menjar;IKEA menjar;;False
198;BBVA;Dèbit;15/06/2021;junio;2021;0.0;12.26;Càrrec;menjar;Carrefour;;False
275;BBVA;Dèbit;23/07/2021;julio;2021;0.0;9.65;Càrrec;manteniment;Altres mant.;DecorHome;False
256;BBVA;Dèbit;13/07/2021;julio;2021;0.0;17.71;Càrrec;manteniment;Xino Sta.Coloma;;False
279;BBVA;Dèbit;27/07/2021;julio;2021;0.0;9.55;Càrrec;menjar;Altres menjar;Santiago Ros Aguado;False
269;BBVA;Dèbit;19/07/2021;julio;2021;0.0;52.84;Càrrec;menjar;Altres menjar;Alcampo. La Zenia;False
297;BBVA;Dèbit;02/08/2021;agosto;2021;0.0;15.0;Càrrec;menjar;Altres menjar;Carniceria Matilde;False
231;BBVA;Dèbit;05/07/2021;julio;2021;0.0;12.09;Càrrec;menjar;AreaGuissona;;False
248;BBVA;Dèbit;07/07/2021;julio;2021;0.0;14.41;Càrrec;menjar;AreaGuissona;;False
267;BBVA;Dèbit;16/07/2021;julio;2021;0.0;20.25;Càrrec;menjar;BonPreu;;False
271;BBVA;Dèbit;20/07/2021;julio;2021;0.0;90.17;Càrrec;menjar;Carrefour;La Zenia;False
325;BBVA;Dèbit;16/08/2021;agosto;2021;0.0;15.81;Càrrec;menjar;Dia;;False
257;BBVA;Dèbit;13/07/2021;julio;2021;0.0;11.95;Càrrec;menjar;Dia;;False
253;BBVA;Dèbit;12/07/2021;julio;2021;0.0;31.25;Càrrec;menjar;Dia;;False
314;BBVA;Dèbit;09/08/2021;agosto;2021;0.0;8.9;Càrrec;menjar;Dia;;False
264;BBVA;Dèbit;16/07/2021;julio;2021;0.0;7.0;Càrrec;farmàcia;Farmàcia;;False
326;BBVA;Dèbit;18/08/2021;agosto;2021;0.0;30.0;Càrrec;gasolina;GasolinaAreaGuissona;;False
266;BBVA;Dèbit;16/07/2021;julio;2021;0.0;40.0;Càrrec;gasolina;GasolinaAreaGuissona;;False
270;BBVA;Dèbit;19/07/2021;julio;2021;0.0;111.0;Càrrec;varis;varis;Soloptical;False
276;BBVA;Dèbit;23/07/2021;julio;2021;0.0;200.8;Càrrec;restaurant;Restaurant;;False
6925;TradeRep.;Dèbit;28/07/2026;julio;2026;0.0;14.48;Càrrec;menjar;BonPreu;;False
268;BBVA;Dèbit;19/07/2021;julio;2021;0.0;57.1;Càrrec;restaurant;Restaurant;Rest. Jardín;False
338;BBVA;Dèbit;26/08/2021;agosto;2021;0.0;24.44;Càrrec;farmàcia;Farmàcia;;False
299;BBVA;Dèbit;03/08/2021;agosto;2021;0.0;8.5;Càrrec;farmàcia;Farmàcia;;False
372;BBVA;Dèbit;09/09/2021;septiembre;2021;0.0;57.1;Càrrec;restaurant;Restaurant;Tomàquet;False
387;BBVA;Dèbit;23/09/2021;septiembre;2021;0.0;63.0;Càrrec;restaurant;Restaurant;La Cala Palamós;False
6926;TradeRep.;Dèbit;28/07/2026;julio;2026;0.0;2.78;Càrrec;menjar;Fruiteria Deepak;;False
6927;Efectiu;;28/07/2026;julio;2026;0.0;5.0;Càrrec;personal;Jordi;;False
3932;LaCaixa;Compte;27/08/2024;agosto;2024;0.0;20.0;op_banc;op_banc;Traspàs comptes;;False
3933;LaCaixa;Compte;29/08/2024;agosto;2024;0.0;430.0;op_banc;op_banc;Traspàs comptes;;False
3966;BBVA;Compte;11/09/2024;septiembre;2024;450.0;0.0;op_banc;op_banc;Traspàs comptes;;False
3968;LaCaixa;Compte;10/09/2024;septiembre;2024;0.0;500.0;op_banc;op_banc;Traspàs comptes;;False
3969;LaCaixa;Compte;07/09/2024;septiembre;2024;0.0;50.0;op_banc;op_banc;Traspàs comptes;;False
3980;BBVA;Compte;13/09/2024;septiembre;2024;300.0;0.0;op_banc;op_banc;Traspàs comptes;;False
373;BBVA;Dèbit;09/09/2021;septiembre;2021;0.0;77.9;Càrrec;manteniment;LeroyMerlin;;False
374;BBVA;Dèbit;09/09/2021;septiembre;2021;0.0;40.0;Càrrec;gasolina;GasolinaAreaGuissona;;False
376;BBVA;Dèbit;13/09/2021;septiembre;2021;0.0;16.2;Càrrec;menjar;AreaGuissona;;False
377;BBVA;Dèbit;13/09/2021;septiembre;2021;0.0;12.32;Càrrec;menjar;Dia;;False
380;BBVA;Dèbit;15/09/2021;septiembre;2021;0.0;13.77;Càrrec;menjar;Dia;;False
3945;BBVA;Compte;01/09/2024;septiembre;2024;0.0;70.0;op_banc;op_banc;Reintegre Caixer;;False
659;BBVA;Dèbit;28/01/2022;enero;2022;0.0;10.68;Càrrec;menjar;AreaGuissona;;False
386;BBVA;Dèbit;21/09/2021;septiembre;2021;0.0;9.41;Càrrec;menjar;AreaGuissona;;False
391;BBVA;Dèbit;27/09/2021;septiembre;2021;0.0;61.0;Càrrec;menjar;BonPreu;;False
393;BBVA;Dèbit;27/09/2021;septiembre;2021;0.0;6.89;Càrrec;menjar;Dia;;False
395;BBVA;Dèbit;28/09/2021;septiembre;2021;0.0;10.0;Càrrec;gasolina;Gasolina Altres;Santa Coloma;False
396;BBVA;Dèbit;28/09/2021;septiembre;2021;0.0;30.0;Càrrec;gasolina;GasolinaAreaGuissona;;False
402;BBVA;Dèbit;29/09/2021;septiembre;2021;0.0;13.78;Càrrec;menjar;Dia;;False
3956;BBVA;Compte;05/09/2024;septiembre;2024;0.0;181.14;op_banc;op_banc;Pago VISA;;False
409;BBVA;Dèbit;01/10/2021;octubre;2021;0.0;16.64;Càrrec;menjar;Aldi;;False
413;BBVA;Dèbit;04/10/2021;octubre;2021;0.0;82.0;Càrrec;menjar;Carrefour;;False
414;BBVA;Dèbit;04/10/2021;octubre;2021;0.0;8.1;Càrrec;menjar;Dia;;False
422;BBVA;Dèbit;05/10/2021;octubre;2021;0.0;40.0;Càrrec;gasolina;GasolinaAreaGuissona;;False
423;BBVA;Dèbit;05/10/2021;octubre;2021;0.0;55.59;Càrrec;menjar;Mercadona;;False
424;BBVA;Dèbit;05/10/2021;octubre;2021;0.0;2.18;Càrrec;manteniment;Xino Sta.Coloma;;False
425;BBVA;Dèbit;05/10/2021;octubre;2021;0.0;28.36;Càrrec;menjar;LIDL;;False
427;BBVA;Dèbit;06/10/2021;octubre;2021;0.0;24.75;Càrrec;menjar;Can Rinsa;;False
431;BBVA;Dèbit;08/10/2021;octubre;2021;0.0;13.36;Càrrec;menjar;Dia;;False
433;BBVA;Dèbit;11/10/2021;octubre;2021;0.0;8.14;Càrrec;menjar;Dia;;False
437;BBVA;Dèbit;18/10/2021;octubre;2021;0.0;40.0;Càrrec;gasolina;GasolinaAreaGuissona;;False
439;BBVA;Dèbit;18/10/2021;octubre;2021;0.0;5.81;Càrrec;menjar;LIDL;;False
440;BBVA;Dèbit;18/10/2021;octubre;2021;0.0;10.25;Càrrec;manteniment;Xino Sta.Coloma;;False
441;BBVA;Dèbit;18/10/2021;octubre;2021;0.0;369.0;Càrrec;varis;Extra;Apartament Venezia;False
442;BBVA;Dèbit;19/10/2021;octubre;2021;0.0;40.0;Càrrec;gasolina;GasolinaAreaGuissona;;False
444;BBVA;Dèbit;20/10/2021;octubre;2021;0.0;50.0;Càrrec;gasolina;GasolinaAreaGuissona;Carme Elias;False
451;BBVA;Dèbit;25/10/2021;octubre;2021;0.0;127.6;Càrrec;restaurant;Restaurant;Un Bocado BCN;False
452;BBVA;Dèbit;25/10/2021;octubre;2021;0.0;56.88;Càrrec;menjar;Carrefour;;False
453;BBVA;Dèbit;25/10/2021;octubre;2021;0.0;8.4;Càrrec;restaurant;Bar;gelats Venezia;False
454;BBVA;Dèbit;25/10/2021;octubre;2021;0.0;85.4;Càrrec;restaurant;Restaurant;Piccolo Martin.Venezia;False
455;BBVA;Dèbit;25/10/2021;octubre;2021;0.0;135.0;Càrrec;varis;Extra;Vaporreto.Venezia;False
458;BBVA;Dèbit;27/10/2021;octubre;2021;0.0;15.54;Càrrec;menjar;Altres menjar;Super.Venezia;False
6928;Efectiu;;28/07/2026;julio;2026;0.0;6.0;Càrrec;varis;Rentar cotxe;;False
6929;TradeRep.;Dèbit;29/07/2026;julio;2026;0.0;20.0;Càrrec;gasolina;Gasolina altres;Autopista ;False
6930;TradeRep.;Dèbit;29/07/2026;julio;2026;0.0;48.75;Càrrec;menjar;Mercadona;[VACANCES];False
430;BBVA;Dèbit;07/10/2021;octubre;2021;0.0;13.75;Càrrec;farmàcia;Farmàcia;;False
496;BBVA;Dèbit;15/11/2021;noviembre;2021;0.0;1.66;Càrrec;farmàcia;Farmàcia;;False
4011;BBVA;Compte;22/09/2024;septiembre;2024;0.0;40.0;op_banc;op_banc;Traspàs comptes;;False
4013;LaCaixa;Compte;13/09/2024;septiembre;2024;0.0;400.0;op_banc;op_banc;Traspàs comptes;;False
459;BBVA;Dèbit;27/10/2021;octubre;2021;0.0;3.84;Càrrec;varis;Autopista;Vallvidrera;False
484;BBVA;Dèbit;08/11/2021;noviembre;2021;0.0;9.52;Càrrec;menjar;Dia;;False
487;BBVA;Dèbit;10/11/2021;noviembre;2021;0.0;7.06;Càrrec;menjar;Dia;;False
488;BBVA;Dèbit;10/11/2021;noviembre;2021;0.0;5.22;Càrrec;menjar;Dia;;False
493;BBVA;Dèbit;15/11/2021;noviembre;2021;0.0;16.08;Càrrec;menjar;AreaGuissona;Carme Elias;False
494;BBVA;Dèbit;15/11/2021;noviembre;2021;0.0;12.86;Càrrec;menjar;Dia;;False
495;BBVA;Dèbit;15/11/2021;noviembre;2021;0.0;23.28;Càrrec;menjar;Carrefour;;False
503;BBVA;Dèbit;22/11/2021;noviembre;2021;0.0;12.17;Càrrec;menjar;Dia;;False
504;BBVA;Dèbit;22/11/2021;noviembre;2021;0.0;18.88;Càrrec;menjar;AreaGuissona;;False
505;BBVA;Dèbit;23/11/2021;noviembre;2021;0.0;40.0;Càrrec;gasolina;GasolinaAreaGuissona;;False
506;BBVA;Dèbit;23/11/2021;noviembre;2021;0.0;7.7;Càrrec;menjar;Dia;;False
510;BBVA;Dèbit;25/11/2021;noviembre;2021;0.0;13.01;Càrrec;menjar;Dia;;False
516;BBVA;Dèbit;26/11/2021;noviembre;2021;0.0;8.13;Càrrec;manteniment;LeroyMerlin;;False
517;BBVA;Dèbit;26/11/2021;noviembre;2021;0.0;62.03;Càrrec;menjar;Carrefour;;False
518;BBVA;Dèbit;29/11/2021;noviembre;2021;0.0;8.07;Càrrec;menjar;AreaGuissona;;False
519;BBVA;Dèbit;29/11/2021;noviembre;2021;0.0;8.78;Càrrec;manteniment;LeroyMerlin;;False
520;BBVA;Dèbit;29/11/2021;noviembre;2021;0.0;40.86;Càrrec;menjar;Altres menjar;Hipercor;False
521;BBVA;Dèbit;29/11/2021;noviembre;2021;0.0;61.08;Càrrec;menjar;LIDL;;False
548;BBVA;Dèbit;13/12/2021;diciembre;2021;0.0;14.78;Càrrec;menjar;Dia;;False
549;BBVA;Dèbit;13/12/2021;diciembre;2021;0.0;6.41;Càrrec;menjar;Dia;;False
559;BBVA;Dèbit;18/12/2021;diciembre;2021;0.0;15.55;Càrrec;menjar;Aldi;;False
560;BBVA;Dèbit;18/12/2021;diciembre;2021;0.0;7.98;Càrrec;roba;Decatlon;;False
561;BBVA;Dèbit;18/12/2021;diciembre;2021;0.0;11.99;Càrrec;manteniment;LeroyMerlin;;False
564;BBVA;Dèbit;20/12/2021;diciembre;2021;0.0;25.1;Càrrec;menjar;LIDL;;False
569;BBVA;Dèbit;23/12/2021;diciembre;2021;0.0;21.87;Càrrec;menjar;Dialprix;;False
570;BBVA;Dèbit;23/12/2021;diciembre;2021;0.0;30.29;Càrrec;menjar;Altres menjar;Campillo;False
571;BBVA;Dèbit;23/12/2021;diciembre;2021;0.0;14.9;Càrrec;menjar;Altres menjar;Super Giri;False
581;BBVA;Dèbit;28/12/2021;diciembre;2021;0.0;22.47;Càrrec;menjar;Altres menjar;Mas&Mas;False
582;BBVA;Dèbit;28/12/2021;diciembre;2021;0.0;16.11;Càrrec;menjar;Mercadona;;False
583;BBVA;Dèbit;29/12/2021;diciembre;2021;0.0;29.3;Càrrec;restaurant;Restaurant;2Mares. Pistatxo;False
593;BBVA;Dèbit;30/12/2021;diciembre;2021;0.0;55.87;Càrrec;roba;Altres roba;Woman Secret;False
594;BBVA;Dèbit;30/12/2021;diciembre;2021;0.0;22.78;Càrrec;roba;Altres roba;Woman Secret;False
595;BBVA;Dèbit;30/12/2021;diciembre;2021;0.0;128.01;Càrrec;roba;Altres roba;Lefties;False
596;BBVA;Dèbit;30/12/2021;diciembre;2021;0.0;69.34;Càrrec;menjar;Altres menjar;Alcampo.La Zenia;False
597;BBVA;Dèbit;30/12/2021;diciembre;2021;0.0;59.45;Càrrec;restaurant;Restaurant;Che. La Zenia;False
598;BBVA;Dèbit;30/12/2021;diciembre;2021;0.0;18.17;Càrrec;manteniment;LeroyMerlin;;False
603;BBVA;Dèbit;31/12/2021;diciembre;2021;0.0;10.83;Càrrec;menjar;Dialprix;;False
605;BBVA;Dèbit;03/01/2022;enero;2022;0.0;36.84;Càrrec;menjar;Dialprix;;False
606;BBVA;Dèbit;03/01/2022;enero;2022;0.0;20.79;Càrrec;roba;Altres roba;Woman Secret;False
610;BBVA;Dèbit;05/01/2022;enero;2022;0.0;56.2;Càrrec;restaurant;Restaurant;La Rucola;False
616;BBVA;Dèbit;05/01/2022;enero;2022;0.0;47.35;Càrrec;gasolina;gasolina Altres;El Pilar;False
617;BBVA;Dèbit;05/01/2022;enero;2022;0.0;49.11;Càrrec;menjar;Carrefour;;False
623;BBVA;Dèbit;07/01/2022;enero;2022;0.0;10.0;Càrrec;gasolina;gasolina Altres;Autopista;False
624;BBVA;Dèbit;07/01/2022;enero;2022;0.0;59.47;Càrrec;roba;Altres roba;Adidas;False
625;BBVA;Dèbit;10/01/2022;enero;2022;0.0;7.6;Càrrec;menjar;Dia;;False
627;BBVA;Dèbit;11/01/2022;enero;2022;0.0;40.0;Càrrec;gasolina;GasolinaAreaGuissona;;False
628;BBVA;Dèbit;11/01/2022;enero;2022;0.0;8.5;Càrrec;menjar;Mercadona;;False
629;BBVA;Dèbit;11/01/2022;enero;2022;0.0;2.35;Càrrec;varis;Autopista;;False
563;BBVA;Dèbit;20/12/2021;diciembre;2021;0.0;1.67;Càrrec;farmàcia;Farmàcia;;False
558;BBVA;Dèbit;18/12/2021;diciembre;2021;0.0;70.9;Càrrec;restaurant;Restaurant;Sushi Vic. Indústria 52;False
620;BBVA;Dèbit;07/01/2022;enero;2022;0.0;73.3;Càrrec;restaurant;Restaurant;La Gonga.Los Alcázares;False
6931;TradeRep.;Dèbit;29/07/2026;julio;2026;0.0;81.07;Càrrec;menjar;Mamper;[VACANCES];False
6932;TradeRep.;Compte;29/07/2026;julio;2026;300.0;0.0;op_banc;op_banc;Traspàs comptes;;False
4053;BBVA;Compte;30/09/2024;septiembre;2024;0.0;549.0;op_banc;op_banc;Pago ElCorteInglés;;False
4054;BBVA;Compte;30/09/2024;septiembre;2024;0.0;88.71;op_banc;op_banc;Pago ElCorteInglés;;False
577;BBVA;Dèbit;27/12/2021;diciembre;2021;0.0;6.63;Càrrec;farmàcia;Farmàcia;;False
656;BBVA;Dèbit;26/01/2022;enero;2022;0.0;63.7;Càrrec;restaurant;Restaurant;Tomàquet;False
709;BBVA;Dèbit;22/02/2022;febrero;2022;0.0;47.0;Càrrec;restaurant;Restaurant;Can Gabatxó.Sta.Coloma;False
4084;BBVA;Compte;07/10/2024;octubre;2024;20.0;0.0;op_banc;op_banc;Traspàs comptes;Traspàs VISA;False
6933;TradeRep.;Dèbit;29/07/2026;julio;2026;0.0;48.8;Càrrec;restaurant;Restaurant;La Pita. La Torre;False
4051;BBVA;Compte;30/09/2024;septiembre;2024;500.0;0.0;op_banc;op_banc;Traspàs comptes;;False
4052;LaCaixa;Compte;30/09/2024;septiembre;2024;0.0;500.0;op_banc;op_banc;Traspàs comptes;;False
4072;LaCaixa;Compte;03/10/2024;octubre;2024;0.0;20.0;op_banc;op_banc;Traspàs comptes;;False
4073;LaCaixa;Compte;03/10/2024;octubre;2024;0.0;100.0;op_banc;op_banc;Traspàs comptes;;False
4078;LaCaixa;Compte;04/10/2024;octubre;2024;0.0;50.0;op_banc;op_banc;Traspàs comptes;;False
4083;BBVA;Compte;04/10/2024;octubre;2024;50.0;0.0;op_banc;op_banc;Traspàs comptes;;False
4086;BBVA;VISA;05/10/2024;octubre;2024;0.0;20.0;op_banc;op_banc;Traspàs comptes;VISA a Cta.;False
631;BBVA;Dèbit;12/01/2022;enero;2022;0.0;6.72;Càrrec;menjar;Dia;;False
633;BBVA;Dèbit;13/01/2022;enero;2022;0.0;9.48;Càrrec;menjar;AreaGuissona;;False
635;BBVA;Dèbit;14/01/2022;enero;2022;0.0;5.96;Càrrec;menjar;Dia;;False
638;BBVA;Dèbit;17/01/2022;enero;2022;0.0;40.0;Càrrec;gasolina;GasolinaAreaGuissona;;False
641;BBVA;Dèbit;17/01/2022;enero;2022;0.0;66.03;Càrrec;menjar;LIDL;;False
643;BBVA;Dèbit;04/01/2022;enero;2022;0.0;40.03;Càrrec;menjar;Altres menjar;Mas & Mas;False
649;BBVA;Dèbit;24/01/2022;enero;2022;0.0;4.64;Càrrec;menjar;Dia;;False
650;BBVA;Dèbit;24/01/2022;enero;2022;0.0;5.96;Càrrec;menjar;Dia;;False
651;BBVA;Dèbit;24/01/2022;enero;2022;0.0;15.49;Càrrec;menjar;Dia;;False
654;BBVA;Dèbit;26/01/2022;enero;2022;0.0;2.35;Càrrec;varis;Parking;Girona;False
655;BBVA;Dèbit;26/01/2022;enero;2022;0.0;29.77;Càrrec;manteniment;LeroyMerlin;;False
661;BBVA;Dèbit;31/01/2022;enero;2022;0.0;12.54;Càrrec;menjar;Novavenda;;False
662;BBVA;Dèbit;31/01/2022;enero;2022;0.0;13.69;Càrrec;menjar;Dia;;False
675;BBVA;Dèbit;02/02/2022;febrero;2022;0.0;6.2;Càrrec;menjar;Dia;;False
681;BBVA;Dèbit;03/02/2022;febrero;2022;0.0;13.72;Càrrec;menjar;Dia;;False
684;BBVA;Dèbit;04/02/2022;febrero;2022;0.0;3.38;Càrrec;menjar;Dia;;False
685;BBVA;Dèbit;07/02/2022;febrero;2022;0.0;14.75;Càrrec;menjar;Dia;;False
689;BBVA;Dèbit;07/02/2022;febrero;2022;0.0;85.61;Càrrec;menjar;LIDL;;False
690;BBVA;Dèbit;08/02/2022;febrero;2022;0.0;50.0;Càrrec;gasolina;GasolinaAreaGuissona;;False
691;BBVA;Dèbit;08/02/2022;febrero;2022;0.0;25.89;Càrrec;manteniment;LeroyMerlin;;False
692;BBVA;Dèbit;10/02/2022;febrero;2022;0.0;15.15;Càrrec;menjar;Dia;;False
697;BBVA;Dèbit;14/02/2022;febrero;2022;0.0;58.34;Càrrec;menjar;BonPreu;;False
698;BBVA;Dèbit;14/02/2022;febrero;2022;0.0;50.0;Càrrec;gasolina;GasolinaAreaGuissona;;False
699;BBVA;Dèbit;14/02/2022;febrero;2022;0.0;16.1;Càrrec;varis;Extra;Llibre cumple Berna;False
703;BBVA;Dèbit;17/02/2022;febrero;2022;0.0;9.99;Càrrec;menjar;Dia;;False
704;BBVA;Dèbit;18/02/2022;febrero;2022;0.0;14.0;Càrrec;menjar;AreaGuissona;;False
705;BBVA;Dèbit;21/02/2022;febrero;2022;0.0;9.24;Càrrec;menjar;Dia;;False
708;BBVA;Dèbit;22/02/2022;febrero;2022;0.0;12.35;Càrrec;manteniment;Xino Sta.Coloma;;False
695;BBVA;Dèbit;14/02/2022;febrero;2022;0.0;11.86;Càrrec;farmàcia;Farmàcia;;False
807;BBVA;Dèbit;29/03/2022;marzo;2022;0.0;11.52;Càrrec;farmàcia;Farmàcia;;False
845;BBVA;Dèbit;11/04/2022;abril;2022;0.0;73.3;Càrrec;restaurant;Restaurant;Sushi Vic. Indústria 52;False
850;BBVA;Dèbit;12/04/2022;abril;2022;0.0;69.75;Càrrec;restaurant;Restaurant;Tomàquet.xuletón;False
6934;BBVA;Compte;01/08/2026;agosto;2026;0.0;44.76;Càrrec;despesa_general;Endesa;;False
4097;BBVA;Compte;14/10/2024;octubre;2024;0.0;50.0;op_banc;op_banc;Traspàs comptes;;False
4117;BBVA;Compte;21/10/2024;octubre;2024;0.0;20.0;op_banc;op_banc;Traspàs comptes;;False
4128;BBVA;Compte;24/10/2024;octubre;2024;0.0;100.0;op_banc;op_banc;Traspàs comptes;;False
4145;BBVA;Compte;26/10/2024;octubre;2024;0.0;20.0;op_banc;op_banc;Traspàs comptes;;False
4146;LaCaixa;Compte;16/10/2024;octubre;2024;0.0;20.0;op_banc;op_banc;Traspàs comptes;;False
4149;LaCaixa;Compte;26/10/2024;octubre;2024;0.0;20.0;op_banc;op_banc;Traspàs comptes;;False
710;BBVA;Dèbit;22/02/2022;febrero;2022;0.0;13.22;Càrrec;menjar;Dia;;False
712;BBVA;Dèbit;23/02/2022;febrero;2022;0.0;50.0;Càrrec;gasolina;GasolinaAreaGuissona;;False
713;BBVA;Dèbit;24/02/2022;febrero;2022;0.0;7.72;Càrrec;menjar;Dia;;False
719;BBVA;Dèbit;26/03/2022;marzo;2022;0.0;80.6;Càrrec;restaurant;Restaurant;Juanan;False
729;BBVA;Dèbit;01/03/2022;marzo;2022;0.0;58.95;Càrrec;menjar;LIDL;;False
733;BBVA;Dèbit;02/03/2022;marzo;2022;0.0;40.0;Càrrec;gasolina;GasolinaAreaGuissona;;False
734;BBVA;Dèbit;02/03/2022;marzo;2022;0.0;42.41;Càrrec;restaurant;Restaurant;Xino buffet Platja d'Aro;False
735;BBVA;Dèbit;02/03/2022;marzo;2022;0.0;6.99;Càrrec;roba;Decatlon;;False
742;BBVA;Dèbit;03/03/2022;marzo;2022;0.0;81.92;Càrrec;menjar;Mercadona;;False
750;BBVA;Dèbit;07/03/2022;marzo;2022;0.0;91.05;Càrrec;restaurant;Restaurant;Bell-Lloch;False
758;BBVA;Dèbit;08/03/2022;marzo;2022;0.0;57.06;Càrrec;gasolina;GasolinaAreaGuissona;;False
759;BBVA;Dèbit;08/03/2022;marzo;2022;0.0;6.5;Càrrec;manteniment;Xino Sta.Coloma;;False
761;BBVA;Dèbit;09/03/2022;marzo;2022;0.0;25.16;Càrrec;manteniment;LeroyMerlin;;False
762;BBVA;Dèbit;09/03/2022;marzo;2022;0.0;13.16;Càrrec;menjar;Dia;;False
763;BBVA;Dèbit;10/03/2022;marzo;2022;0.0;29.73;Càrrec;neteja;Clarel;;False
770;BBVA;Dèbit;11/03/2022;marzo;2022;6.99;0.0;Càrrec;roba;Decatlon;;False
771;BBVA;Dèbit;11/03/2022;marzo;2022;0.0;49.61;Càrrec;menjar;LIDL;;False
772;BBVA;Dèbit;11/03/2022;marzo;2022;0.0;44.22;Càrrec;restaurant;Restaurant;Xino buffet Platja d'Aro;False
773;BBVA;Dèbit;11/03/2022;marzo;2022;25.16;0.0;Càrrec;manteniment;LeroyMerlin;;False
774;BBVA;Dèbit;14/03/2022;marzo;2022;0.0;50.0;Càrrec;gasolina;GasolinaAreaGuissona;;False
777;BBVA;Dèbit;15/03/2022;marzo;2022;0.0;7.45;Càrrec;manteniment;Xino Sta.Coloma;;False
778;BBVA;Dèbit;15/03/2022;marzo;2022;0.0;16.8;Càrrec;menjar;LIDL;;False
781;BBVA;Dèbit;18/03/2022;marzo;2022;0.0;28.13;Càrrec;gasolina;GasolinaAreaGuissona;;False
782;BBVA;Dèbit;18/03/2022;marzo;2022;0.0;85.54;Càrrec;menjar;BonPreu;;False
783;BBVA;Dèbit;21/03/2022;marzo;2022;0.0;12.95;Càrrec;menjar;Dia;;False
785;BBVA;Dèbit;22/03/2022;marzo;2022;0.0;10.85;Càrrec;menjar;LIDL;;False
786;BBVA;Dèbit;22/03/2022;marzo;2022;0.0;8.73;Càrrec;menjar;Dia;;False
792;BBVA;Dèbit;25/03/2022;marzo;2022;0.0;30.59;Càrrec;menjar;LIDL;;False
793;BBVA;Dèbit;25/03/2022;marzo;2022;0.0;26.43;Càrrec;menjar;LIDL;;False
795;BBVA;Dèbit;25/03/2022;marzo;2022;0.0;56.22;Càrrec;gasolina;GasolinaAreaGuissona;;False
802;BBVA;Dèbit;28/03/2022;marzo;2022;0.0;20.06;Càrrec;menjar;Dia;;False
806;BBVA;Dèbit;28/03/2022;marzo;2022;0.0;13.99;Càrrec;manteniment;Norauto;anticong. G12;False
810;BBVA;Dèbit;30/03/2022;marzo;2022;0.0;75.4;Càrrec;menjar;Mercadona;;False
820;BBVA;Dèbit;04/04/2022;abril;2022;0.0;8.76;Càrrec;menjar;Dia;;False
822;BBVA;Dèbit;04/04/2022;abril;2022;0.0;11.3;Càrrec;menjar;AreaGuissona;;False
848;BBVA;Dèbit;12/04/2022;abril;2022;0.0;206.24;Càrrec;manteniment;Norauto;Rodes + limpia;False
849;BBVA;Dèbit;12/04/2022;abril;2022;0.0;46.47;Càrrec;menjar;Carrefour;;False
852;BBVA;Dèbit;13/04/2022;abril;2022;0.0;0.85;Càrrec;varis;Parking;Vic;False
902;BBVA;Dèbit;02/05/2022;mayo;2022;0.0;9.54;Càrrec;farmàcia;Farmàcia;;False
967;BBVA;Dèbit;23/05/2022;mayo;2022;0.0;14.26;Càrrec;farmàcia;Farmàcia;;False
1020;BBVA;Dèbit;10/06/2022;junio;2022;0.0;59.0;Càrrec;restaurant;Restaurant;Tomàquet;False
4188;BBVA;Compte;05/11/2024;noviembre;2024;0.0;276.78;op_banc;op_banc;Pago VISA;Aplaçat 1/3;False
6935;TradeRep.;Dèbit;30/07/2026;julio;2026;0.0;81.35;Càrrec;roba;LIDL;Regal Mireia;False
4157;BBVA;Compte;27/10/2024;octubre;2024;0.0;40.0;op_banc;op_banc;Traspàs comptes;;False
4179;LaCaixa;Compte;02/11/2024;noviembre;2024;0.0;60.0;op_banc;op_banc;Traspàs comptes;;False
4193;LaCaixa;Compte;04/11/2024;noviembre;2024;0.0;20.0;op_banc;op_banc;Traspàs comptes;;False
4194;LaCaixa;Compte;06/11/2024;noviembre;2024;0.0;300.0;op_banc;op_banc;Traspàs comptes;;False
4198;BBVA;Compte;06/11/2024;noviembre;2024;250.0;0.0;op_banc;op_banc;Traspàs comptes;;False
859;BBVA;Dèbit;18/04/2022;abril;2022;0.0;9.74;Càrrec;menjar;BonPreu;;False
866;BBVA;Dèbit;20/04/2022;abril;2022;0.0;55.92;Càrrec;gasolina;GasolinaAreaGuissona;;False
868;BBVA;Dèbit;21/04/2022;abril;2022;0.0;11.41;Càrrec;menjar;AreaGuissona;;False
870;BBVA;Dèbit;22/04/2022;abril;2022;0.0;7.0;Càrrec;varis;Parking;;False
871;BBVA;Dèbit;22/04/2022;abril;2022;0.0;74.25;Càrrec;varis;Expectacles/Teatre;La Filla del mar;False
872;BBVA;Dèbit;22/04/2022;abril;2022;0.0;37.99;Càrrec;manteniment;LeroyMerlin;;False
873;BBVA;Dèbit;22/04/2022;abril;2022;0.0;3.5;Càrrec;menjar;IKEA menjar;;False
874;BBVA;Dèbit;22/04/2022;abril;2022;0.0;31.5;Càrrec;Parallar;IKEA mobles;;False
875;BBVA;Dèbit;22/04/2022;abril;2022;0.0;11.5;Càrrec;menjar;IKEA menjar;;False
876;BBVA;Dèbit;22/04/2022;abril;2022;0.0;8.5;Càrrec;varis;Parking;;False
877;BBVA;Dèbit;22/04/2022;abril;2022;0.0;47.15;Càrrec;restaurant;Restaurant;Txapela.BCN;False
882;BBVA;Dèbit;25/04/2022;abril;2022;0.0;20.25;Càrrec;neteja;Clarel;;False
884;BBVA;Dèbit;26/04/2022;abril;2022;0.0;4.56;Càrrec;menjar;Dia;;False
890;BBVA;Dèbit;27/04/2022;abril;2022;0.0;62.48;Càrrec;menjar;Mercadona;;False
895;BBVA;Dèbit;29/04/2022;abril;2022;0.0;61.67;Càrrec;gasolina;GasolinaAreaGuissona;;False
896;BBVA;Dèbit;29/04/2022;abril;2022;0.0;53.52;Càrrec;menjar;BonPreu;;False
907;BBVA;Dèbit;03/05/2022;mayo;2022;0.0;60.0;Càrrec;varis;Dentista;;False
908;BBVA;Dèbit;03/05/2022;mayo;2022;0.0;4.38;Càrrec;menjar;BonPreu;;False
925;BBVA;Dèbit;06/05/2022;mayo;2022;0.0;17.25;Càrrec;menjar;Novavenda;;False
933;BBVA;Dèbit;09/05/2022;mayo;2022;0.0;68.5;Càrrec;menjar;LIDL;;False
934;BBVA;Dèbit;09/05/2022;mayo;2022;0.0;46.04;Càrrec;gasolina;GasolinaAreaGuissona;;False
938;BBVA;Dèbit;11/05/2022;mayo;2022;0.0;9.8;Càrrec;manteniment;Altres mant.;Cinta cantejar;False
939;BBVA;Dèbit;11/05/2022;mayo;2022;0.0;17.0;Càrrec;varis;Perruqueria;Enric;False
943;BBVA;Dèbit;12/05/2022;mayo;2022;0.0;16.81;Càrrec;menjar;Dia;;False
4189;BBVA;Compte;05/11/2024;noviembre;2024;0.0;119.18;op_banc;op_banc;Pago VISA;;False
945;BBVA;Dèbit;13/05/2022;mayo;2022;0.0;1.4;Càrrec;restaurant;Bar;;False
947;BBVA;Dèbit;16/05/2022;mayo;2022;0.0;55.72;Càrrec;gasolina;GasolinaAreaGuissona;;False
948;BBVA;Dèbit;16/05/2022;mayo;2022;0.0;5.56;Càrrec;menjar;LIDL;;False
949;BBVA;Dèbit;16/05/2022;mayo;2022;0.0;32.9;Càrrec;restaurant;Restaurant;Sushi Els Gerds;False
954;BBVA;Dèbit;17/05/2022;mayo;2022;0.0;23.56;Càrrec;menjar;LIDL;;False
956;BBVA;Dèbit;18/05/2022;mayo;2022;0.0;13.43;Càrrec;menjar;AreaGuissona;;False
957;BBVA;Dèbit;19/05/2022;mayo;2022;0.0;12.72;Càrrec;neteja;Clarel;;False
960;BBVA;Dèbit;20/05/2022;mayo;2022;0.0;18.48;Càrrec;neteja;Clarel;;False
968;BBVA;Dèbit;23/05/2022;mayo;2022;0.0;10.08;Càrrec;menjar;Dia;;False
975;BBVA;Dèbit;25/05/2022;mayo;2022;0.0;65.13;Càrrec;gasolina;GasolinaAreaGuissona;;False
976;BBVA;Dèbit;25/05/2022;mayo;2022;0.0;28.79;Càrrec;menjar;Aldi;;False
978;BBVA;Dèbit;27/05/2022;mayo;2022;0.0;33.83;Càrrec;menjar;LIDL;;False
979;BBVA;Dèbit;27/05/2022;mayo;2022;0.0;9.38;Càrrec;menjar;Dia;;False
985;BBVA;Dèbit;30/05/2022;mayo;2022;0.0;21.22;Càrrec;menjar;AreaGuissona;;False
988;BBVA;Dèbit;30/05/2022;mayo;2022;0.0;89.06;Càrrec;menjar;Mercadona;;False
995;BBVA;Dèbit;02/06/2022;junio;2022;0.0;9.9;Càrrec;manteniment;Xino Sta.Coloma;;False
6936;TradeRep.;Dèbit;30/07/2026;julio;2026;0.0;160.0;Càrrec;varis;Òptica;Vidre Enric;False
6937;TradeRep.;Dèbit;30/07/2026;julio;2026;0.0;29.94;Càrrec;restaurant;Restaurant;Taco Bell;False
6938;BBVA;Compte;30/07/2026;julio;2026;0.0;300.0;op_banc;op_banc;Traspàs comptes;;False
6939;TradeRep.;Compte;30/07/2026;julio;2026;300.0;0.0;op_banc;op_banc;Traspàs comptes;;False
1049;BBVA;Dèbit;21/06/2022;junio;2022;0.0;43.01;Càrrec;farmàcia;Farmàcia;;False
1187;BBVA;Dèbit;10/08/2022;agosto;2022;0.0;68.24;Càrrec;gasolina;Gasolina altres;Esclat Palamós;False
1201;BBVA;Dèbit;22/08/2022;agosto;2022;0.0;20.0;Càrrec;gasolina;Gasolina altres;Esclat Palamós;False
6940;BBVA;Compte;31/07/2026;julio;2026;0.0;489.43;Càrrec;despesa_general;Hipoteca;;False
6941;BBVA;Compte;31/07/2026;julio;2026;0.0;337.14;Càrrec;despesa_general;Crèdit Cotxe;;False
6942;BBVA;Compte;31/07/2026;julio;2026;51.6;0.0;Ingrés;ingres_general;Pensió Isabel;;False
4207;BBVA;Compte;08/11/2024;noviembre;2024;0.0;20.0;op_banc;op_banc;Traspàs comptes;;False
4226;LaCaixa;Compte;10/11/2024;noviembre;2024;0.0;50.0;op_banc;op_banc;Traspàs comptes;;False
4236;BBVA;VISA;15/11/2024;noviembre;2024;0.0;4.11;op_banc;op_banc;Traspàs comptes;;False
4239;BBVA;Compte;18/11/2024;noviembre;2024;0.0;20.0;op_banc;op_banc;Traspàs comptes;;False
4244;LaCaixa;Compte;14/11/2024;noviembre;2024;0.0;50.0;op_banc;op_banc;Traspàs comptes;;False
4252;BBVA;Compte;25/11/2024;noviembre;2024;0.0;90.0;op_banc;op_banc;Traspàs comptes;;False
1022;BBVA;Dèbit;13/06/2022;junio;2022;0.0;36.13;Càrrec;menjar;BonPreu;;False
1026;BBVA;Dèbit;14/06/2022;junio;2022;0.0;40.0;Càrrec;gasolina;GasolinaAreaGuissona;;False
1027;BBVA;Dèbit;14/06/2022;junio;2022;0.0;8.16;Càrrec;menjar;Dia;;False
1028;BBVA;Dèbit;15/06/2022;junio;2022;0.0;38.62;Càrrec;menjar;Mercadona;;False
1033;BBVA;Dèbit;16/06/2022;junio;2022;0.0;28.08;Càrrec;neteja;Action Girona;;False
1043;BBVA;Dèbit;20/06/2022;junio;2022;0.0;58.8;Càrrec;roba;Altres roba;Mireia.Aboutyou;False
1051;BBVA;Dèbit;21/06/2022;junio;2022;0.0;16.92;Càrrec;menjar;AreaGuissona;;False
1061;BBVA;Dèbit;28/06/2022;junio;2022;0.0;7.17;Càrrec;manteniment;Xino Sta.Coloma;;False
1066;BBVA;Dèbit;29/06/2022;junio;2022;0.0;40.0;Càrrec;gasolina;GasolinaAreaGuissona;;False
1071;BBVA;Dèbit;30/06/2022;junio;2022;0.0;49.83;Càrrec;menjar;LIDL;;False
1076;BBVA;Dèbit;04/07/2022;julio;2022;0.0;40.0;Càrrec;gasolina;GasolinaAreaGuissona;;False
1077;BBVA;Dèbit;04/07/2022;julio;2022;0.0;39.04;Càrrec;restaurant;Restaurant;Lizarran Girona;False
1079;BBVA;Dèbit;04/07/2022;julio;2022;0.0;12.44;Càrrec;neteja;Clarel;;False
1081;BBVA;Dèbit;04/07/2022;julio;2022;0.0;23.59;Càrrec;neteja;Action Girona;;False
1082;BBVA;Dèbit;04/07/2022;julio;2022;0.0;16.08;Càrrec;menjar;Dia;;False
1123;BBVA;Dèbit;18/07/2022;julio;2022;0.0;44.3;Càrrec;despesa_general;Lowi;;False
1124;BBVA;Dèbit;18/07/2022;julio;2022;0.0;52.77;Càrrec;gasolina;GasolinaAreaGuissona;;False
1125;BBVA;Dèbit;18/07/2022;julio;2022;0.0;10.85;Càrrec;menjar;Dia;;False
1130;BBVA;Dèbit;21/07/2022;julio;2022;0.0;102.22;Càrrec;neteja;Action Girona;Regal JosepMa+Mireia;False
1131;BBVA;Dèbit;25/07/2022;julio;2022;0.0;67.82;Càrrec;gasolina;GasolinaAreaGuissona;;False
1132;BBVA;Dèbit;25/07/2022;julio;2022;0.0;8.37;Càrrec;menjar;Dia;;False
1133;BBVA;Dèbit;26/07/2022;julio;2022;0.0;26.98;Càrrec;menjar;Can Rinsa;;False
1159;BBVA;Dèbit;27/07/2022;julio;2022;0.0;8.0;Càrrec;restaurant;Restaurant;;False
1161;BBVA;Dèbit;28/07/2022;julio;2022;0.0;8.7;Càrrec;menjar;Mercadona;;False
1162;BBVA;Dèbit;29/07/2022;julio;2022;0.0;26.32;Càrrec;menjar;BonPreu;;False
1183;BBVA;Dèbit;05/08/2022;agosto;2022;0.0;10.39;Càrrec;menjar;Mercadona;;False
1188;BBVA;Dèbit;12/08/2022;agosto;2022;0.0;26.25;Càrrec;menjar;LIDL;;False
1192;BBVA;Dèbit;17/08/2022;agosto;2022;0.0;53.96;Càrrec;gasolina;GasolinaAreaGuissona;;False
1193;BBVA;Dèbit;16/08/2022;agosto;2022;0.0;22.33;Càrrec;menjar;Can Rinsa;;False
1194;BBVA;Dèbit;17/08/2022;agosto;2022;0.0;113.0;Càrrec;restaurant;Restaurant;Juanan;False
1196;BBVA;Dèbit;18/08/2022;agosto;2022;0.0;27.63;Càrrec;neteja;Action Girona;;False
1197;BBVA;Dèbit;19/08/2022;agosto;2022;0.0;15.45;Càrrec;menjar;AreaGuissona;;False
1199;BBVA;Dèbit;22/08/2022;agosto;2022;0.0;27.12;Càrrec;menjar;BonPreu;;False
1200;BBVA;Dèbit;22/08/2022;agosto;2022;0.0;50.0;Càrrec;varis;Dentista;Jordi;False
1202;BBVA;Dèbit;22/08/2022;agosto;2022;0.0;2.0;Càrrec;restaurant;Bar;Aeroport;False
4211;Efectiu;;07/11/2024;noviembre;2024;0.0;8.28;Càrrec;menjar;Dia;;False
1203;BBVA;Dèbit;22/08/2022;agosto;2022;0.0;3.25;Càrrec;varis;Parking;Aeroport;False
1204;BBVA;Dèbit;22/08/2022;agosto;2022;0.0;38.75;Càrrec;restaurant;Restaurant;Pizza Montsoriu;False
4303;BBVA;Compte;02/12/2024;diciembre;2024;0.0;308.62;op_banc;op_banc;Pago ElCorteInglés;;False
1438;BBVA;Dèbit;05/10/2022;octubre;2022;0.0;34.2;Càrrec;assegurança;BBVA Asseg. Casa;;False
4300;Casa;;30/11/2024;noviembre;2024;0.0;150.0;op_banc;op_banc;Traspàs comptes;;False
1206;BBVA;Dèbit;23/08/2022;agosto;2022;0.0;10.86;Càrrec;menjar;Dia;;False
1250;BBVA;Dèbit;29/08/2022;agosto;2022;0.0;8.59;Càrrec;menjar;BonPreu;;False
1253;BBVA;Dèbit;29/08/2022;agosto;2022;0.0;50.7;Càrrec;restaurant;Restaurant;Rumbo al cairo;False
1256;BBVA;Dèbit;30/08/2022;agosto;2022;0.0;2.19;Càrrec;menjar;Dia;;False
1257;BBVA;Dèbit;31/08/2022;agosto;2022;0.0;33.0;Càrrec;restaurant;Restaurant;Moni;False
1263;BBVA;Dèbit;01/09/2022;septiembre;2022;0.0;7.56;Càrrec;menjar;BonPreu;;False
1265;BBVA;Dèbit;05/09/2022;septiembre;2022;0.0;7.41;Càrrec;menjar;BonPreu;;False
1294;BBVA;Dèbit;08/09/2022;septiembre;2022;0.0;56.95;Càrrec;gasolina;GasolinaAreaGuissona;;False
1295;BBVA;Dèbit;08/09/2022;septiembre;2022;0.0;15.51;Càrrec;menjar;AreaGuissona;;False
1298;BBVA;Dèbit;09/09/2022;septiembre;2022;0.0;6.3;Càrrec;restaurant;Bar;Girona SEPE;False
1299;BBVA;Dèbit;09/09/2022;septiembre;2022;0.0;80.51;Càrrec;menjar;Carrefour;;False
1358;BBVA;Dèbit;16/09/2022;septiembre;2022;0.0;27.21;Càrrec;menjar;AreaGuissona;;False
1359;BBVA;Dèbit;19/09/2022;septiembre;2022;0.0;20.22;Càrrec;menjar;Can Rinsa;;False
1360;BBVA;Dèbit;19/09/2022;septiembre;2022;0.0;46.49;Càrrec;gasolina;GasolinaAreaGuissona;;False
1374;BBVA;Dèbit;19/09/2022;septiembre;2022;0.0;0.65;Càrrec;varis;Parking;Girona. Portar Jordi;False
1375;BBVA;Dèbit;19/09/2022;septiembre;2022;0.0;9.3;Càrrec;restaurant;Bar;Leroy Merlin;False
1376;BBVA;Dèbit;19/09/2022;septiembre;2022;0.0;68.97;Càrrec;manteniment;LeroyMerlin;;False
1377;BBVA;Dèbit;19/09/2022;septiembre;2022;0.0;80.62;Càrrec;neteja;Action Girona;;False
1383;BBVA;Dèbit;23/09/2022;septiembre;2022;0.0;10.24;Càrrec;menjar;Peixeteria;;False
1384;BBVA;Dèbit;23/09/2022;septiembre;2022;0.0;11.79;Càrrec;manteniment;LeroyMerlin;;False
1385;BBVA;Dèbit;23/09/2022;septiembre;2022;10.99;0.0;Càrrec;manteniment;LeroyMerlin;Dev. Pintura;False
1395;BBVA;Dèbit;26/09/2022;septiembre;2022;0.0;8.81;Càrrec;menjar;Dia;;False
1397;BBVA;Dèbit;26/09/2022;septiembre;2022;0.0;25.95;Càrrec;neteja;Action Girona;;False
1426;BBVA;Dèbit;01/10/2022;octubre;2022;0.0;57.01;Càrrec;gasolina;GasolinaAreaGuissona;;False
1436;BBVA;Dèbit;04/10/2022;octubre;2022;0.0;61.71;Càrrec;menjar;LIDL;;False
1446;BBVA;Dèbit;10/10/2022;octubre;2022;0.0;10.66;Càrrec;menjar;Dia;;False
1449;BBVA;Dèbit;13/10/2022;octubre;2022;0.0;17.0;Càrrec;neteja;Clarel;;False
1486;BBVA;Dèbit;21/10/2022;octubre;2022;0.0;3.8;Càrrec;menjar;Past. Ayma;;False
1487;BBVA;Dèbit;24/10/2022;octubre;2022;0.0;80.0;Càrrec;varis;Viatges;Coves del Drac;False
1488;BBVA;Dèbit;24/10/2022;octubre;2022;0.0;10.0;Càrrec;varis;Parking;Palma;False
1512;BBVA;Dèbit;26/10/2022;octubre;2022;0.0;12.9;Càrrec;menjar;Peixeteria;;False
1520;BBVA;Dèbit;28/10/2022;octubre;2022;0.0;68.6;Càrrec;restaurant;Restaurant;Cevicheria Las flores;False
1522;BBVA;Dèbit;31/10/2022;octubre;2022;0.0;10.0;Càrrec;manteniment;Altres mant.;Bombeta cotxe.Gasol.;False
1523;BBVA;Dèbit;31/10/2022;octubre;2022;0.0;56.76;Càrrec;gasolina;GasolinaAreaGuissona;;False
1564;BBVA;Dèbit;05/11/2022;noviembre;2022;0.0;6.76;Càrrec;menjar;Dia;;False
1568;BBVA;Dèbit;07/11/2022;noviembre;2022;0.0;13.49;Càrrec;menjar;Mercadona;;False
1573;BBVA;Dèbit;08/11/2022;noviembre;2022;0.0;83.73;Càrrec;menjar;LIDL;;False
1574;BBVA;Dèbit;09/11/2022;noviembre;2022;0.0;58.59;Càrrec;gasolina;GasolinaAreaGuissona;;False
1582;BBVA;Dèbit;11/11/2022;noviembre;2022;0.0;4.7;Càrrec;restaurant;Restaurant;IKEA;False
1583;BBVA;Dèbit;11/11/2022;noviembre;2022;0.0;10.0;Càrrec;Parallar;IKEA mobles;;False
1588;BBVA;Dèbit;14/11/2022;noviembre;2022;0.0;19.5;Càrrec;roba;Altre roba;kihabi Girona;False
1589;BBVA;Dèbit;14/11/2022;noviembre;2022;0.0;137.78;Càrrec;manteniment;Norauto;Canvi oli + filtres;False
1467;BBVA;Dèbit;18/10/2022;octubre;2022;0.0;5.88;Càrrec;farmàcia;Farmàcia;;False
1255;BBVA;Dèbit;30/08/2022;agosto;2022;0.0;1.4;Càrrec;restaurant;Bar;Desig Palamós;False
1264;BBVA;Dèbit;02/09/2022;septiembre;2022;0.0;40.0;Càrrec;gasolina;Gasolina altres;Esclat Palamós;False
1266;BBVA;Dèbit;05/09/2022;septiembre;2022;0.0;4.0;Càrrec;restaurant;Bar;Can Maimí;False
1300;BBVA;Dèbit;09/09/2022;septiembre;2022;0.0;64.6;Càrrec;restaurant;Restaurant;Tomàquet;False
1352;BBVA;Dèbit;15/09/2022;septiembre;2022;0.0;1.4;Càrrec;restaurant;Bar;Cafè Arbúcies;False
1357;BBVA;Dèbit;16/09/2022;septiembre;2022;0.0;1.4;Càrrec;restaurant;Bar;Cafè Arbúcies;False
1396;BBVA;Dèbit;26/09/2022;septiembre;2022;25.73;0.0;Càrrec;neteja;Action Girona;Abono devolució;False
1482;BBVA;Dèbit;20/10/2022;octubre;2022;0.0;1.4;Càrrec;restaurant;Bar;Charlie Arbúcies;False
1553;BBVA;Dèbit;04/11/2022;noviembre;2022;0.0;1.4;Càrrec;restaurant;Bar;Cafè Charlie;False
6943;TradeRep.;Dèbit;30/07/2026;julio;2026;0.0;25.99;Càrrec;varis;Regal;;False
6944;TradeRep.;Dèbit;30/07/2026;julio;2026;0.0;11.5;Càrrec;menjar;Altres menjar;[VACANCES] Tartas deJulita;False
6945;TradeRep.;Dèbit;30/07/2026;julio;2026;0.0;30.98;Càrrec;roba;Altre roba;Lefties;False
4320;BBVA;Compte;05/12/2024;diciembre;2024;0.0;275.58;op_banc;op_banc;Pago VISA;;False
1590;BBVA;Dèbit;14/11/2022;noviembre;2022;0.0;17.89;Càrrec;menjar;Aldi;;False
1598;BBVA;Dèbit;15/11/2022;noviembre;2022;0.0;52.93;Càrrec;menjar;LIDL;;False
1602;BBVA;Dèbit;16/11/2022;noviembre;2022;0.0;16.9;Càrrec;roba;Altre roba;Primark;False
1604;BBVA;Dèbit;18/11/2022;noviembre;2022;0.0;2.8;Càrrec;restaurant;Bar;MacDonals Platja d'aro;False
1605;BBVA;Dèbit;21/11/2022;noviembre;2022;0.0;32.55;Càrrec;manteniment;Jysk;Tovalloles;False
1606;BBVA;Dèbit;21/11/2022;noviembre;2022;0.0;66.0;Càrrec;restaurant;Restaurant;Montsoriu;False
1630;BBVA;Dèbit;22/11/2022;noviembre;2022;0.0;58.07;Càrrec;menjar;Mercadona;;False
1631;BBVA;Dèbit;23/11/2022;noviembre;2022;0.0;53.93;Càrrec;gasolina;GasolinaAreaGuissona;;False
1632;BBVA;Dèbit;23/11/2022;noviembre;2022;0.0;2.09;Càrrec;manteniment;Xino Sta.Coloma;ciment blanc;False
1634;BBVA;Dèbit;24/11/2022;noviembre;2022;0.0;79.12;Càrrec;menjar;Vents i Marees;;False
1648;BBVA;Dèbit;29/11/2022;noviembre;2022;0.0;9.19;Càrrec;menjar;Dia;;False
1651;BBVA;Dèbit;29/11/2022;noviembre;2022;0.0;2.09;Càrrec;manteniment;Xino Sta.Coloma;ciment gris;False
1772;BBVA;Dèbit;09/01/2023;enero;2023;0.0;1.2;Càrrec;menjar;Altres menjar;;False
1660;BBVA;Dèbit;02/12/2022;diciembre;2022;0.0;38.26;Càrrec;gasolina;GasolinaAreaGuissona;;False
1661;BBVA;Dèbit;02/12/2022;diciembre;2022;0.0;30.25;Càrrec;Parallar;IKEA mobles;;False
1662;BBVA;Dèbit;02/12/2022;diciembre;2022;0.0;9.0;Càrrec;restaurant;Restaurant;Ikea frankfurt;False
1668;BBVA;Dèbit;02/12/2022;diciembre;2022;0.0;10.79;Càrrec;menjar;Novavenda;;False
1676;BBVA;Dèbit;07/12/2022;diciembre;2022;0.0;25.0;Càrrec;varis;Viatges;Barcares. Entrades;False
1682;BBVA;Dèbit;08/12/2022;diciembre;2022;0.0;13.9;Càrrec;menjar;Vents i Marees;ostres;False
1685;BBVA;Dèbit;09/12/2022;diciembre;2022;0.0;64.61;Càrrec;neteja;Action Girona;;False
1686;BBVA;Dèbit;12/12/2022;diciembre;2022;0.0;42.71;Càrrec;gasolina;GasolinaAreaGuissona;;False
1687;BBVA;Dèbit;12/12/2022;diciembre;2022;0.0;13.5;Càrrec;menjar;Altres menjar;Ratafia Vic;False
1688;BBVA;Dèbit;12/12/2022;diciembre;2022;0.0;14.0;Càrrec;restaurant;Restaurant;Creps Vic;False
1698;BBVA;Dèbit;14/12/2022;diciembre;2022;0.0;62.68;Càrrec;menjar;Mercadona;;False
1699;BBVA;Dèbit;14/12/2022;diciembre;2022;0.0;16.99;Càrrec;manteniment;Norauto;Anticongelant G13;False
1703;BBVA;Dèbit;15/12/2022;diciembre;2022;0.0;11.22;Càrrec;menjar;Dia;;False
1705;BBVA;Dèbit;16/12/2022;diciembre;2022;0.0;39.89;Càrrec;gasolina;GasolinaAreaGuissona;;False
1706;BBVA;Dèbit;16/12/2022;diciembre;2022;0.0;38.79;Càrrec;manteniment;ITV Sant Celoni;;False
1708;BBVA;Dèbit;16/12/2022;diciembre;2022;0.0;51.54;Càrrec;neteja;Action Girona;;False
1710;BBVA;Dèbit;16/12/2022;diciembre;2022;0.0;69.05;Càrrec;restaurant;Restaurant;Buffet sushi. Vic;False
1711;BBVA;Dèbit;19/12/2022;diciembre;2022;0.0;11.37;Càrrec;Parallar;LeroyMerlin;xarneres cuina;False
1728;BBVA;Dèbit;20/12/2022;diciembre;2022;0.0;5.8;Càrrec;menjar;LIDL;;False
1729;BBVA;Dèbit;20/12/2022;diciembre;2022;0.0;2.25;Càrrec;manteniment;Xino Sta.Coloma;;False
1733;BBVA;Dèbit;22/12/2022;diciembre;2022;0.0;48.55;Càrrec;gasolina;GasolinaAreaGuissona;;False
1734;BBVA;Dèbit;22/12/2022;diciembre;2022;0.0;7.36;Càrrec;menjar;Novavenda;;False
1735;BBVA;Dèbit;22/12/2022;diciembre;2022;0.0;4.2;Càrrec;manteniment;Altres mant.;ferreteria Tayades;False
1737;BBVA;Dèbit;22/12/2022;diciembre;2022;0.0;34.64;Càrrec;menjar;Aldi;;False
1738;BBVA;Dèbit;22/12/2022;diciembre;2022;0.0;6.95;Càrrec;menjar;Mercadona;;False
1739;BBVA;Dèbit;22/12/2022;diciembre;2022;0.0;20.38;Càrrec;menjar;LIDL;;False
1740;BBVA;Dèbit;22/12/2022;diciembre;2022;0.0;16.75;Càrrec;restaurant;Restaurant;Mc Donal's;False
1741;BBVA;Dèbit;22/12/2022;diciembre;2022;0.0;11.36;Càrrec;menjar;Fruiteria;;False
1742;BBVA;Dèbit;23/12/2022;diciembre;2022;0.0;14.22;Càrrec;gasolina;GasolinaAreaGuissona;;False
1743;BBVA;Dèbit;23/12/2022;diciembre;2022;0.0;16.83;Càrrec;gasolina;Gasolina altres;Autopista Alacant;False
1744;BBVA;Dèbit;26/12/2022;diciembre;2022;0.0;37.32;Càrrec;menjar;Dialprix;;False
1747;BBVA;Dèbit;27/12/2022;diciembre;2022;0.0;2.35;Càrrec;varis;Autopista;;False
1748;BBVA;Dèbit;27/12/2022;diciembre;2022;0.0;2.35;Càrrec;varis;Autopista;;False
1749;BBVA;Dèbit;28/12/2022;diciembre;2022;0.0;40.89;Càrrec;gasolina;Gasolina altres;San javier;False
1750;BBVA;Dèbit;28/12/2022;diciembre;2022;0.0;3.55;Càrrec;varis;Autopista;;False
1637;BBVA;Dèbit;25/11/2022;noviembre;2022;0.0;1.4;Càrrec;restaurant;Bar;Cafè Charlie;False
1659;BBVA;Dèbit;02/12/2022;diciembre;2022;0.0;5.4;Càrrec;restaurant;Bar;Cafè Charlie;False
1675;BBVA;Dèbit;07/12/2022;diciembre;2022;0.0;6.4;Càrrec;varis;Autopista;França;False
1709;BBVA;Dèbit;16/12/2022;diciembre;2022;0.0;1.4;Càrrec;restaurant;Bar;Bar Catalunya.Palamós;False
1736;BBVA;Dèbit;22/12/2022;diciembre;2022;0.0;18.0;Càrrec;varis;Perruqueria;Què corte. Palamós;False
4319;BBVA;Compte;05/12/2024;diciembre;2024;0.0;276.78;op_banc;op_banc;Pago VISA;Aplaçat 2/3;False
1768;BBVA;Dèbit;05/01/2023;enero;2023;0.0;77.1;Càrrec;restaurant;Restaurant;Mercado Correos Múrcia;False
4381;Efectiu;;19/12/2024;diciembre;2024;48.0;0.0;Ingrés;ingrés_extra;Feina Foto;Calendaris Paqui Moreno;False
1777;BBVA;Dèbit;09/01/2023;enero;2023;0.0;76.6;Càrrec;restaurant;Restaurant;La Ribera. La Ràpita;False
4387;Casa;;21/12/2024;diciembre;2024;0.0;350.0;op_banc;op_banc;Traspàs comptes;;False
4403;Casa;;22/12/2024;diciembre;2024;0.0;400.0;op_banc;op_banc;Traspàs comptes;;False
4404;BBVA;Compte;26/12/2024;diciembre;2024;200.0;0.0;op_banc;op_banc;Traspàs comptes;;False
1751;BBVA;Dèbit;28/12/2022;diciembre;2022;0.0;49.36;Càrrec;menjar;Altres menjar;Economy;False
1756;BBVA;Dèbit;30/12/2022;diciembre;2022;0.0;28.24;Càrrec;menjar;Altres menjar;Economy;False
1758;BBVA;Dèbit;02/01/2023;enero;2023;0.0;22.64;Càrrec;menjar;Altres menjar;Manper;False
1763;BBVA;Dèbit;02/01/2023;enero;2023;0.0;62.69;Càrrec;menjar;Altres menjar;Alcampo. La Zenia;False
1767;BBVA;Dèbit;04/01/2023;enero;2023;0.0;4.5;Càrrec;menjar;IKEA menjar;;False
1771;BBVA;Dèbit;05/01/2023;enero;2023;0.0;51.38;Càrrec;menjar;Mercadona;;False
1773;BBVA;Dèbit;09/01/2023;enero;2023;0.0;67.4;Càrrec;restaurant;Restaurant;My Tapa;False
1774;BBVA;Dèbit;09/01/2023;enero;2023;0.0;77.98;Càrrec;roba;Altre roba;Oysho;False
1775;BBVA;Dèbit;09/01/2023;enero;2023;0.0;40.22;Càrrec;roba;Altre roba;Woman Secret;False
1776;BBVA;Dèbit;09/01/2023;enero;2023;0.0;19.54;Càrrec;gasolina;Gasolina altres;;False
1778;BBVA;Dèbit;09/01/2023;enero;2023;0.0;20.0;Càrrec;gasolina;Gasolina altres;;False
1781;BBVA;Dèbit;10/01/2023;enero;2023;0.0;8.31;Càrrec;menjar;Mercadona;;False
1782;BBVA;Dèbit;10/01/2023;enero;2023;0.0;6.65;Càrrec;menjar;Dia;;False
1783;BBVA;Dèbit;10/01/2023;enero;2023;0.0;8.97;Càrrec;menjar;Fruiteria;;False
1807;BBVA;Dèbit;10/01/2023;enero;2023;0.0;58.59;Càrrec;gasolina;GasolinaAreaGuissona;;False
1813;BBVA;Dèbit;11/01/2023;enero;2023;0.0;10.47;Càrrec;manteniment;LIDL;;False
1814;BBVA;Dèbit;11/01/2023;enero;2023;0.0;2.45;Càrrec;varis;Autopista;;False
1816;BBVA;Dèbit;11/01/2023;enero;2023;0.0;14.25;Càrrec;menjar;AreaGuissona;;False
1818;BBVA;Dèbit;12/01/2023;enero;2023;0.0;1.7;Càrrec;varis;Autopista;;False
1754;BBVA;Dèbit;29/12/2022;diciembre;2022;0.0;40.0;Càrrec;varis;Fisioteràpia;Aureo.;False
1827;BBVA;Dèbit;16/01/2023;enero;2023;0.0;6.18;Càrrec;manteniment;LeroyMerlin;;False
1831;BBVA;Dèbit;17/01/2023;enero;2023;0.0;17.17;Càrrec;menjar;Mercadona;;False
1832;BBVA;Dèbit;17/01/2023;enero;2023;0.0;26.44;Càrrec;neteja;Action Girona;;False
1833;BBVA;Dèbit;18/01/2023;enero;2023;0.0;56.62;Càrrec;gasolina;GasolinaAreaGuissona;;False
1841;BBVA;Dèbit;20/01/2023;enero;2023;0.0;8.92;Càrrec;menjar;AreaGuissona;;False
1842;BBVA;Dèbit;20/01/2023;enero;2023;0.0;22.11;Càrrec;menjar;Can Rinsa;;False
1843;BBVA;Dèbit;21/01/2023;enero;2023;0.0;4.33;Càrrec;menjar;Novavenda;;False
1849;BBVA;Dèbit;23/01/2023;enero;2023;0.0;13.36;Càrrec;menjar;Dia;;False
1850;BBVA;Dèbit;24/01/2023;enero;2023;0.0;8.67;Càrrec;menjar;AreaGuissona;;False
1853;BBVA;Dèbit;24/01/2023;enero;2023;0.0;2.29;Càrrec;manteniment;Xino Sta.Coloma;;False
1858;BBVA;Dèbit;26/01/2023;enero;2023;0.0;12.76;Càrrec;menjar;AreaGuissona;;False
1860;BBVA;Dèbit;27/01/2023;enero;2023;0.0;53.1;Càrrec;gasolina;GasolinaAreaGuissona;;False
1861;BBVA;Dèbit;27/01/2023;enero;2023;0.0;14.57;Càrrec;manteniment;LeroyMerlin;;False
1862;BBVA;Dèbit;27/01/2023;enero;2023;0.0;29.55;Càrrec;restaurant;Restaurant;Konig Girona;False
1893;BBVA;Dèbit;08/02/2023;febrero;2023;0.0;20.0;Càrrec;gasolina;GasolinaAreaGuissona;;False
1909;BBVA;Dèbit;13/02/2023;febrero;2023;0.0;5.59;Càrrec;menjar;Dia;;False
1910;BBVA;Dèbit;13/02/2023;febrero;2023;0.0;15.84;Càrrec;menjar;Dia;;False
1922;BBVA;Dèbit;20/02/2023;febrero;2023;0.0;55.49;Càrrec;restaurant;Restaurant;Buffet xino Platja d'aro;False
1923;BBVA;Dèbit;21/02/2023;febrero;2023;0.0;19.38;Càrrec;menjar;Dia;;False
1924;BBVA;Dèbit;22/02/2023;febrero;2023;0.0;18.43;Càrrec;menjar;Can Rinsa;;False
1931;BBVA;Dèbit;23/02/2023;febrero;2023;0.0;15.5;Càrrec;menjar;Dia;;False
1939;BBVA;Dèbit;25/02/2023;febrero;2023;0.0;30.52;Càrrec;menjar;Dia;;False
1961;BBVA;Dèbit;01/03/2023;marzo;2023;0.0;107.7;Càrrec;menjar;LIDL;;False
1968;BBVA;Dèbit;04/03/2023;marzo;2023;0.0;89.47;Càrrec;menjar;Vents i Marees;;False
1969;BBVA;Dèbit;04/03/2023;marzo;2023;0.0;29.55;Càrrec;restaurant;Restaurant;Xino Blanes;False
1996;BBVA;Dèbit;13/03/2023;marzo;2023;0.0;85.4;Càrrec;restaurant;Restaurant;L'avet Blau. Sta. Fé;False
1995;BBVA;Dèbit;13/03/2023;marzo;2023;0.0;56.88;Càrrec;gasolina;GasolinaAreaGuissona;;False
1997;BBVA;Dèbit;13/03/2023;marzo;2023;0.0;11.71;Càrrec;menjar;Dia;;False
6946;TradeRep.;Dèbit;30/07/2026;julio;2026;0.0;60.0;Càrrec;gasolina;Gasolina altres;;False
4432;BBVA;Compte;31/12/2024;diciembre;2024;43.91;0.0;Ingrés;ingrés_general;Cartera DP Gran;;False
2000;BBVA;Dèbit;14/03/2023;marzo;2023;0.0;9.49;Càrrec;Parallar;LeroyMerlin;Cabiró 5x5;False
2008;BBVA;Dèbit;14/03/2023;marzo;2023;0.0;1.4;Càrrec;varis;Transport;Autobús a Girona;False
2017;BBVA;Dèbit;17/03/2023;marzo;2023;0.0;1.4;Càrrec;restaurant;Bar;Desig Palamós;False
2031;BBVA;Dèbit;21/03/2023;marzo;2023;0.0;1.4;Càrrec;restaurant;Bar;Cafè Sta. Coloma;False
4449;BBVA;Compte;07/01/2025;enero;2025;500.0;0.0;op_banc;op_banc;Traspàs comptes;;False
4461;LaCaixa;Compte;02/01/2025;enero;2025;0.0;200.0;op_banc;op_banc;Traspàs comptes;;False
4462;LaCaixa;Compte;04/01/2025;enero;2025;0.0;500.0;op_banc;op_banc;Traspàs comptes;;False
4482;BBVA;Compte;12/01/2025;enero;2025;0.0;50.0;op_banc;op_banc;Traspàs comptes;;False
4484;LaCaixa;Compte;11/01/2025;enero;2025;0.0;40.0;op_banc;op_banc;Traspàs comptes;;False
1998;BBVA;Dèbit;13/03/2023;marzo;2023;0.0;9.1;Càrrec;menjar;Fruiteria;;False
1999;BBVA;Dèbit;14/03/2023;marzo;2023;0.0;12.13;Càrrec;menjar;Mercadona;;False
4448;BBVA;Compte;03/01/2025;enero;2025;0.0;54.81;op_banc;op_banc;Pago VISA;;False
2010;BBVA;Dèbit;15/03/2023;marzo;2023;0.0;13.13;Càrrec;menjar;Can Rinsa;;False
2012;BBVA;Dèbit;15/03/2023;marzo;2023;0.0;25.79;Càrrec;neteja;Clarel;;False
2016;BBVA;Dèbit;16/03/2023;marzo;2023;0.0;5.76;Càrrec;menjar;Fruiteria;;False
2023;BBVA;Dèbit;20/03/2023;marzo;2023;0.0;15.54;Càrrec;menjar;Dia;;False
2030;BBVA;Dèbit;21/03/2023;marzo;2023;0.0;54.97;Càrrec;gasolina;GasolinaAreaGuissona;;False
2039;BBVA;Dèbit;23/03/2023;marzo;2023;0.0;23.14;Càrrec;menjar;AreaGuissona;;False
2041;BBVA;Dèbit;24/03/2023;marzo;2023;0.0;36.71;Càrrec;menjar;BonPreu;;False
2056;BBVA;Dèbit;29/03/2023;marzo;2023;0.0;3.55;Càrrec;menjar;LIDL;;False
2076;BBVA;Dèbit;05/04/2023;abril;2023;0.0;4.99;Càrrec;manteniment;Xino Sta.Coloma;led + altres;False
2107;BBVA;Dèbit;13/04/2023;abril;2023;0.0;13.19;Càrrec;menjar;Dia;;False
2112;BBVA;Dèbit;17/04/2023;abril;2023;0.0;22.72;Càrrec;menjar;Dia;;False
2114;BBVA;Dèbit;18/04/2023;abril;2023;0.0;74.6;Càrrec;menjar;LIDL;;False
2202;BBVA;Dèbit;09/05/2023;mayo;2023;0.0;11.37;Càrrec;menjar;Dia;;False
2135;BBVA;Dèbit;23/04/2023;abril;2023;0.0;51.75;Càrrec;restaurant;Restaurant;Udon. Girona;False
2148;BBVA;Dèbit;26/04/2023;abril;2023;0.0;17.49;Càrrec;menjar;LIDL;;False
2149;BBVA;Dèbit;26/04/2023;abril;2023;0.0;38.38;Càrrec;menjar;Action Girona;;False
2150;BBVA;Dèbit;27/04/2023;abril;2023;0.0;17.32;Càrrec;menjar;AreaGuissona;;False
2155;BBVA;Dèbit;28/04/2023;abril;2023;0.0;14.79;Càrrec;menjar;Dia;;False
2156;BBVA;Dèbit;02/05/2023;mayo;2023;0.0;56.43;Càrrec;gasolina;GasolinaAreaGuissona;;False
2157;BBVA;Dèbit;02/05/2023;mayo;2023;0.0;15.99;Càrrec;manteniment;IKEA mobles;;False
2158;BBVA;Dèbit;02/05/2023;mayo;2023;0.0;10.4;Càrrec;restaurant;Restaurant;Ikea frankfurts;False
2160;BBVA;Dèbit;02/05/2023;mayo;2023;0.0;19.7;Càrrec;restaurant;Bar;Can Torres;False
2165;BBVA;Dèbit;02/05/2023;mayo;2023;0.0;1.19;Càrrec;manteniment;Xino Sta.Coloma;Terra;False
2172;BBVA;Dèbit;04/05/2023;mayo;2023;0.0;4.34;Càrrec;varis;Autopista;Vallvidrera;False
2173;BBVA;Dèbit;05/05/2023;mayo;2023;0.0;124.8;Càrrec;restaurant;Restaurant;Juanan;False
2176;BBVA;Dèbit;04/05/2023;mayo;2023;0.0;49.28;Càrrec;gasolina;GasolinaAreaGuissona;;False
2199;BBVA;Dèbit;08/05/2023;mayo;2023;0.0;14.29;Càrrec;neteja;Clarel;;False
2200;BBVA;Dèbit;08/05/2023;mayo;2023;0.0;28.74;Càrrec;menjar;Dia;;False
2228;BBVA;Dèbit;18/05/2023;mayo;2023;0.0;10.9;Càrrec;restaurant;Bar;BCN. Llibreria;False
2229;BBVA;Dèbit;18/05/2023;mayo;2023;0.0;22.9;Càrrec;varis;Compres: varis;Llibre Asimov;False
2230;BBVA;Dèbit;18/05/2023;mayo;2023;0.0;15.3;Càrrec;menjar;LIDL;;False
2231;BBVA;Dèbit;18/05/2023;mayo;2023;0.0;30.5;Càrrec;restaurant;Restaurant;Chun BCN;False
2232;BBVA;Dèbit;18/05/2023;mayo;2023;0.0;9.45;Càrrec;varis;Parking;BCN;False
4447;BBVA;Compte;03/01/2025;enero;2025;0.0;276.77;op_banc;op_banc;Pago VISA;3/3 aplaçat;False
2245;BBVA;Dèbit;22/05/2023;mayo;2023;0.0;9.01;Càrrec;menjar;Dia;;False
2248;BBVA;Dèbit;23/05/2023;mayo;2023;0.0;11.19;Càrrec;menjar;Dia;;False
2166;BBVA;Dèbit;03/05/2023;mayo;2023;0.0;2.49;Càrrec;Parallar;LeroyMerlin;llistó finestra bany;False
6947;TradeRep.;Dèbit;31/07/2026;julio;2026;0.0;9.6;Càrrec;menjar;Altres menjar;[VACANCES];False
2205;BBVA;Dèbit;10/05/2023;mayo;2023;0.0;6.7;Càrrec;farmàcia;Farmàcia;;False
2376;BBVA;Dèbit;03/07/2023;julio;2023;0.0;31.2;Càrrec;restaurant;Restaurant;Llar Jubilats Arbúcies;False
2423;BBVA;Dèbit;14/07/2023;julio;2023;0.0;23.0;Càrrec;restaurant;Restaurant;Pizzeria Palamós;False
4510;LaCaixa;Compte;19/01/2025;enero;2025;0.0;150.0;op_banc;op_banc;Traspàs comptes;;False
4533;BBVA;Compte;27/01/2025;enero;2025;0.0;50.0;op_banc;op_banc;Traspàs comptes;;False
4541;BBVA;Compte;30/01/2025;enero;2025;0.0;20.0;op_banc;op_banc;Traspàs comptes;;False
2255;BBVA;Dèbit;26/05/2023;mayo;2023;0.0;37.21;Càrrec;menjar;BonPreu;;False
2261;BBVA;Dèbit;29/05/2023;mayo;2023;0.0;199.0;Càrrec;manteniment;MediaMark;TV 40';False
2262;BBVA;Dèbit;29/05/2023;mayo;2023;0.0;48.6;Càrrec;restaurant;Restaurant;Cevicheria Girona;False
2263;BBVA;Dèbit;29/05/2023;mayo;2023;0.0;4.4;Càrrec;manteniment;Norauto;Bombetes;False
2269;BBVA;Dèbit;29/05/2023;mayo;2023;0.0;-199.0;Càrrec;manteniment;MediaMark;Abono. TV 40';False
2270;BBVA;Dèbit;29/05/2023;mayo;2023;0.0;155.36;Càrrec;manteniment;MediaMark;Tv 32';False
2271;BBVA;Dèbit;29/05/2023;mayo;2023;0.0;10.3;Càrrec;restaurant;Restaurant;McDonal's Girona;False
2272;BBVA;Dèbit;29/05/2023;mayo;2023;0.0;22.33;Càrrec;neteja;Action Girona;;False
2273;BBVA;Dèbit;29/05/2023;mayo;2023;0.0;19.71;Càrrec;menjar;Action Girona;;False
2278;BBVA;Dèbit;31/05/2023;mayo;2023;0.0;39.71;Càrrec;menjar;LIDL;;False
2297;BBVA;Dèbit;07/06/2023;junio;2023;0.0;-155.36;Càrrec;manteniment;MediaMark;Abono. Tv 32'';False
2304;BBVA;Dèbit;11/06/2023;junio;2023;0.0;5.67;Càrrec;menjar;Dia;;False
2307;BBVA;Dèbit;13/06/2023;junio;2023;0.0;11.42;Càrrec;menjar;Dia;;False
2308;BBVA;Dèbit;14/06/2023;junio;2023;0.0;24.37;Càrrec;neteja;Clarel;;False
2314;BBVA;Dèbit;17/06/2023;junio;2023;0.0;14.82;Càrrec;menjar;Can Rinsa;;False
2320;BBVA;Dèbit;19/06/2023;junio;2023;0.0;1.9;Càrrec;menjar;Pa i pastisseria;;False
2327;BBVA;Dèbit;19/06/2023;junio;2023;0.0;18.15;Càrrec;menjar;Dia;;False
2331;BBVA;Dèbit;20/06/2023;junio;2023;0.0;12.52;Càrrec;menjar;Dia;;False
2332;BBVA;Dèbit;21/06/2023;junio;2023;0.0;13.72;Càrrec;menjar;LIDL;;False
2333;BBVA;Dèbit;21/06/2023;junio;2023;0.0;10.55;Càrrec;rebost;LIDL;;False
2336;BBVA;Dèbit;22/06/2023;junio;2023;0.0;16.32;Càrrec;menjar;Dia;;False
2337;BBVA;Dèbit;22/06/2023;junio;2023;0.0;11.12;Càrrec;rebost;Dia;;False
2343;BBVA;Dèbit;25/06/2023;junio;2023;0.0;46.73;Càrrec;gasolina;GasolinaAreaGuissona;;False
2347;BBVA;Dèbit;26/06/2023;junio;2023;0.0;7.5;Càrrec;restaurant;Bar;Cal javi. Manolo+Enric;False
2348;BBVA;Dèbit;26/06/2023;junio;2023;0.0;44.34;Càrrec;menjar;Mercadona;;False
2349;BBVA;Dèbit;26/06/2023;junio;2023;0.0;49.25;Càrrec;restaurant;Restaurant;Buffet lliure Platja d'Aro;False
2362;BBVA;Dèbit;03/07/2023;julio;2023;0.0;1.3;Càrrec;menjar;Fruiteria;Mercat Vic;False
2363;BBVA;Dèbit;03/07/2023;julio;2023;0.0;6.9;Càrrec;restaurant;Bar;Vic;False
2379;BBVA;Dèbit;04/07/2023;julio;2023;0.0;8.78;Càrrec;menjar;Aldi;;False
2380;BBVA;Dèbit;04/07/2023;julio;2023;0.0;68.0;Càrrec;restaurant;Restaurant;U35. Sushi Girona;False
2381;BBVA;Dèbit;04/07/2023;julio;2023;0.0;-19.99;Càrrec;roba;Mango;;False
2382;BBVA;Dèbit;04/07/2023;julio;2023;0.0;25.99;Càrrec;roba;Altre roba;Oysho. Banyador Isa;False
2383;BBVA;Dèbit;04/07/2023;julio;2023;0.0;8.2;Càrrec;varis;Parking;Girona;False
2384;BBVA;Dèbit;04/07/2023;julio;2023;0.0;5.11;Càrrec;varis;Action Girona;Cumple Mireia;False
2385;BBVA;Dèbit;04/07/2023;julio;2023;0.0;11.97;Càrrec;varis;Action Girona;Puzzles regal;False
2386;BBVA;Dèbit;04/07/2023;julio;2023;0.0;22.93;Càrrec;varis;Action Girona;Santa Isabel. Veins;False
2387;BBVA;Dèbit;04/07/2023;julio;2023;0.0;43.19;Càrrec;neteja;Action Girona;;False
2394;BBVA;Dèbit;05/07/2023;julio;2023;0.0;58.09;Càrrec;gasolina;GasolinaAreaGuissona;;False
2399;BBVA;Dèbit;06/07/2023;julio;2023;0.0;13.09;Càrrec;menjar;Dia;;False
2401;BBVA;Dèbit;10/07/2023;julio;2023;0.0;47.65;Càrrec;restaurant;Restaurant;Xino Blanes;False
2405;BBVA;Dèbit;11/07/2023;julio;2023;0.0;16.31;Càrrec;menjar;Dia;;False
2408;BBVA;Dèbit;11/07/2023;julio;2023;0.0;12.18;Càrrec;menjar;Novavenda;;False
2410;BBVA;Dèbit;12/07/2023;julio;2023;0.0;22.9;Càrrec;menjar;Novavenda;;False
2411;BBVA;Dèbit;12/07/2023;julio;2023;0.0;4.58;Càrrec;menjar;LIDL;;False
2416;BBVA;Dèbit;13/07/2023;julio;2023;0.0;15.0;Càrrec;varis;Llibres;Asimov. Girona;False
2417;BBVA;Dèbit;13/07/2023;julio;2023;0.0;6.6;Càrrec;restaurant;Bar;Xocolata Girona;False
2420;BBVA;Dèbit;14/07/2023;julio;2023;0.0;34.42;Càrrec;gasolina;GasolinaAreaGuissona;;False
2421;BBVA;Dèbit;14/07/2023;julio;2023;0.0;7.0;Càrrec;varis;Compres: varis;La Caseta Pals;False
2422;BBVA;Dèbit;14/07/2023;julio;2023;0.0;8.4;Càrrec;restaurant;Bar;Xarrup;False
6948;TradeRep.;Dèbit;31/07/2026;julio;2026;0.0;8.45;Càrrec;manteniment;Xino Sta.Coloma;Pistola silicona+ carga blanca;False
7016;BBVA;Compte;15/08/2026;agosto;2026;0.0;35.9;Càrrec;despesa_general;Lowi;;False
2458;BBVA;Dèbit;24/07/2023;julio;2023;0.0;10.0;Càrrec;farmàcia;Farmàcia;;False
2425;BBVA;Dèbit;17/07/2023;julio;2023;0.0;4.0;Càrrec;menjar;Fruiteria;tomates Palamós;False
2427;BBVA;Dèbit;17/07/2023;julio;2023;0.0;48.3;Càrrec;restaurant;Restaurant;L'Olivera Palamós;False
4558;LaCaixa;Compte;03/02/2025;febrero;2025;0.0;100.0;op_banc;op_banc;Traspàs comptes;;False
4575;BBVA;Compte;05/02/2025;febrero;2025;0.0;20.0;op_banc;op_banc;Traspàs comptes;;False
4586;BBVA;Compte;10/02/2025;febrero;2025;800.0;0.0;op_banc;op_banc;Traspàs comptes;;False
2428;BBVA;Dèbit;17/07/2023;julio;2023;0.0;38.25;Càrrec;restaurant;Restaurant;Xarrup Pals;False
2429;BBVA;Dèbit;17/07/2023;julio;2023;0.0;11.8;Càrrec;restaurant;Bar;Gelats Pals;False
2430;BBVA;Dèbit;17/07/2023;julio;2023;0.0;48.4;Càrrec;restaurant;Restaurant;Xino Blanes;False
2433;BBVA;Dèbit;17/07/2023;julio;2023;0.0;25.2;Càrrec;restaurant;Restaurant;Llar de jubilats;False
2434;BBVA;Dèbit;17/07/2023;julio;2023;0.0;4.4;Càrrec;restaurant;Bar;Llar de jubilats;False
2435;BBVA;Dèbit;17/07/2023;julio;2023;0.0;7.97;Càrrec;menjar;Dia;;False
2436;BBVA;Dèbit;19/07/2023;julio;2023;0.0;4.15;Càrrec;menjar;Dia;;False
2445;BBVA;Dèbit;19/07/2023;julio;2023;0.0;25.05;Càrrec;rebost;Clarel;PastaDents,Somat;False
2446;BBVA;Dèbit;20/07/2023;julio;2023;0.0;20.59;Càrrec;menjar;Dia;;False
2457;BBVA;Dèbit;24/07/2023;julio;2023;0.0;24.91;Càrrec;menjar;AreaGuissona;;False
2459;BBVA;Dèbit;24/07/2023;julio;2023;0.0;16.18;Càrrec;menjar;Can Rinsa;;False
2460;BBVA;Dèbit;24/07/2023;julio;2023;0.0;75.0;Càrrec;varis;Extra;Arrecades Mireia;False
2466;BBVA;Dèbit;24/07/2023;julio;2023;0.0;38.11;Càrrec;menjar;Dia;;False
4570;BBVA;Compte;05/02/2025;febrero;2025;0.0;339.59;op_banc;op_banc;Pago VISA;;False
2467;BBVA;Dèbit;25/07/2023;julio;2023;0.0;3.3;Càrrec;restaurant;Bar;McDonals Platja d'Aro;False
2469;BBVA;Dèbit;25/07/2023;julio;2023;0.0;48.45;Càrrec;restaurant;Restaurant;Montsoriu;False
2471;BBVA;Dèbit;26/07/2023;julio;2023;0.0;64.56;Càrrec;gasolina;GasolinaAreaGuissona;;False
2472;BBVA;Dèbit;27/07/2023;julio;2023;0.0;20.0;Càrrec;gasolina;Gasolina altres;;False
2473;BBVA;Dèbit;28/07/2023;julio;2023;0.0;95.7;Càrrec;restaurant;Restaurant;La Mafia se sienta;False
2474;BBVA;Dèbit;28/07/2023;julio;2023;0.0;50.0;Càrrec;restaurant;Restaurant;Marisco a lo bestia,reserva;False
2475;BBVA;Dèbit;28/07/2023;julio;2023;0.0;3.55;Càrrec;varis;Autopista;;False
2476;BBVA;Dèbit;28/07/2023;julio;2023;0.0;6.99;Càrrec;roba;Decatlon;;False
2477;BBVA;Dèbit;31/07/2023;julio;2023;0.0;164.34;Càrrec;menjar;Carrefour;;False
2478;BBVA;Dèbit;31/07/2023;julio;2023;0.0;75.4;Càrrec;restaurant;Restaurant;Poke;False
2481;BBVA;Dèbit;31/07/2023;julio;2023;0.0;2.74;Càrrec;manteniment;LeroyMerlin;;False
2482;BBVA;Dèbit;31/07/2023;julio;2023;0.0;31.06;Càrrec;manteniment;LeroyMerlin;;False
2483;BBVA;Dèbit;31/07/2023;julio;2023;0.0;8.98;Càrrec;roba;Zara;;False
2484;BBVA;Dèbit;31/07/2023;julio;2023;0.0;34.97;Càrrec;roba;Altre roba;Cortefiel;False
2486;BBVA;Dèbit;31/07/2023;julio;2023;0.0;8.7;Càrrec;varis;Autopista;2 tickets;False
2487;BBVA;Dèbit;31/07/2023;julio;2023;0.0;75.26;Càrrec;roba;Altre roba;Leggins;False
2488;BBVA;Dèbit;31/07/2023;julio;2023;0.0;30.0;Càrrec;gasolina;Gasolina altres;;False
2491;BBVA;Dèbit;01/08/2023;agosto;2023;0.0;8.69;Càrrec;menjar;Dia;Lorca;False
2492;BBVA;Dèbit;01/08/2023;agosto;2023;0.0;5.3;Càrrec;restaurant;Bar;Marisco a lo bestia;False
2493;BBVA;Dèbit;01/08/2023;agosto;2023;0.0;1.0;Càrrec;manteniment;Aliexpress;selladora bosses, cullera;False
2496;BBVA;Dèbit;01/08/2023;agosto;2023;0.0;200.0;Càrrec;restaurant;Restaurant;Marisco a lo bestia;False
2498;BBVA;Dèbit;03/08/2023;agosto;2023;0.0;26.78;Càrrec;manteniment;LeroyMerlin;;False
2507;BBVA;Dèbit;07/08/2023;agosto;2023;0.0;40.0;Càrrec;varis;Transport;Tabarqueras;False
2508;BBVA;Dèbit;07/08/2023;agosto;2023;0.0;108.8;Càrrec;restaurant;Restaurant;La almadrava. Tabarca;False
2509;BBVA;Dèbit;07/08/2023;agosto;2023;0.0;3.0;Càrrec;menjar;Altres menjar;Aigua Tabarca;False
2510;BBVA;Dèbit;07/08/2023;agosto;2023;0.0;71.77;Càrrec;gasolina;Gasolina altres;;False
2511;BBVA;Dèbit;07/08/2023;agosto;2023;0.0;20.43;Càrrec;restaurant;Restaurant;McDonals Pilar;False
2513;BBVA;Dèbit;07/08/2023;agosto;2023;0.0;19.39;Càrrec;menjar;Mercadona;;False
2514;BBVA;Dèbit;08/08/2023;agosto;2023;0.0;80.6;Càrrec;restaurant;Restaurant;Xino Pilar;False
2515;BBVA;Dèbit;08/08/2023;agosto;2023;0.0;3.12;Càrrec;menjar;Altres menjar;;False
2520;BBVA;Dèbit;09/08/2023;agosto;2023;0.0;15.96;Càrrec;menjar;Dialprix;;False
2468;BBVA;Dèbit;25/07/2023;julio;2023;0.0;6.0;Càrrec;restaurant;Bar;Desig Palamós;False
2497;BBVA;Dèbit;01/08/2023;agosto;2023;0.0;20.0;Càrrec;gasolina;Gasolina altres;Mireia Mazarrón;False
7020;TradeRep.;Dèbit;11/08/2026;agosto;2026;0.0;22.36;Càrrec;menjar;Dialprix;[VACANCES];False
7021;TradeRep.;Dèbit;11/08/2026;agosto;2026;0.0;74.0;Càrrec;restaurant;Restaurant;Hamburguesa El Pilar;False
7017;TradeRep.;Dèbit;09/08/2026;agosto;2026;0.0;0.0;Càrrec;restaurant;Restaurant;Xino. Mil Palmeras;False
7018;TradeRep.;Dèbit;10/08/2026;agosto;2026;0.0;0.0;Càrrec;menjar;Carn Matilde;[VACANCES];False
6949;BBVA;VISA;31/07/2026;julio;2026;0.0;14.0;Càrrec;restaurant;Restaurant;Pollastre a l'ast. La Torre (Pago VISA per excedir límit TradeR.);False
2545;BBVA;Dèbit;11/08/2023;agosto;2023;0.0;16.42;Càrrec;farmàcia;Farmàcia;;False
2549;BBVA;Dèbit;12/08/2023;agosto;2023;0.0;11.0;Càrrec;restaurant;Restaurant;La parrilla.Palamós;False
2566;BBVA;Dèbit;18/08/2023;agosto;2023;0.0;66.49;Càrrec;roba;Altre roba;ALDI. Liquidació;False
4630;LaCaixa;Compte;22/02/2025;febrero;2025;0.0;50.0;op_banc;op_banc;Traspàs comptes;;False
4640;BBVA;Compte;25/02/2025;febrero;2025;0.0;50.0;op_banc;op_banc;Traspàs comptes;;False
4651;LaCaixa;Compte;28/02/2025;febrero;2025;0.0;100.0;op_banc;op_banc;Traspàs comptes;;False
2523;BBVA;Dèbit;10/08/2023;agosto;2023;0.0;3.7;Càrrec;menjar;Altres menjar;Aliment. Chen;False
2524;BBVA;Dèbit;10/08/2023;agosto;2023;0.0;20.0;Càrrec;gasolina;Gasolina altres;;False
4613;BBVA;Compte;17/02/2025;febrero;2025;0.0;20.0;op_banc;op_banc;Reintegre Caixer;;False
2525;BBVA;Dèbit;11/08/2023;agosto;2023;0.0;14.61;Càrrec;menjar;Dia;;False
2544;BBVA;Dèbit;11/08/2023;agosto;2023;0.0;1.7;Càrrec;varis;Autopista;;False
2546;BBVA;Dèbit;11/08/2023;agosto;2023;0.0;58.45;Càrrec;gasolina;GasolinaAreaGuissona;;False
2547;BBVA;Dèbit;11/08/2023;agosto;2023;0.0;8.36;Càrrec;menjar;LIDL;;False
2548;BBVA;Dèbit;11/08/2023;agosto;2023;0.0;34.0;Càrrec;restaurant;Restaurant;Fumbol. Sant Luis;False
2550;BBVA;Dèbit;13/08/2023;agosto;2023;0.0;11.96;Càrrec;menjar;Dia;;False
2551;BBVA;Dèbit;14/08/2023;agosto;2023;0.0;20.84;Càrrec;menjar;AreaGuissona;;False
2552;BBVA;Dèbit;16/08/2023;agosto;2023;0.0;8.7;Càrrec;varis;Autopista;;False
2553;BBVA;Dèbit;16/08/2023;agosto;2023;0.0;44.41;Càrrec;despesa_general;Lowi;;False
2563;BBVA;Dèbit;17/08/2023;agosto;2023;0.0;11.52;Càrrec;menjar;Dia;;False
2565;BBVA;Dèbit;18/08/2023;agosto;2023;0.0;0.55;Càrrec;varis;Parking;Sta. Caterina;False
2518;BBVA;Dèbit;09/08/2023;agosto;2023;0.0;19.4;Càrrec;menjar;Plaça;Olives;False
2576;BBVA;Dèbit;22/08/2023;agosto;2023;0.0;29.99;Càrrec;menjar;Aldi;;False
2578;BBVA;Dèbit;22/08/2023;agosto;2023;0.0;54.35;Càrrec;restaurant;Restaurant;Xino.Buffet lliure.Blanes;False
2579;BBVA;Dèbit;23/08/2023;agosto;2023;0.0;62.17;Càrrec;gasolina;GasolinaAreaGuissona;;False
2580;BBVA;Dèbit;23/08/2023;agosto;2023;0.0;9.66;Càrrec;menjar;LIDL;;False
2581;BBVA;Dèbit;23/08/2023;agosto;2023;0.0;27.72;Càrrec;menjar;Novavenda;;False
2582;BBVA;Dèbit;25/08/2023;agosto;2023;0.0;138.84;Càrrec;rebost;Vents i Marees;;False
2586;BBVA;Dèbit;28/08/2023;agosto;2023;0.0;12.04;Càrrec;menjar;Novavenda;;False
2590;BBVA;Dèbit;29/08/2023;agosto;2023;0.0;7.55;Càrrec;menjar;Novavenda;;False
2591;BBVA;Dèbit;29/08/2023;agosto;2023;0.0;3.98;Càrrec;rebost;Novavenda;Tonyina;False
2600;BBVA;Dèbit;30/08/2023;agosto;2023;0.0;10.52;Càrrec;menjar;Dia;;False
2608;BBVA;Dèbit;01/09/2023;septiembre;2023;0.0;13.28;Càrrec;manteniment;LeroyMerlin;rodillo+palometes;False
2609;BBVA;Dèbit;01/09/2023;septiembre;2023;0.0;4.19;Càrrec;manteniment;LeroyMerlin;Revoco;False
2610;BBVA;Dèbit;01/09/2023;septiembre;2023;0.0;9.68;Càrrec;neteja;Aldi;;False
2611;BBVA;Dèbit;01/09/2023;septiembre;2023;0.0;71.0;Càrrec;restaurant;Restaurant;Ceviche;False
2612;BBVA;Dèbit;04/09/2023;septiembre;2023;0.0;19.44;Càrrec;menjar;Dia;;False
2613;BBVA;Dèbit;01/09/2023;septiembre;2023;0.0;14.75;Càrrec;menjar;Action Girona;;False
2614;BBVA;Dèbit;01/09/2023;septiembre;2023;0.0;18.55;Càrrec;neteja;Action Girona;;False
2615;BBVA;Dèbit;04/09/2023;septiembre;2023;0.0;12.25;Càrrec;menjar;Dia;;False
2617;BBVA;Dèbit;05/09/2023;septiembre;2023;0.0;35.0;Càrrec;varis;Dentista;;False
2618;BBVA;Dèbit;05/09/2023;septiembre;2023;0.0;46.05;Càrrec;menjar;LIDL;;False
2619;BBVA;Dèbit;05/09/2023;septiembre;2023;0.0;40.3;Càrrec;menjar;Mercadona;;False
2623;BBVA;Dèbit;06/09/2023;septiembre;2023;0.0;11.38;Càrrec;manteniment;Xino Sta.Coloma;talochas;False
2624;BBVA;Dèbit;06/09/2023;septiembre;2023;0.0;2.1;Càrrec;menjar;Mercadona;;False
2629;BBVA;Dèbit;07/09/2023;septiembre;2023;0.0;13.68;Càrrec;menjar;Dia;;False
2639;BBVA;Dèbit;11/09/2023;septiembre;2023;0.0;15.59;Càrrec;neteja;Clarel;;False
2640;BBVA;Dèbit;11/09/2023;septiembre;2023;0.0;12.03;Càrrec;menjar;Dia;;False
2644;BBVA;Dèbit;13/09/2023;septiembre;2023;0.0;55.0;Càrrec;varis;Compres: varis;Regal Enric;False
2645;BBVA;Dèbit;12/09/2023;septiembre;2023;0.0;14.23;Càrrec;menjar;AreaGuissona;;False
2647;BBVA;Dèbit;14/09/2023;septiembre;2023;0.0;48.79;Càrrec;menjar;BonPreu;Cava cumple + 2 lots pizza;False
4615;Efectiu;;16/02/2025;febrero;2025;0.0;2.49;Càrrec;menjar;Dia;;False
2649;BBVA;Dèbit;15/09/2023;septiembre;2023;0.0;8.56;Càrrec;menjar;Dia;;False
2654;BBVA;Dèbit;18/09/2023;septiembre;2023;0.0;17.05;Càrrec;neteja;Clarel;;False
6950;TradeRep.;Compte;01/08/2026;agosto;2026;0.37;0.0;Ingrés;ingres_general;Interessos Trade Rep.;;False
7022;TradeRep.;Compte;11/08/2026;agosto;2026;600.0;0.0;op_banc;op_banc;Traspàs comptes;;False
7023;TradeRep.;Dèbit;12/08/2026;agosto;2026;0.0;32.43;Càrrec;menjar;Dialprix;[VACANCES];False
7024;TradeRep.;Dèbit;12/08/2026;agosto;2026;0.0;78.35;Càrrec;restaurant;Restaurant;La Rucola;False
7025;TradeRep.;Dèbit;13/08/2026;agosto;2026;0.0;3.6;Càrrec;menjar;Altres menjar;[VACANCES] Fleca Mil Palmeras;False
7026;TradeRep.;Dèbit;13/08/2026;agosto;2026;0.0;60.0;Càrrec;varis;Loteria;;False
2659;BBVA;Dèbit;18/09/2023;septiembre;2023;0.0;10.0;Càrrec;gasolina;Gasolina altres;Repsol Arbúcies;False
2690;BBVA;Dèbit;25/09/2023;septiembre;2023;0.0;112.9;Càrrec;restaurant;Restaurant;Tomàquet. Cumple Enric;False
2738;BBVA;Dèbit;05/10/2023;octubre;2023;0.0;7.2;Càrrec;restaurant;Bar;Esmorzar EspaiGironés;False
2739;BBVA;Dèbit;05/10/2023;octubre;2023;0.0;32.0;Càrrec;restaurant;Restaurant;Cal Ramonet. Arbúcies;False
4686;BBVA;VISA;06/03/2025;marzo;2025;0.0;100.0;op_banc;op_banc;Traspàs comptes;;False
4687;BBVA;Compte;06/03/2025;marzo;2025;100.0;0.0;op_banc;op_banc;Traspàs comptes;;False
4701;BBVA;Compte;10/03/2025;marzo;2025;0.0;20.0;op_banc;op_banc;Traspàs comptes;;False
4718;BBVA;Compte;13/03/2025;marzo;2025;300.0;0.0;op_banc;op_banc;Traspàs comptes;;False
2655;BBVA;Dèbit;18/09/2023;septiembre;2023;0.0;6.99;Càrrec;manteniment;Norauto;G13- bono 10? cumple;False
2656;BBVA;Dèbit;18/09/2023;septiembre;2023;0.0;24.0;Càrrec;manteniment;Aldi;Ofertes.racklet;False
2657;BBVA;Dèbit;18/09/2023;septiembre;2023;0.0;-10.99;Càrrec;manteniment;LeroyMerlin;Abono rodillo;False
2658;BBVA;Dèbit;18/09/2023;septiembre;2023;0.0;8.75;Càrrec;varis;Parking;;False
2660;BBVA;Dèbit;18/09/2023;septiembre;2023;0.0;61.73;Càrrec;gasolina;GasolinaAreaGuissona;;False
2661;BBVA;Dèbit;18/09/2023;septiembre;2023;0.0;20.48;Càrrec;neteja;Action Girona;;False
2662;BBVA;Dèbit;18/09/2023;septiembre;2023;0.0;9.72;Càrrec;menjar;Action Girona;;False
2686;BBVA;Dèbit;22/09/2023;septiembre;2023;0.0;34.86;Càrrec;menjar;Dia;;False
2687;BBVA;Dèbit;25/09/2023;septiembre;2023;0.0;21.49;Càrrec;menjar;Mercadona;Cumple Enric;False
2688;BBVA;Dèbit;25/09/2023;septiembre;2023;0.0;45.5;Càrrec;menjar;LIDL;Cumple Enric;False
2689;BBVA;Dèbit;25/09/2023;septiembre;2023;0.0;9.77;Càrrec;menjar;Aldi;Cumple Enric;False
2691;BBVA;Dèbit;25/09/2023;septiembre;2023;0.0;18.55;Càrrec;menjar;BonPreu;Cumple Enric;False
4684;BBVA;Compte;06/03/2025;marzo;2025;0.0;50.0;op_banc;op_banc;Reintegre Caixer;;False
2692;BBVA;Dèbit;25/09/2023;septiembre;2023;0.0;95.54;Càrrec;Parallar;IKEA mobles;Sabater;False
2693;BBVA;Dèbit;25/09/2023;septiembre;2023;0.0;8.0;Càrrec;restaurant;Restaurant;IKEA frankfurts;False
2701;BBVA;Dèbit;28/09/2023;septiembre;2023;0.0;4.5;Càrrec;restaurant;Bar;Llar jubilats;False
2703;BBVA;Dèbit;29/09/2023;septiembre;2023;0.0;15.18;Càrrec;menjar;Altres menjar;Carn. La taverna;False
2705;BBVA;Dèbit;02/10/2023;octubre;2023;0.0;14.41;Càrrec;neteja;Clarel;;False
2706;BBVA;Dèbit;02/10/2023;octubre;2023;0.0;40.32;Càrrec;menjar;BonPreu;;False
2734;BBVA;Dèbit;05/10/2023;octubre;2023;0.0;11.3;Càrrec;menjar;LIDL;;False
2736;BBVA;Dèbit;05/10/2023;octubre;2023;0.0;9.51;Càrrec;neteja;Action Girona;;False
2740;BBVA;Dèbit;06/10/2023;octubre;2023;0.0;1.2;Càrrec;restaurant;Bar;Llar jubilats;False
2743;BBVA;Dèbit;06/10/2023;octubre;2023;0.0;11.37;Càrrec;menjar;Dia;;False
2744;BBVA;Dèbit;07/10/2023;octubre;2023;0.0;24.36;Càrrec;menjar;AreaGuissona;;False
2745;BBVA;Dèbit;07/06/2023;junio;2023;0.0;3.62;Càrrec;varis;Certificat/registre;Jordi cert.Digital;False
2747;BBVA;Dèbit;08/10/2023;octubre;2023;0.0;3.78;Càrrec;menjar;Dia;;False
2749;BBVA;Dèbit;09/10/2023;octubre;2023;0.0;15.63;Càrrec;menjar;Dia;;False
2763;BBVA;Dèbit;12/10/2023;octubre;2023;0.0;11.02;Càrrec;menjar;Dia;;False
2764;BBVA;Dèbit;13/10/2023;octubre;2023;0.0;11.34;Càrrec;menjar;Dia;;False
2765;BBVA;Dèbit;14/10/2023;octubre;2023;0.0;18.57;Càrrec;menjar;AreaGuissona;;False
2766;BBVA;Dèbit;14/10/2023;octubre;2023;0.0;18.42;Càrrec;neteja;Clarel;;False
2771;BBVA;Dèbit;16/10/2023;octubre;2023;0.0;16.21;Càrrec;menjar;Dia;;False
2773;BBVA;Dèbit;18/10/2023;octubre;2023;0.0;19.04;Càrrec;menjar;Dia;;False
2776;BBVA;Dèbit;20/10/2023;octubre;2023;0.0;21.51;Càrrec;menjar;Dia;;False
2786;BBVA;Dèbit;24/10/2023;octubre;2023;0.0;11.7;Càrrec;menjar;Novavenda;sense ticket;False
2791;BBVA;Dèbit;26/10/2023;octubre;2023;0.0;18.84;Càrrec;menjar;AreaGuissona;;False
2792;BBVA;Dèbit;26/10/2023;octubre;2023;0.0;19.03;Càrrec;rebost;Clarel;;False
2793;BBVA;Dèbit;26/10/2023;octubre;2023;0.0;5.18;Càrrec;neteja;Clarel;;False
2796;BBVA;Dèbit;27/10/2023;octubre;2023;0.0;58.96;Càrrec;gasolina;GasolinaAreaGuissona;;False
2797;BBVA;Dèbit;27/10/2023;octubre;2023;0.0;27.0;Càrrec;neteja;Aldi;;False
2798;BBVA;Dèbit;27/10/2023;octubre;2023;0.0;32.4;Càrrec;restaurant;Restaurant;Buffet xino Espai G.;False
2799;BBVA;Dèbit;27/10/2023;octubre;2023;0.0;20.25;Càrrec;menjar;LIDL;;False
2800;BBVA;Dèbit;27/10/2023;octubre;2023;0.0;29.99;Càrrec;roba;Decatlon;Pantalons caminar;False
6951;TradeRep.;Dèbit;01/08/2026;agosto;2026;0.0;116.3;Càrrec;restaurant;Restaurant;Santuari Calasparra ;False
7027;TradeRep.;Dèbit;14/08/2026;agosto;2026;0.0;50.0;Càrrec;varis;Fisioteràpia;Pablo. La Torre;False
2861;BBVA;Dèbit;13/11/2023;noviembre;2023;0.0;6.49;Càrrec;farmàcia;Farmàcia;;False
6952;Efectiu;;31/07/2026;julio;2026;0.0;38.55;Càrrec;menjar;Plaça;[VACANCES] Herbes ;False
7028;TradeRep.;Dèbit;14/08/2026;agosto;2026;0.0;53.57;Càrrec;menjar;Mercadona;[VACANCES];False
4721;LaCaixa;Compte;11/03/2025;marzo;2025;0.0;50.0;op_banc;op_banc;Traspàs comptes;;False
4723;LaCaixa;Compte;13/03/2025;marzo;2025;0.0;300.0;op_banc;op_banc;Traspàs comptes;;False
4760;BBVA;Compte;22/03/2025;marzo;2025;0.0;20.0;op_banc;op_banc;Traspàs comptes;;False
4771;LaCaixa;Compte;20/03/2025;marzo;2025;0.0;50.0;op_banc;op_banc;Traspàs comptes;;False
4774;LaCaixa;Compte;25/03/2025;marzo;2025;0.0;20.0;op_banc;op_banc;Traspàs comptes;;False
2801;BBVA;Dèbit;27/10/2023;octubre;2023;0.0;89.94;Càrrec;manteniment;Reparacions cotxe;FeuVert.Canvi oli;False
2802;BBVA;Dèbit;28/10/2023;octubre;2023;0.0;20.02;Càrrec;menjar;Dia;;False
2803;BBVA;Dèbit;28/10/2023;octubre;2023;0.0;9.12;Càrrec;rebost;Dia;;False
2808;BBVA;Dèbit;30/10/2023;octubre;2023;0.0;28.96;Càrrec;menjar;BonPreu;;False
2810;BBVA;Dèbit;27/10/2023;octubre;2023;0.0;7.3;Càrrec;roba;Altre roba;Primark Girona;False
2816;BBVA;Dèbit;31/10/2023;octubre;2023;0.0;4.99;Càrrec;menjar;Novavenda;;False
2819;BBVA;Dèbit;02/11/2023;noviembre;2023;0.0;23.67;Càrrec;menjar;Can Rinsa;;False
2820;BBVA;Dèbit;02/11/2023;noviembre;2023;0.0;12.02;Càrrec;menjar;Dia;;False
2825;BBVA;Dèbit;01/11/2023;noviembre;2023;0.0;6.3;Càrrec;restaurant;Bar;Vermut Llar jubilats;False
2827;BBVA;Dèbit;02/11/2023;noviembre;2023;0.0;8.7;Càrrec;menjar;Dia;;False
2832;BBVA;Dèbit;03/11/2023;noviembre;2023;0.0;28.53;Càrrec;menjar;Novavenda;;False
2833;BBVA;Dèbit;03/11/2023;noviembre;2023;0.0;1.98;Càrrec;manteniment;Novavenda;;False
2834;BBVA;Dèbit;04/11/2023;noviembre;2023;0.0;12.49;Càrrec;menjar;AreaGuissona;;False
2841;BBVA;Dèbit;06/11/2023;noviembre;2023;0.0;5.84;Càrrec;menjar;Dia;;False
2842;BBVA;Dèbit;05/11/2023;noviembre;2023;0.0;27.0;Càrrec;menjar;Altres menjar;Bolets fira flabiol;False
2846;BBVA;Dèbit;07/11/2023;noviembre;2023;0.0;11.2;Càrrec;menjar;Novavenda;;False
2848;BBVA;Dèbit;08/11/2023;noviembre;2023;0.0;1.45;Càrrec;neteja;Dia;;False
2852;BBVA;Dèbit;10/11/2023;noviembre;2023;0.0;27.89;Càrrec;menjar;Dia;;False
2853;BBVA;Dèbit;10/11/2023;noviembre;2023;0.0;7.56;Càrrec;rebost;Dia;;False
2854;BBVA;Dèbit;10/11/2023;noviembre;2023;0.0;1.69;Càrrec;neteja;Dia;;False
2860;BBVA;Dèbit;13/11/2023;noviembre;2023;0.0;49.99;Càrrec;restaurant;Restaurant;Pizzeria El Niu;False
2862;BBVA;Dèbit;13/11/2023;noviembre;2023;0.0;19.6;Càrrec;menjar;Dia;;False
2863;BBVA;Dèbit;15/11/2023;noviembre;2023;0.0;43.46;Càrrec;menjar;LIDL;;False
2864;BBVA;Dèbit;15/11/2023;noviembre;2023;0.0;9.84;Càrrec;rebost;LIDL;;False
2865;BBVA;Dèbit;15/11/2023;noviembre;2023;0.0;3.1;Càrrec;neteja;LIDL;;False
2866;BBVA;Dèbit;15/11/2023;noviembre;2023;0.0;43.19;Càrrec;menjar;Mercadona;;False
2867;BBVA;Dèbit;15/11/2023;noviembre;2023;0.0;13.3;Càrrec;neteja;Mercadona;;False
2869;BBVA;Dèbit;16/11/2023;noviembre;2023;0.0;30.06;Càrrec;menjar;Dia;;False
2870;BBVA;Dèbit;16/11/2023;noviembre;2023;0.0;16.71;Càrrec;rebost;Dia;;False
2871;BBVA;Dèbit;18/11/2023;noviembre;2023;0.0;76.6;Càrrec;restaurant;Restaurant;Fonda Montseny.Breda;False
2873;BBVA;Dèbit;18/11/2023;noviembre;2023;0.0;61.39;Càrrec;gasolina;GasolinaAreaGuissona;;False
2874;BBVA;Dèbit;19/11/2023;noviembre;2023;0.0;11.48;Càrrec;menjar;Dia;;False
2876;BBVA;Dèbit;20/11/2023;noviembre;2023;0.0;10.51;Càrrec;menjar;Dia;;False
2884;BBVA;Dèbit;21/11/2023;noviembre;2023;0.0;11.12;Càrrec;menjar;AreaGuissona;;False
2887;BBVA;Dèbit;22/11/2023;noviembre;2023;0.0;11.3;Càrrec;menjar;Dia;;False
2893;BBVA;Dèbit;26/11/2023;noviembre;2023;0.0;13.11;Càrrec;menjar;Dia;;False
2896;BBVA;Dèbit;26/11/2023;noviembre;2023;0.0;3.69;Càrrec;menjar;Novavenda;;False
2898;BBVA;Dèbit;27/11/2023;noviembre;2023;0.0;8.96;Càrrec;menjar;Dia;;False
2899;BBVA;Dèbit;27/11/2023;noviembre;2023;0.0;9.61;Càrrec;rebost;Dia;;False
2900;BBVA;Dèbit;28/11/2023;noviembre;2023;0.0;13.05;Càrrec;menjar;Dia;;False
2910;BBVA;Dèbit;01/12/2023;diciembre;2023;0.0;61.58;Càrrec;menjar;LIDL;;False
2911;BBVA;Dèbit;01/12/2023;diciembre;2023;0.0;3.77;Càrrec;neteja;LIDL;;False
2934;BBVA;Dèbit;06/12/2023;diciembre;2023;0.0;10.47;Càrrec;neteja;Clarel;;False
2928;BBVA;Dèbit;05/12/2023;diciembre;2023;0.0;11.05;Càrrec;farmàcia;Farmàcia;;False
2978;BBVA;Dèbit;18/12/2023;diciembre;2023;0.0;67.3;Càrrec;restaurant;Restaurant;La Competència. Vic;False
2979;BBVA;Dèbit;18/12/2023;diciembre;2023;0.0;13.15;Càrrec;menjar;Pa i pastisseria;Turró Josep Ma.;False
3035;BBVA;Dèbit;02/01/2024;enero;2024;0.0;10.0;Càrrec;gasolina;Gasolina altres;Solred.Arbúcies;False
4791;BBVA;Compte;28/03/2025;marzo;2025;0.0;40.0;op_banc;op_banc;Traspàs comptes;;False
4824;LaCaixa;Compte;31/03/2025;marzo;2025;0.0;20.0;op_banc;op_banc;Traspàs comptes;;False
4825;LaCaixa;Compte;05/04/2025;abril;2025;0.0;500.0;op_banc;op_banc;Traspàs comptes;;False
4826;Casa;;05/04/2025;abril;2025;200.0;0.0;op_banc;op_banc;Traspàs comptes;;False
2935;BBVA;Dèbit;06/12/2023;diciembre;2023;0.0;131.9;Càrrec;manteniment;FeuVert;2 rodes + muntatge;False
2938;BBVA;Dèbit;07/12/2023;diciembre;2023;0.0;15.49;Càrrec;menjar;AreaGuissona;;False
2939;BBVA;Dèbit;07/12/2023;diciembre;2023;0.0;1.98;Càrrec;manteniment;AreaGuissona;;False
2940;BBVA;Dèbit;09/12/2023;diciembre;2023;0.0;12.26;Càrrec;menjar;Novavenda;;False
2943;BBVA;Dèbit;10/12/2023;diciembre;2023;0.0;12.42;Càrrec;menjar;Dia;;False
2948;BBVA;Dèbit;11/12/2023;diciembre;2023;0.0;18.7;Càrrec;menjar;Dia;;False
2952;BBVA;Dèbit;13/12/2023;diciembre;2023;0.0;7.81;Càrrec;menjar;LIDL;;False
2953;BBVA;Dèbit;13/11/2023;noviembre;2023;0.0;21.1;Càrrec;neteja;Action Girona;;False
2954;BBVA;Dèbit;13/11/2023;noviembre;2023;0.0;15.27;Càrrec;menjar;Action Girona;;False
2960;BBVA;Dèbit;14/12/2023;diciembre;2023;0.0;39.1;Càrrec;menjar;AreaGuissona;;False
2962;BBVA;Dèbit;14/12/2023;diciembre;2023;0.0;12.69;Càrrec;menjar;Dia;;False
2963;BBVA;Dèbit;15/12/2023;diciembre;2023;0.0;11.8;Càrrec;menjar;Vents i Marees;;False
2964;BBVA;Dèbit;15/12/2023;diciembre;2023;0.0;104.56;Càrrec;rebost;Vents i Marees;;False
2968;BBVA;Dèbit;16/12/2023;diciembre;2023;0.0;19.89;Càrrec;menjar;Dia;;False
2974;BBVA;Dèbit;18/12/2023;diciembre;2023;0.0;3.87;Càrrec;menjar;Dia;;False
2975;BBVA;Dèbit;18/12/2023;diciembre;2023;0.0;58.62;Càrrec;menjar;LIDL;;False
2976;BBVA;Dèbit;18/12/2023;diciembre;2023;0.0;2.19;Càrrec;neteja;LIDL;;False
2977;BBVA;Dèbit;18/12/2023;diciembre;2023;0.0;-2.59;Càrrec;menjar;LIDL;;False
2982;BBVA;Dèbit;19/12/2023;diciembre;2023;0.0;44.86;Càrrec;gasolina;GasolinaAreaGuissona;;False
2993;BBVA;Dèbit;21/12/2023;diciembre;2023;0.0;13.73;Càrrec;menjar;Dia;;False
2995;BBVA;Dèbit;22/12/2023;diciembre;2023;0.0;53.97;Càrrec;gasolina;GasolinaAreaGuissona;;False
2996;BBVA;Dèbit;22/12/2023;diciembre;2023;0.0;87.4;Càrrec;restaurant;Restaurant;Cevicheria. Girona;False
2997;BBVA;Dèbit;22/12/2023;diciembre;2023;0.0;11.2;Càrrec;restaurant;Restaurant;Rocambolesc;False
2998;BBVA;Dèbit;23/12/2023;diciembre;2023;0.0;24.12;Càrrec;menjar;Can Rinsa;;False
2999;BBVA;Dèbit;23/12/2023;diciembre;2023;0.0;15.72;Càrrec;menjar;Novavenda;;False
3005;BBVA;Dèbit;26/12/2023;diciembre;2023;0.0;12.8;Càrrec;menjar;Fruiteria Deepak;;False
3008;BBVA;Dèbit;24/12/2023;diciembre;2023;0.0;12.06;Càrrec;menjar;Novavenda;;False
3009;BBVA;Dèbit;27/12/2023;diciembre;2023;0.0;32.69;Càrrec;menjar;Can Rinsa;;False
4818;BBVA;Compte;05/04/2025;abril;2025;0.0;6.46;op_banc;op_banc;Pago VISA;;False
3010;BBVA;Dèbit;24/12/2023;diciembre;2023;0.0;21.63;Càrrec;menjar;BonPreu;;False
3013;BBVA;Dèbit;27/12/2023;diciembre;2023;0.0;32.47;Càrrec;menjar;Dia;;False
3017;BBVA;Dèbit;27/12/2023;diciembre;2023;0.0;29.0;Càrrec;manteniment;Altres mant.;Joieria. Mei. Anell;False
3018;BBVA;Dèbit;28/12/2023;diciembre;2023;0.0;51.05;Càrrec;restaurant;Restaurant;Enjoy. Platja d'Aro;False
3022;BBVA;Dèbit;28/12/2023;diciembre;2023;0.0;14.24;Càrrec;menjar;Novavenda;;False
3023;BBVA;Dèbit;28/12/2023;diciembre;2023;0.0;1.45;Càrrec;neteja;Novavenda;;False
3024;BBVA;Dèbit;28/12/2023;diciembre;2023;0.0;10.67;Càrrec;menjar;AreaGuissona;;False
3025;BBVA;Dèbit;28/12/2023;diciembre;2023;0.0;5.89;Càrrec;menjar;Dia;;False
3030;BBVA;Dèbit;31/12/2023;diciembre;2023;0.0;11.65;Càrrec;menjar;Dia;;False
3031;BBVA;Dèbit;31/12/2023;diciembre;2023;0.0;1.05;Càrrec;neteja;Dia;;False
3036;BBVA;Dèbit;02/01/2024;enero;2024;0.0;51.09;Càrrec;gasolina;GasolinaAreaGuissona;;False
3037;BBVA;Dèbit;02/01/2024;enero;2024;0.0;72.99;Càrrec;Parallar;Aldi;Olles;False
3038;BBVA;Dèbit;02/01/2024;enero;2024;0.0;107.3;Càrrec;restaurant;Restaurant;Tomàquet. Girona;False
6953;Efectiu;;31/07/2026;julio;2026;0.0;34.33;Càrrec;menjar;Plaça;[VACANCES] Verdures. La Torre;False
7019;TradeRep.;Dèbit;10/08/2026;agosto;2026;0.0;0.0;Càrrec;menjar;Super Villa-Teresa;[VACANCES];False
7042;BBVA;Compte;18/08/2026;agosto;2026;0.0;12.0;Càrrec;menjar;Plaça;;False
3161;BBVA;Dèbit;11/02/2024;febrero;2024;0.0;74.3;Càrrec;restaurant;Restaurant;Montsoriu. Arbúcies;False
3169;BBVA;Dèbit;14/02/2024;febrero;2024;0.0;5.9;Càrrec;restaurant;Bar;L'avi Xicu.Palamós;False
6954;TradeRep.;Dèbit;02/08/2026;agosto;2026;0.0;5.5;Càrrec;menjar;Peixeteria;[VACANCES];False
7029;LaCaixa;Compte;10/08/2026;agosto;2026;0.0;68.46;Càrrec;despesa_general;Ajunt. Arbúcies;;False
4856;BBVA;Compte;15/04/2025;abril;2025;150.0;0.0;op_banc;op_banc;Traspàs comptes;;False
4860;LaCaixa;Compte;15/04/2025;abril;2025;0.0;200.0;op_banc;op_banc;Traspàs comptes;;False
4861;Casa;;15/04/2025;abril;2025;0.0;50.0;op_banc;op_banc;Traspàs comptes;;False
4891;Casa;;19/04/2025;abril;2025;0.0;100.0;op_banc;op_banc;Traspàs comptes;;False
3044;BBVA;Dèbit;04/01/2024;enero;2024;0.0;5.75;Càrrec;varis;Parking;INSS Figueres;False
3046;BBVA;Dèbit;04/01/2024;enero;2024;0.0;24.47;Càrrec;menjar;Dia;;False
3050;BBVA;Dèbit;05/01/2024;enero;2024;0.0;4.87;Càrrec;menjar;AreaGuissona;;False
3053;BBVA;Dèbit;07/01/2024;enero;2024;0.0;15.91;Càrrec;menjar;Dia;;False
3068;BBVA;Dèbit;10/01/2024;enero;2024;0.0;14.28;Càrrec;menjar;Dia;;False
3069;BBVA;Dèbit;10/01/2024;enero;2024;0.0;10.42;Càrrec;menjar;Mercadona;;False
3070;BBVA;Dèbit;10/01/2024;enero;2024;0.0;3.5;Càrrec;neteja;Mercadona;;False
3071;BBVA;Dèbit;12/01/2024;enero;2024;0.0;12.26;Càrrec;menjar;Novavenda;;False
3072;BBVA;Dèbit;12/01/2024;enero;2024;0.0;2.39;Càrrec;neteja;Novavenda;;False
3078;BBVA;Dèbit;13/01/2024;enero;2024;0.0;5.22;Càrrec;menjar;Novavenda;;False
3079;BBVA;Dèbit;13/01/2024;enero;2024;0.0;9.31;Càrrec;rebost;Novavenda;;False
3080;BBVA;Dèbit;14/01/2024;enero;2024;0.0;11.37;Càrrec;menjar;Dia;;False
3084;BBVA;Dèbit;17/01/2024;enero;2024;0.0;8.46;Càrrec;menjar;Dia;;False
3088;BBVA;Dèbit;17/01/2024;enero;2024;0.0;40.15;Càrrec;neteja;Clarel;;False
3090;BBVA;Dèbit;18/01/2024;enero;2024;0.0;27.53;Càrrec;menjar;Dia;;False
3095;BBVA;Dèbit;22/01/2024;enero;2024;0.0;13.78;Càrrec;menjar;Dia;;False
3104;BBVA;Dèbit;24/01/2024;enero;2024;0.0;24.46;Càrrec;menjar;LIDL;;False
3105;BBVA;Dèbit;24/01/2024;enero;2024;0.0;6.95;Càrrec;rebost;LIDL;;False
3106;BBVA;Dèbit;25/01/2024;enero;2024;0.0;17.75;Càrrec;menjar;AreaGuissona;;False
3108;BBVA;Dèbit;26/01/2024;enero;2024;0.0;11.7;Càrrec;menjar;Dia;;False
3109;BBVA;Dèbit;27/01/2024;enero;2024;0.0;27.39;Càrrec;menjar;Can Rinsa;;False
3110;BBVA;Dèbit;27/01/2024;enero;2024;0.0;10.38;Càrrec;menjar;Dia;;False
3115;BBVA;Dèbit;30/01/2024;enero;2024;0.0;56.73;Càrrec;gasolina;GasolinaAreaGuissona;;False
3118;BBVA;Dèbit;29/01/2024;enero;2024;0.0;10.25;Càrrec;menjar;Dia;;False
3122;BBVA;Dèbit;31/01/2024;enero;2024;0.0;7.74;Càrrec;menjar;Dia;;False
3125;BBVA;Dèbit;01/02/2024;febrero;2024;0.0;63.62;Càrrec;menjar;BonPreu;;False
3126;BBVA;Dèbit;01/02/2024;febrero;2024;0.0;2.35;Càrrec;neteja;BonPreu;;False
3131;BBVA;Dèbit;03/02/2024;febrero;2024;0.0;7.76;Càrrec;menjar;Dia;;False
3135;BBVA;Dèbit;04/02/2024;febrero;2024;0.0;25.71;Càrrec;menjar;AreaGuissona;;False
3154;BBVA;Dèbit;09/02/2024;febrero;2024;0.0;32.75;Càrrec;restaurant;Restaurant;Konig Girona;False
3155;BBVA;Dèbit;09/02/2024;febrero;2024;0.0;13.34;Càrrec;menjar;Mercadona;;False
3156;BBVA;Dèbit;09/02/2024;febrero;2024;0.0;4.05;Càrrec;neteja;Mercadona;;False
3158;BBVA;Dèbit;09/02/2024;febrero;2024;0.0;22.02;Càrrec;menjar;Action Girona;;False
3159;BBVA;Dèbit;09/02/2024;febrero;2024;0.0;6.17;Càrrec;neteja;Action Girona;;False
3160;BBVA;Dèbit;12/02/2024;febrero;2024;0.0;52.76;Càrrec;gasolina;GasolinaAreaGuissona;;False
3162;BBVA;Dèbit;12/02/2024;febrero;2024;0.0;8.74;Càrrec;menjar;Dia;;False
3163;BBVA;Dèbit;13/02/2024;febrero;2024;0.0;10.1;Càrrec;varis;Parking;BCN. Goodjobs;False
3280;BBVA;Dèbit;14/03/2024;marzo;2024;0.0;7.5;Càrrec;menjar;Dia;;False
3164;BBVA;Dèbit;13/02/2024;febrero;2024;0.0;69.9;Càrrec;restaurant;Restaurant;Ceviche103. BCN;False
3165;BBVA;Dèbit;13/02/2024;febrero;2024;0.0;11.2;Càrrec;varis;Parking;Ceviche.BCN;False
3166;BBVA;Dèbit;13/02/2024;febrero;2024;0.0;2.95;Càrrec;restaurant;Bar;Autopista;False
3167;BBVA;Dèbit;13/02/2024;febrero;2024;0.0;9.84;Càrrec;menjar;Dia;;False
3168;BBVA;Dèbit;14/02/2024;febrero;2024;0.0;20.0;Càrrec;varis;Dentista;Jordi;False
3170;BBVA;Dèbit;14/02/2024;febrero;2024;0.0;39.0;Càrrec;manteniment;Altres mant.;Decoficador TDT.Sureda;False
3171;BBVA;Dèbit;14/02/2024;febrero;2024;0.0;2.94;Càrrec;menjar;Novavenda;;False
4764;Efectiu;;22/03/2025;marzo;2025;0.0;10.0;Càrrec;personal;Jordi;;False
3172;BBVA;Dèbit;14/02/2024;febrero;2024;0.0;2.85;Càrrec;neteja;Novavenda;;False
3175;BBVA;Dèbit;15/02/2024;febrero;2024;0.0;11.43;Càrrec;menjar;Dia;;False
7044;TradeRep.;Dèbit;18/08/2026;agosto;2026;0.0;68.46;Càrrec;gasolina;GasolinaAreaGuissona;;False
7043;TradeRep.;Dèbit;18/08/2026;agosto;2026;0.0;18.3;Càrrec;menjar;Plaça;;False
4935;BBVA;Compte;30/04/2025;abril;2025;0.0;100.65;op_banc;op_banc;Pago ElCorteInglés;;False
3245;BBVA;Dèbit;07/03/2024;marzo;2024;0.0;3.1;Càrrec;restaurant;Bar;Luxe Cafè;False
3307;BBVA;Dèbit;22/03/2024;marzo;2024;0.0;3.1;Càrrec;restaurant;Bar;Luxe.Palamós;False
6955;BBVA;Compte;03/08/2026;agosto;2026;0.0;400.0;op_banc;op_banc;Traspàs comptes;;False
6956;BBVA;Compte;03/08/2026;agosto;2026;0.0;12.9;Càrrec;assegurança;Ocaso;;False
4914;LaCaixa;Compte;19/04/2025;abril;2025;0.0;200.0;op_banc;op_banc;Traspàs comptes;;False
4919;BBVA;Compte;28/04/2025;abril;2025;0.0;200.0;op_banc;op_banc;Traspàs comptes;;False
4920;Casa;;30/04/2025;abril;2025;0.0;50.0;op_banc;op_banc;Traspàs comptes;;False
4921;Casa;;30/04/2025;abril;2025;200.0;0.0;op_banc;op_banc;Traspàs comptes;;False
3177;BBVA;Dèbit;16/02/2024;febrero;2024;0.0;4.9;Càrrec;manteniment;Xino Sta.Coloma;Hdmi + cinta adhesiva;False
3178;BBVA;Dèbit;16/02/2024;febrero;2024;0.0;30.51;Càrrec;menjar;LIDL;;False
3179;BBVA;Dèbit;17/02/2024;febrero;2024;0.0;19.34;Càrrec;menjar;AreaGuissona;;False
3185;BBVA;Dèbit;19/02/2024;febrero;2024;0.0;17.3;Càrrec;menjar;Dia;;False
3186;BBVA;Dèbit;21/02/2024;febrero;2024;0.0;11.51;Càrrec;menjar;Dia;;False
3187;BBVA;Dèbit;21/02/2024;febrero;2024;0.0;2.65;Càrrec;neteja;Dia;;False
3188;BBVA;Dèbit;21/02/2024;febrero;2024;0.0;86.58;Càrrec;varis;Certificat/registre;Renovar Carnet cotxe Isa;False
3189;BBVA;Dèbit;21/02/2024;febrero;2024;0.0;63.14;Càrrec;gasolina;GasolinaAreaGuissona;;False
3192;BBVA;Dèbit;24/02/2024;febrero;2024;0.0;8.44;Càrrec;menjar;Novavenda;;False
3203;BBVA;Dèbit;26/02/2024;febrero;2024;0.0;12.05;Càrrec;menjar;Dia;;False
3204;BBVA;Dèbit;27/02/2024;febrero;2024;0.0;3.9;Càrrec;menjar;Mercadona;;False
3205;BBVA;Dèbit;27/02/2024;febrero;2024;0.0;1.15;Càrrec;neteja;Mercadona;;False
3206;BBVA;Dèbit;27/02/2024;febrero;2024;0.0;24.1;Càrrec;menjar;LIDL;;False
3214;BBVA;Dèbit;29/02/2024;febrero;2024;0.0;8.92;Càrrec;menjar;Dia;;False
3215;BBVA;Dèbit;29/02/2024;febrero;2024;0.0;1.05;Càrrec;neteja;Dia;;False
3216;BBVA;Dèbit;01/03/2024;marzo;2024;0.0;19.17;Càrrec;menjar;AreaGuissona;;False
3222;BBVA;Dèbit;03/03/2024;marzo;2024;0.0;17.98;Càrrec;menjar;Dia;;False
3227;BBVA;Dèbit;04/03/2024;marzo;2024;0.0;18.14;Càrrec;neteja;Clarel;;False
3235;BBVA;Dèbit;05/03/2024;marzo;2024;0.0;4.01;Càrrec;menjar;Dia;;False
3239;BBVA;Dèbit;06/03/2024;marzo;2024;0.0;121.8;Càrrec;restaurant;Restaurant;Ceviche 103 BCN;False
3240;BBVA;Dèbit;06/03/2024;marzo;2024;0.0;12.65;Càrrec;varis;Transport;Metro BCN;False
3241;BBVA;Dèbit;06/03/2024;marzo;2024;0.0;29.4;Càrrec;varis;Parking;Mireia BCN;False
3246;BBVA;Dèbit;07/03/2024;marzo;2024;0.0;68.1;Càrrec;restaurant;Restaurant;Enjoy Platja d'Aro;False
3247;BBVA;Dèbit;08/03/2024;marzo;2024;0.0;20.0;Càrrec;gasolina;Gasolina altres;Girona;False
3248;BBVA;Dèbit;08/03/2024;marzo;2024;0.0;36.18;Càrrec;menjar;Dia;;False
3260;BBVA;Dèbit;09/03/2024;marzo;2024;0.0;25.77;Càrrec;menjar;Fruiteria Bayes;;False
3261;BBVA;Dèbit;09/03/2024;marzo;2024;0.0;6.67;Càrrec;menjar;Dia;;False
3262;BBVA;Dèbit;09/03/2024;marzo;2024;0.0;2.2;Càrrec;neteja;Dia;;False
3264;BBVA;Dèbit;11/03/2024;marzo;2024;0.0;61.93;Càrrec;restaurant;Restaurant;El Niu Pizza;False
3267;BBVA;Dèbit;11/03/2024;marzo;2024;0.0;12.98;Càrrec;menjar;AreaGuissona;;False
3273;BBVA;Dèbit;12/03/2024;marzo;2024;0.0;4.48;Càrrec;varis;Autopista;BCN Vallvidrera;False
3274;BBVA;Dèbit;11/03/2024;marzo;2024;0.0;17.5;Càrrec;menjar;Dia;;False
3275;BBVA;Dèbit;12/03/2024;marzo;2024;0.0;55.44;Càrrec;gasolina;GasolinaAreaGuissona;;False
3276;BBVA;Dèbit;12/03/2024;marzo;2024;0.0;57.16;Càrrec;menjar;Mercadona;;False
3281;BBVA;Dèbit;14/03/2024;marzo;2024;0.0;2.65;Càrrec;neteja;Dia;;False
3282;BBVA;Dèbit;14/03/2024;marzo;2024;0.0;8.4;Càrrec;menjar;Fruiteria Deepak;;False
4946;BBVA;Compte;05/05/2025;mayo;2025;0.0;128.65;op_banc;op_banc;Pago VISA;;False
3284;BBVA;Dèbit;15/03/2024;marzo;2024;0.0;25.68;Càrrec;menjar;AreaGuissona;;False
3287;BBVA;Dèbit;16/03/2024;marzo;2024;0.0;23.8;Càrrec;menjar;Dia;;False
3288;BBVA;Dèbit;16/03/2024;marzo;2024;0.0;36.32;Càrrec;menjar;Xarcut. La taverna;;False
3296;BBVA;Dèbit;18/03/2024;marzo;2024;0.0;11.99;Càrrec;menjar;Novavenda;;False
3297;BBVA;Dèbit;18/03/2024;marzo;2024;0.0;5.14;Càrrec;menjar;Dia;;False
3298;BBVA;Dèbit;19/03/2024;marzo;2024;0.0;19.63;Càrrec;menjar;Dia;;False
3301;BBVA;Dèbit;20/03/2024;marzo;2024;0.0;3.9;Càrrec;menjar;Mercadona;;False
3304;BBVA;Dèbit;20/03/2024;marzo;2024;0.0;11.23;Càrrec;menjar;Novavenda;;False
7030;LaCaixa;Compte;11/08/2026;agosto;2026;0.0;600.0;op_banc;op_banc;Traspàs comptes;;False
7045;TradeRep.;Dèbit;19/08/2026;agosto;2026;0.0;16.43;Càrrec;menjar;Dia;;False
3356;BBVA;Dèbit;04/04/2024;abril;2024;0.0;21.76;Càrrec;assegurança;DP MP Mireia;;False
3328;BBVA;Dèbit;29/03/2024;marzo;2024;0.0;20.0;Càrrec;restaurant;Restaurant;Pizza Palamós;False
6957;BBVA;Compte;03/08/2026;agosto;2026;0.0;90.28;Càrrec;despesa_general;Piscina;;False
7031;TradeRep.;Dèbit;15/08/2026;agosto;2026;0.0;13.55;Càrrec;menjar;Carn Matilde;[VACANCES];False
7046;Efectiu;Efectiu;18/08/2026;agosto;2026;0.0;3.2;Càrrec;menjar;Fruiterra;;False
4964;LaCaixa;Compte;08/05/2025;mayo;2025;0.0;100.0;op_banc;op_banc;Traspàs comptes;;False
4966;Casa;;09/05/2025;mayo;2025;0.0;50.0;op_banc;op_banc;Traspàs comptes;;False
4967;BBVA;Compte;09/05/2025;mayo;2025;0.0;20.0;op_banc;op_banc;Traspàs comptes;;False
4982;BBVA;Compte;12/05/2025;mayo;2025;200.0;0.0;op_banc;op_banc;Traspàs comptes;;False
4985;LaCaixa;Compte;12/05/2025;mayo;2025;0.0;200.0;op_banc;op_banc;Traspàs comptes;;False
4996;BBVA;Compte;15/05/2025;mayo;2025;200.0;0.0;op_banc;op_banc;Traspàs comptes;;False
4998;LaCaixa;Compte;15/05/2025;mayo;2025;0.0;200.0;op_banc;op_banc;Traspàs comptes;;False
5000;Casa;;15/05/2025;mayo;2025;0.0;50.0;op_banc;op_banc;Traspàs comptes;;False
5004;BBVA;Compte;16/05/2025;mayo;2025;0.0;50.0;op_banc;op_banc;Traspàs comptes;;False
3309;BBVA;Dèbit;21/03/2024;marzo;2024;0.0;25.77;Càrrec;menjar;LIDL;;False
3310;BBVA;Dèbit;21/03/2024;marzo;2024;0.0;3.38;Càrrec;neteja;LIDL;;False
3313;BBVA;Dèbit;23/03/2024;marzo;2024;0.0;7.22;Càrrec;menjar;Peixeteria;;False
3314;BBVA;Dèbit;23/03/2024;marzo;2024;0.0;7.5;Càrrec;menjar;Fruiteria Deepak;;False
3321;BBVA;Dèbit;27/03/2024;marzo;2024;0.0;52.95;Càrrec;gasolina;GasolinaAreaGuissona;;False
3322;BBVA;Dèbit;27/03/2024;marzo;2024;0.0;50.25;Càrrec;restaurant;Restaurant;Buffet Xino.Platja d'Aro;False
3323;BBVA;Dèbit;27/03/2024;marzo;2024;0.0;5.96;Càrrec;menjar;Dia;;False
3324;BBVA;Dèbit;28/03/2024;marzo;2024;0.0;6.53;Càrrec;menjar;Dia;;False
3329;BBVA;Dèbit;30/03/2024;marzo;2024;0.0;5.85;Càrrec;varis;Transport;Sarfa Platja d'Aro;False
3330;BBVA;Dèbit;30/03/2024;marzo;2024;0.0;28.0;Càrrec;restaurant;Restaurant;Medieval. Pernil a la brasa;False
3340;BBVA;Dèbit;31/03/2024;marzo;2024;0.0;12.6;Càrrec;menjar;Novavenda;;False
3341;BBVA;Dèbit;31/03/2024;marzo;2024;0.0;4.79;Càrrec;neteja;Novavenda;;False
3347;BBVA;Dèbit;01/04/2024;abril;2024;0.0;6.17;Càrrec;menjar;Dia;;False
3348;BBVA;Dèbit;02/04/2024;abril;2024;0.0;15.03;Càrrec;menjar;Dia;;False
3494;BBVA;Dèbit;08/05/2024;mayo;2024;0.0;13.66;Càrrec;menjar;Mercadona;;False
3360;BBVA;Dèbit;06/04/2024;abril;2024;0.0;4.3;Càrrec;restaurant;Bar;Charli.Parking;False
3363;BBVA;Dèbit;05/04/2024;abril;2024;0.0;25.39;Càrrec;menjar;Novavenda;;False
3364;BBVA;Dèbit;06/04/2024;abril;2024;0.0;24.2;Càrrec;menjar;AreaGuissona;;False
3367;BBVA;Dèbit;07/04/2024;abril;2024;0.0;5.27;Càrrec;menjar;Dia;;False
3374;BBVA;Dèbit;08/04/2024;abril;2024;0.0;17.75;Càrrec;neteja;Clarel;;False
3377;BBVA;Dèbit;09/04/2024;abril;2024;0.0;85.6;Càrrec;menjar;LIDL;;False
3378;BBVA;Dèbit;09/04/2024;abril;2024;0.0;6.69;Càrrec;neteja;LIDL;;False
3379;BBVA;Dèbit;09/04/2024;abril;2024;0.0;1.7;Càrrec;varis;Parking;Sta. Caterina;False
3384;BBVA;Dèbit;10/04/2024;abril;2024;0.0;9.99;Càrrec;menjar;Dia;;False
3385;BBVA;Dèbit;11/04/2024;abril;2024;0.0;3.91;Càrrec;menjar;Dia;;False
3386;BBVA;Dèbit;12/04/2024;abril;2024;0.0;61.89;Càrrec;gasolina;GasolinaAreaGuissona;;False
3387;BBVA;Dèbit;12/04/2024;abril;2024;0.0;55.9;Càrrec;restaurant;Restaurant;La Cuina.Manresa;False
3388;BBVA;Dèbit;12/04/2024;abril;2024;0.0;13.0;Càrrec;varis;Expectacles/Teatre;La Seu.Manresa;False
3389;BBVA;Dèbit;12/04/2024;abril;2024;0.0;4.5;Càrrec;varis;Parking;Manresa;False
3391;BBVA;Dèbit;15/04/2024;abril;2024;0.0;9.39;Càrrec;menjar;Novavenda;;False
3392;BBVA;Dèbit;15/04/2024;abril;2024;0.0;4.47;Càrrec;neteja;Novavenda;;False
3382;BBVA;Dèbit;10/04/2024;abril;2024;0.0;66.45;Càrrec;assegurança;Imp. Circulació Palamós;;False
3482;BBVA;Dèbit;04/05/2024;mayo;2024;0.0;4.45;Càrrec;farmàcia;Farmàcia;;False
3419;BBVA;Dèbit;22/04/2024;abril;2024;0.0;12.1;Càrrec;restaurant;Bar;Petit Racó. Breda;False
3458;BBVA;Dèbit;30/04/2024;abril;2024;0.0;45.0;Càrrec;roba;Altre roba;Sports.Arbúcies. Suadera Jordi;False
3467;BBVA;Dèbit;02/05/2024;mayo;2024;0.0;20.14;Càrrec;roba;Altre roba;Polo.ElCorteInglés;False
5043;LaCaixa;Compte;25/05/2025;mayo;2025;0.0;100.0;op_banc;op_banc;Traspàs comptes;;False
5049;Casa;;26/05/2025;mayo;2025;0.0;50.0;op_banc;op_banc;Traspàs comptes;;False
5055;LaCaixa;Compte;30/05/2025;mayo;2025;0.0;700.0;op_banc;op_banc;Traspàs comptes;;False
5056;LaCaixa;Compte;02/06/2025;junio;2025;0.0;700.0;op_banc;op_banc;Traspàs comptes;;False
5057;LaCaixa;Compte;04/06/2025;junio;2025;0.0;100.0;op_banc;op_banc;Traspàs comptes;;False
3406;BBVA;Dèbit;17/04/2024;abril;2024;0.0;18.42;Càrrec;menjar;Dia;;False
3412;BBVA;Dèbit;19/04/2024;abril;2024;0.0;9.88;Càrrec;manteniment;Xino Sta.Coloma;Llana+Griffi;False
3413;BBVA;Dèbit;19/04/2024;abril;2024;0.0;109.93;Càrrec;menjar;LIDL;;False
3414;BBVA;Dèbit;19/04/2024;abril;2024;0.0;10.71;Càrrec;neteja;LIDL;;False
3420;BBVA;Dèbit;22/04/2024;abril;2024;0.0;11.12;Càrrec;menjar;Altres menjar;Formatge Fira Breda;False
3421;BBVA;Dèbit;22/04/2024;abril;2024;0.0;8.6;Càrrec;varis;Compres: varis;Incens. Breda;False
3496;BBVA;Dèbit;08/05/2024;mayo;2024;0.0;3.98;Càrrec;menjar;Novavenda;;False
3428;BBVA;Dèbit;23/04/2024;abril;2024;0.0;16.8;Càrrec;restaurant;Restaurant;Rocambolesc;False
3433;BBVA;Dèbit;25/04/2024;abril;2024;0.0;4.27;Càrrec;menjar;Novavenda;;False
3434;BBVA;Dèbit;25/04/2024;abril;2024;0.0;11.94;Càrrec;rebost;Novavenda;;False
3437;BBVA;Dèbit;27/04/2024;abril;2024;0.0;35.0;Càrrec;varis;Extra;Ram Nuri;False
3440;BBVA;Dèbit;26/04/2024;abril;2024;0.0;7.57;Càrrec;menjar;Novavenda;;False
3444;BBVA;Dèbit;27/04/2024;abril;2024;0.0;7.4;Càrrec;menjar;Dia;;False
3445;BBVA;Dèbit;28/04/2024;abril;2024;0.0;12.13;Càrrec;menjar;AreaGuissona;;False
3446;BBVA;Dèbit;29/04/2024;abril;2024;0.0;156.65;Càrrec;restaurant;Restaurant;Buffet Kioto. BCN;False
3447;BBVA;Dèbit;29/04/2024;abril;2024;0.0;14.28;Càrrec;varis;Parking;BCN;False
3448;BBVA;Dèbit;29/04/2024;abril;2024;0.0;9.3;Càrrec;varis;Parking;BCN;False
3449;BBVA;Dèbit;29/04/2024;abril;2024;0.0;7.2;Càrrec;restaurant;Bar;Aeroport;False
3450;BBVA;Dèbit;29/04/2024;abril;2024;0.0;3.9;Càrrec;varis;Parking;Areoport;False
3451;BBVA;Dèbit;29/04/2024;abril;2024;0.0;4.44;Càrrec;menjar;Dia;;False
3454;BBVA;Dèbit;29/04/2024;abril;2024;0.0;1.86;Càrrec;menjar;Novavenda;;False
3456;BBVA;Dèbit;29/04/2024;abril;2024;0.0;7.9;Càrrec;restaurant;Bar;Aeroport;False
3457;BBVA;Dèbit;28/04/2024;abril;2024;0.0;5.8;Càrrec;restaurant;Bar;Aeroport;False
3461;BBVA;Dèbit;30/04/2024;abril;2024;0.0;8.89;Càrrec;menjar;Novavenda;;False
3462;BBVA;Dèbit;30/04/2024;abril;2024;0.0;7.96;Càrrec;rebost;Novavenda;;False
3466;BBVA;Dèbit;02/05/2024;mayo;2024;0.0;1.05;Càrrec;varis;Parking;Sta. Caterina;False
3468;BBVA;Dèbit;02/05/2024;mayo;2024;0.0;58.5;Càrrec;restaurant;Restaurant;Francina.Girona;False
3470;BBVA;Dèbit;02/05/2024;mayo;2024;0.0;6.6;Càrrec;menjar;Pa i pastisseria;Xuxos;False
3478;BBVA;Dèbit;03/05/2024;mayo;2024;0.0;13.47;Càrrec;menjar;Action Girona;;False
3479;BBVA;Dèbit;03/05/2024;mayo;2024;0.0;11.08;Càrrec;neteja;Action Girona;;False
3481;BBVA;Dèbit;04/05/2024;mayo;2024;0.0;10.33;Càrrec;menjar;Dia;;False
3489;BBVA;Dèbit;07/05/2024;mayo;2024;0.0;64.76;Càrrec;gasolina;GasolinaAreaGuissona;;False
3491;BBVA;Dèbit;08/05/2024;mayo;2024;0.0;57.47;Càrrec;menjar;Aldi;;False
3492;BBVA;Dèbit;08/05/2024;mayo;2024;0.0;12.28;Càrrec;neteja;Aldi;;False
3495;BBVA;Dèbit;08/05/2024;mayo;2024;0.0;8.45;Càrrec;neteja;Mercadona;;False
3500;BBVA;Dèbit;14/05/2024;mayo;2024;0.0;10.5;Càrrec;menjar;Fruiteria Deepak;;False
3503;BBVA;Dèbit;13/05/2024;mayo;2024;0.0;17.18;Càrrec;menjar;Dia;;False
3511;BBVA;Dèbit;14/05/2024;mayo;2024;0.0;5.49;Càrrec;menjar;Novavenda;;False
3515;BBVA;Dèbit;17/05/2024;mayo;2024;0.0;24.26;Càrrec;menjar;LIDL;;False
3516;BBVA;Dèbit;17/05/2024;mayo;2024;0.0;1.58;Càrrec;neteja;LIDL;;False
3517;BBVA;Dèbit;18/05/2024;mayo;2024;0.0;23.25;Càrrec;menjar;Dia;;False
6958;TradeRep.;Dèbit;02/08/2026;agosto;2026;0.0;23.46;Càrrec;roba;Woman Secret;;False
6959;TradeRep.;Dèbit;02/08/2026;agosto;2026;0.0;21.7;Càrrec;roba;Altre roba;Nike La Zenia;False
7032;Efectiu;;14/08/2026;agosto;2026;0.0;20.8;Càrrec;menjar;Plaça;[VACANCES];False
7033;Efectiu;;14/08/2026;agosto;2026;0.0;20.49;Càrrec;menjar;Plaça;[VACANCES];False
7047;LaCaixa;Compte;19/08/2026;agosto;2026;0.0;60.0;op_banc;op_banc;Traspàs comptes;;False
5091;BBVA;Compte;02/06/2025;junio;2025;0.0;183.0;op_banc;op_banc;Pago ElCorteInglés;;False
3587;BBVA;Dèbit;05/06/2024;junio;2024;0.0;68.7;Càrrec;restaurant;Restaurant;Maria. La Ràpita;False
3617;BBVA;Dèbit;10/06/2024;junio;2024;0.0;8.5;Càrrec;varis;Parking;Palamós;False
3619;BBVA;Dèbit;10/06/2024;junio;2024;0.0;25.4;Càrrec;restaurant;Restaurant;L'Olivera. Palamós;False
3625;BBVA;Dèbit;11/06/2024;junio;2024;0.0;18.5;Càrrec;varis;Tintoreria;Edredó;False
3632;BBVA;Dèbit;13/06/2024;junio;2024;0.0;4.5;Càrrec;restaurant;Bar;Jubilats. Arbúcies;False
6960;BBVA;Compte;03/08/2026;agosto;2026;0.0;100.0;op_banc;op_banc;Traspàs comptes;;False
7034;BBVA;Dèbit;16/08/2026;agosto;2026;0.0;30.0;Càrrec;gasolina;Gasolina altres;Autopista ;False
5092;BBVA;Compte;02/06/2025;junio;2025;700.0;0.0;op_banc;op_banc;Traspàs comptes;;False
5107;BBVA;Compte;06/06/2025;junio;2025;200.0;0.0;op_banc;op_banc;Traspàs comptes;;False
5108;LaCaixa;Compte;06/06/2025;junio;2025;0.0;200.0;op_banc;op_banc;Traspàs comptes;;False
5116;Casa;;10/06/2025;junio;2025;0.0;50.0;op_banc;op_banc;Traspàs comptes;;False
5118;LaCaixa;Compte;12/06/2025;junio;2025;0.0;200.0;op_banc;op_banc;Traspàs comptes;;False
5123;BBVA;Compte;12/06/2025;junio;2025;100.0;0.0;op_banc;op_banc;Traspàs comptes;;False
5127;Casa;;14/06/2025;junio;2025;60.0;0.0;op_banc;op_banc;Traspàs comptes;;False
3518;BBVA;Dèbit;18/05/2024;mayo;2024;0.0;2.98;Càrrec;neteja;Dia;;False
3523;BBVA;Dèbit;19/05/2024;mayo;2024;0.0;13.47;Càrrec;menjar;Dia;;False
3524;BBVA;Dèbit;20/05/2024;mayo;2024;0.0;8.56;Càrrec;menjar;Dia;;False
3530;BBVA;Dèbit;22/05/2024;mayo;2024;0.0;16.62;Càrrec;menjar;AreaGuissona;;False
3531;BBVA;Dèbit;22/05/2024;mayo;2024;0.0;6.95;Càrrec;menjar;Novavenda;;False
3540;BBVA;Dèbit;25/05/2024;mayo;2024;0.0;10.95;Càrrec;menjar;Dia;;False
3544;BBVA;Dèbit;25/05/2024;mayo;2024;0.0;7.08;Càrrec;menjar;Novavenda;;False
3550;BBVA;Dèbit;27/05/2024;mayo;2024;0.0;9.63;Càrrec;menjar;AreaGuissona;;False
3551;BBVA;Dèbit;28/05/2024;mayo;2024;0.0;6.3;Càrrec;menjar;Fruiteria Deepak;;False
3558;BBVA;Dèbit;29/05/2024;mayo;2024;0.0;10.76;Càrrec;menjar;Dia;;False
3565;BBVA;Dèbit;30/05/2024;mayo;2024;0.0;4.0;Càrrec;menjar;Altres menjar;Tiger.La Zenia;False
3569;BBVA;Dèbit;01/06/2024;junio;2024;0.0;6.48;Càrrec;manteniment;Altres menjar;Druni. Habaneras;False
5102;BBVA;Compte;05/06/2025;junio;2025;0.0;436.86;op_banc;op_banc;Pago VISA;;False
3570;BBVA;Dèbit;02/06/2024;junio;2024;0.0;21.49;Càrrec;menjar;Altres menjar;Mercat El Pilar;False
3573;BBVA;Dèbit;03/06/2024;junio;2024;0.0;29.49;Càrrec;menjar;Dialprix;;False
3574;BBVA;Dèbit;03/06/2024;junio;2024;0.0;3.59;Càrrec;neteja;Dialprix;;False
3578;BBVA;Dèbit;01/06/2024;junio;2024;0.0;18.4;Càrrec;menjar;Altres menjar;;False
3581;BBVA;Dèbit;05/06/2024;junio;2024;0.0;20.1;Càrrec;gasolina;Gasolina altres;La Torre;False
3588;BBVA;Dèbit;05/06/2024;junio;2024;0.0;40.0;Càrrec;gasolina;Gasolina altres;Autopista;False
3591;BBVA;Dèbit;06/06/2024;junio;2024;0.0;1.35;Càrrec;neteja;Dia;;False
3592;BBVA;Dèbit;07/06/2024;junio;2024;0.0;105.99;Càrrec;menjar;LIDL;;False
3593;BBVA;Dèbit;07/06/2024;junio;2024;0.0;6.32;Càrrec;neteja;LIDL;;False
3594;BBVA;Dèbit;07/06/2024;junio;2024;0.0;25.45;Càrrec;roba;LIDL;;False
3595;BBVA;Dèbit;07/06/2024;junio;2024;0.0;53.83;Càrrec;gasolina;GasolinaAreaGuissona;;False
3624;BBVA;Dèbit;10/06/2024;junio;2024;0.0;18.09;Càrrec;menjar;Dia;;False
3626;BBVA;Dèbit;12/06/2024;junio;2024;0.0;1.47;Càrrec;varis;Fotos Clarel;Fotos Nuri (3 13x18);False
3627;BBVA;Dèbit;12/06/2024;junio;2024;0.0;13.34;Càrrec;menjar;Novavenda;;False
3631;BBVA;Dèbit;13/06/2024;junio;2024;0.0;21.08;Càrrec;menjar;Peixeteria;;False
3635;BBVA;Dèbit;14/06/2024;junio;2024;0.0;11.01;Càrrec;manteniment;Xino Sta.Coloma;interruptors escala;False
3636;BBVA;Dèbit;14/06/2024;junio;2024;0.0;12.44;Càrrec;menjar;LIDL;;False
3637;BBVA;Dèbit;14/06/2024;junio;2024;0.0;1.55;Càrrec;neteja;LIDL;;False
3638;BBVA;Dèbit;14/06/2024;junio;2024;0.0;17.86;Càrrec;menjar;AreaGuissona;;False
7048;TradeRep.;Dèbit;20/08/2026;agosto;2026;0.0;13.55;Càrrec;menjar;Novavenda;;False
7049;TradeRep.;Dèbit;20/08/2026;agosto;2026;0.0;2.68;Càrrec;neteja;Novavenda;;False
3639;BBVA;Dèbit;14/06/2024;junio;2024;0.0;-7.99;Càrrec;roba;Altre roba;Devolució LIDL;False
3665;BBVA;Dèbit;24/06/2024;junio;2024;0.0;40.0;Càrrec;restaurant;Restaurant;L'Olivera.Palamós;False
3666;BBVA;Dèbit;24/06/2024;junio;2024;0.0;85.0;Càrrec;restaurant;Restaurant;Mònica.Palamós;False
3680;BBVA;Dèbit;27/06/2024;junio;2024;0.0;5.0;Càrrec;roba;Altre roba;Polo Mercat Palamós;False
5141;Casa;;18/06/2025;junio;2025;0.0;60.0;op_banc;op_banc;Traspàs comptes;;False
5157;BBVA;Compte;23/06/2025;junio;2025;0.0;100.0;op_banc;op_banc;Traspàs comptes;;False
5171;LaCaixa;Compte;25/06/2025;junio;2025;0.0;20.0;op_banc;op_banc;Traspàs comptes;;False
5173;LaCaixa;Compte;26/06/2025;junio;2025;0.0;100.0;op_banc;op_banc;Traspàs comptes;;False
3641;BBVA;Dèbit;15/06/2024;junio;2024;0.0;9.2;Càrrec;varis;Autopista;;False
3642;BBVA;Dèbit;15/06/2024;junio;2024;0.0;42.73;Càrrec;proveidor;SelfPrinting;Cartell Xarrup;False
3645;BBVA;Dèbit;15/06/2024;junio;2024;0.0;0.9;Càrrec;neteja;BonPreu;;False
3651;BBVA;Dèbit;17/06/2024;junio;2024;0.0;9.81;Càrrec;menjar;Dia;;False
3652;BBVA;Dèbit;20/06/2024;junio;2024;0.0;60.0;Càrrec;varis;Perruqueria;Jordi i Isabel;False
3661;BBVA;Dèbit;21/06/2024;junio;2024;0.0;59.9;Càrrec;gasolina;GasolinaAreaGuissona;;False
3663;BBVA;Dèbit;21/06/2024;junio;2024;0.0;2.49;Càrrec;neteja;Dia;;False
3664;BBVA;Dèbit;22/06/2024;junio;2024;0.0;2.82;Càrrec;gasolina;GasolinaAreaGuissona;Cotxe Pepe;False
3668;BBVA;Dèbit;24/06/2024;junio;2024;0.0;57.85;Càrrec;restaurant;Restaurant;Buffet Paltja d'Aro;False
3669;BBVA;Dèbit;24/06/2024;junio;2024;0.0;3.39;Càrrec;menjar;LIDL;;False
3685;BBVA;Dèbit;27/06/2024;junio;2024;0.0;38.75;Càrrec;menjar;Mercadona;;False
3694;BBVA;Dèbit;28/06/2024;junio;2024;0.0;8.82;Càrrec;menjar;Novavenda;;False
3695;BBVA;Dèbit;28/06/2024;junio;2024;0.0;15.38;Càrrec;rebost;Novavenda;;False
3696;BBVA;Dèbit;28/06/2024;junio;2024;0.0;2.05;Càrrec;neteja;Novavenda;;False
3697;BBVA;Dèbit;28/06/2024;junio;2024;0.0;12.51;Càrrec;menjar;Dia;;False
3707;BBVA;Dèbit;01/07/2024;julio;2024;0.0;20.92;Càrrec;menjar;Dia;;False
3708;BBVA;Dèbit;02/07/2024;julio;2024;0.0;9.84;Càrrec;menjar;Dia;;False
3715;BBVA;Dèbit;03/07/2024;julio;2024;0.0;21.76;Càrrec;neteja;Clarel;;False
3725;BBVA;Dèbit;04/07/2024;julio;2024;0.0;85.28;Càrrec;restaurant;Restaurant;Formaticum.Girona;False
3732;BBVA;Dèbit;04/07/2024;julio;2024;0.0;9.08;Càrrec;menjar;Action Girona;;False
3733;BBVA;Dèbit;04/07/2024;julio;2024;0.0;7.98;Càrrec;neteja;Action Girona;rodillo+ paper wc;False
3743;BBVA;Dèbit;10/07/2024;julio;2024;0.0;27.56;Càrrec;menjar;AreaGuissona;;False
3771;BBVA;Dèbit;19/07/2024;julio;2024;0.0;24.38;Càrrec;menjar;LIDL;;False
3775;BBVA;Dèbit;19/07/2024;julio;2024;0.0;40.0;Càrrec;gasolina;GasolinaAreaGuissona;;False
3786;BBVA;Dèbit;22/07/2024;julio;2024;0.0;23.42;Càrrec;menjar;Dia;;False
3787;BBVA;Dèbit;23/07/2024;julio;2024;0.0;10.93;Càrrec;menjar;Dia;;False
3794;BBVA;Dèbit;25/07/2024;julio;2024;0.0;10.43;Càrrec;neteja;Clarel;;False
3798;BBVA;Dèbit;26/07/2024;julio;2024;0.0;23.93;Càrrec;restaurant;Restaurant;Burguer King;False
3799;BBVA;Dèbit;26/07/2024;julio;2024;0.0;11.96;Càrrec;restaurant;Restaurant;Burguer King;False
3801;BBVA;Dèbit;27/07/2024;julio;2024;0.0;24.83;Càrrec;menjar;AreaGuissona;;False
3803;BBVA;Dèbit;27/07/2024;julio;2024;0.0;41.46;Càrrec;gasolina;GasolinaAreaGuissona;;False
3804;BBVA;Dèbit;27/07/2024;julio;2024;0.0;3.57;Càrrec;menjar;Dia;;False
4093;BBVA;Dèbit;11/10/2024;octubre;2024;0.0;42.96;Càrrec;roba;LIDL;Treking;False
3814;BBVA;Dèbit;30/07/2024;julio;2024;0.0;16.77;Càrrec;menjar;Dia;;False
3817;BBVA;Dèbit;31/07/2024;julio;2024;0.0;23.49;Càrrec;gasolina;GasolinaAreaGuissona;;False
3818;BBVA;Dèbit;31/07/2024;julio;2024;0.0;30.0;Càrrec;gasolina;Gasolina altres;Autopista;False
3819;BBVA;Dèbit;31/07/2024;julio;2024;0.0;3.0;Càrrec;menjar;Mercadona;;False
3820;BBVA;Dèbit;31/07/2024;julio;2024;0.0;20.35;Càrrec;menjar;Alcampo;;False
3681;BBVA;Dèbit;27/06/2024;junio;2024;0.0;30.9;Càrrec;restaurant;Bar;L'onada Palamós;False
3714;BBVA;Dèbit;03/07/2024;julio;2024;0.0;19.8;Càrrec;roba;Altre roba;Sports Arbúcies;False
3716;BBVA;Dèbit;03/07/2024;julio;2024;0.0;54.9;Càrrec;roba;Altre roba;Sports Arbúcies;False
3721;BBVA;Dèbit;06/07/2024;julio;2024;0.0;47.27;Càrrec;manteniment;LeroyMerlin;Imprimació Latex;False
6961;Efectiu;;03/08/2026;agosto;2026;0.0;65.31;Càrrec;menjar;LIDL;[VACANCES];False
6962;TradeRep.;Compte;03/08/2026;agosto;2026;400.0;0.0;op_banc;op_banc;Traspàs comptes;;False
7035;TradeRep.;Dèbit;15/08/2026;agosto;2026;0.0;72.05;Càrrec;restaurant;Restaurant;Xino Pilar;False
7050;Efectiu;;18/08/2026;agosto;2026;0.0;5.0;Càrrec;personal;Jordi;;False
7051;Efectiu;Efectiu;20/08/2026;agosto;2026;0.0;3.0;Càrrec;menjar;Fleca Arnau;;False
7052;Efectiu;Efectiu;20/08/2026;agosto;2026;0.0;2.49;Càrrec;menjar;Fruiteria Deepak;;False
3906;BBVA;Dèbit;23/08/2024;agosto;2024;0.0;10.5;Càrrec;restaurant;Bar;Gelats. Palamós;False
3925;BBVA;Dèbit;27/08/2024;agosto;2024;0.0;1.79;Càrrec;manteniment;Bauhaus;Junta tórica WC;False
6963;TradeRep.;Compte;03/08/2026;agosto;2026;0.0;25.0;Càrrec;despesa_general;Accions NVidia;;False
6964;TradeRep.;Compte;03/08/2026;agosto;2026;0.0;25.0;Càrrec;despesa_general;Accions S&P500;;False
6965;TradeRep.;Dèbit;03/08/2026;agosto;2026;0.0;14.73;Càrrec;menjar;Carn Matilde;[VACANCES];False
5206;LaCaixa;Compte;02/07/2025;julio;2025;0.0;50.0;op_banc;op_banc;Traspàs comptes;;False
5207;LaCaixa;Compte;03/07/2025;julio;2025;0.0;100.0;op_banc;op_banc;Traspàs comptes;;False
5197;BBVA;Compte;04/07/2025;julio;2025;0.0;381.82;op_banc;op_banc;Pago VISA;;False
5208;LaCaixa;Compte;07/07/2025;julio;2025;0.0;40.0;op_banc;op_banc;Traspàs comptes;;False
5225;LaCaixa;Compte;10/07/2025;julio;2025;0.0;50.0;op_banc;op_banc;Traspàs comptes;;False
5243;BBVA;Compte;14/07/2025;julio;2025;0.0;20.0;op_banc;op_banc;Traspàs comptes;;False
3821;BBVA;Dèbit;31/07/2024;julio;2024;0.0;0.85;Càrrec;neteja;Alcampo;;False
3822;BBVA;Dèbit;31/07/2024;julio;2024;0.0;33.51;Càrrec;restaurant;Restaurant;Hamburguesses Carl's.La Zenia;False
3825;BBVA;Dèbit;01/08/2024;agosto;2024;0.0;82.22;Càrrec;menjar;Mercadona;;False
3826;BBVA;Dèbit;01/08/2024;agosto;2024;0.0;8.55;Càrrec;neteja;Mercadona;;False
3827;BBVA;Dèbit;31/07/2024;julio;2024;0.0;4.6;Càrrec;varis;Autopista;;False
3828;BBVA;Dèbit;02/08/2024;agosto;2024;0.0;17.0;Càrrec;restaurant;Restaurant;Pollastres al ast;False
3829;BBVA;Dèbit;02/08/2024;agosto;2024;0.0;31.8;Càrrec;menjar;Supeco;;False
3830;BBVA;Dèbit;02/08/2024;agosto;2024;0.0;16.1;Càrrec;neteja;Supeco;;False
3831;BBVA;Dèbit;03/08/2024;agosto;2024;0.0;8.12;Càrrec;menjar;Dialprix;;False
3832;BBVA;Dèbit;03/08/2024;agosto;2024;0.0;64.4;Càrrec;restaurant;Restaurant;Gyos Pitta. La Torre;False
3833;BBVA;Dèbit;03/08/2024;agosto;2024;0.0;40.0;Càrrec;roba;Altre roba;sabates La Torre;False
3834;BBVA;Dèbit;04/08/2024;agosto;2024;0.0;6.5;Càrrec;menjar;Super Villa-Teresa;;False
3835;BBVA;Dèbit;04/08/2024;agosto;2024;0.0;10.65;Càrrec;manteniment;Super Villa-Teresa;;False
3836;BBVA;Dèbit;04/08/2024;agosto;2024;0.0;5.9;Càrrec;restaurant;Bar;Gelats Galan;False
3843;BBVA;Dèbit;06/08/2024;agosto;2024;0.0;59.95;Càrrec;restaurant;Restaurant;Pizza Domino┬┤s;False
3845;BBVA;Dèbit;06/08/2024;agosto;2024;0.0;4.8;Càrrec;menjar;Pa i pastisseria;;False
3846;BBVA;Dèbit;06/08/2024;agosto;2024;0.0;28.41;Càrrec;menjar;Dialprix;;False
3847;BBVA;Dèbit;06/08/2024;agosto;2024;0.0;4.95;Càrrec;neteja;Mercadona;;False
3848;BBVA;Dèbit;07/08/2024;agosto;2024;0.0;16.0;Càrrec;menjar;Peixeteria;;False
3849;BBVA;Dèbit;07/08/2024;agosto;2024;0.0;20.79;Càrrec;menjar;Dialprix;;False
3850;BBVA;Dèbit;08/08/2024;agosto;2024;0.0;21.08;Càrrec;menjar;Dialprix;;False
3851;BBVA;Dèbit;08/08/2024;agosto;2024;0.0;67.35;Càrrec;menjar;Carn Matilde;;False
3852;BBVA;Dèbit;09/08/2024;agosto;2024;0.0;64.75;Càrrec;restaurant;Restaurant;Xino Asia. Pilar;False
3854;BBVA;Dèbit;09/08/2024;agosto;2024;0.0;13.5;Càrrec;varis;Perruqueria;Enric. La Torre;False
3855;BBVA;Dèbit;09/08/2024;agosto;2024;0.0;28.85;Càrrec;restaurant;Bar;Gelats Galan;False
3856;BBVA;Dèbit;10/08/2024;agosto;2024;0.0;63.04;Càrrec;gasolina;Gasolina altres;La Torre;False
3857;BBVA;Dèbit;10/08/2024;agosto;2024;0.0;5.85;Càrrec;varis;Parking;Altea;False
3858;BBVA;Dèbit;10/08/2024;agosto;2024;0.0;30.0;Càrrec;gasolina;Gasolina altres;Autopista;False
3853;BBVA;Dèbit;09/08/2024;agosto;2024;0.0;10.4;Càrrec;menjar;Plaça;Pilar de la Horadada;False
3898;BBVA;Dèbit;20/08/2024;agosto;2024;0.0;22.08;Càrrec;menjar;Dia;;False
3903;BBVA;Dèbit;22/08/2024;agosto;2024;0.0;16.09;Càrrec;menjar;Novavenda;;False
3904;BBVA;Dèbit;23/08/2024;agosto;2024;0.0;61.4;Càrrec;gasolina;GasolinaAreaGuissona;;False
3905;BBVA;Dèbit;23/08/2024;agosto;2024;0.0;17.0;Càrrec;restaurant;Bar;Pizza. Diversiones;False
3908;BBVA;Dèbit;25/08/2024;agosto;2024;0.0;57.85;Càrrec;restaurant;Restaurant;Wok. Platja d'Aro;False
3909;BBVA;Dèbit;25/08/2024;agosto;2024;0.0;8.84;Càrrec;manteniment;LeroyMerlin;Junta wc + escaiola;False
3916;BBVA;Dèbit;25/08/2024;agosto;2024;0.0;14.94;Càrrec;neteja;Clarel;;False
3917;BBVA;Dèbit;25/08/2024;agosto;2024;0.0;31.72;Càrrec;menjar;AreaGuissona;;False
3920;BBVA;Dèbit;26/08/2024;agosto;2024;0.0;15.05;Càrrec;menjar;Dia;;False
3921;BBVA;Dèbit;26/08/2024;agosto;2024;0.0;2.49;Càrrec;neteja;Dia;;False
3922;BBVA;Dèbit;27/08/2024;agosto;2024;0.0;21.17;Càrrec;restaurant;Restaurant;McDonald's Girona;False
3923;BBVA;Dèbit;27/08/2024;agosto;2024;0.0;9.58;Càrrec;manteniment;Xino Sta.Coloma;Silicona. Bl+Ng;False
3926;BBVA;Dèbit;28/08/2024;agosto;2024;0.0;2.0;Càrrec;varis;Certificat/registre;Empadronament;False
7036;TradeRep.;Dèbit;15/08/2026;agosto;2026;0.0;33.97;Càrrec;gasolina;Gasolina altres;Torre de la Horadada;False
7054;Efectiu;;21/08/2026;agosto;2026;0.0;4.88;Càrrec;rebost;Novavenda;;False
7053;Efectiu;;21/08/2026;agosto;2026;0.0;7.17;Càrrec;menjar;Novavenda;;False
3982;BBVA;Dèbit;14/09/2024;septiembre;2024;0.0;6.4;Càrrec;restaurant;Bar;Luxe.Palamós;False
3989;BBVA;Dèbit;17/09/2024;septiembre;2024;0.0;25.17;Càrrec;restaurant;Restaurant;KFC Irún;False
5272;BBVA;Compte;19/07/2025;julio;2025;0.0;50.0;op_banc;op_banc;Traspàs comptes;;False
5277;BBVA;Compte;22/07/2025;julio;2025;0.0;100.0;op_banc;op_banc;Traspàs comptes;;False
3927;BBVA;Dèbit;28/08/2024;agosto;2024;0.0;10.45;Càrrec;menjar;Novavenda;;False
3939;BBVA;Dèbit;01/09/2024;septiembre;2024;0.0;11.44;Càrrec;menjar;Mercadona;;False
3940;BBVA;Dèbit;01/09/2024;septiembre;2024;0.0;0.0;Càrrec;menjar;LIDL;;False
3941;BBVA;Dèbit;01/09/2024;septiembre;2024;0.0;9.02;Càrrec;neteja;LIDL;;False
3942;BBVA;Dèbit;01/09/2024;septiembre;2024;0.0;85.79;Càrrec;menjar;LIDL;;False
3946;BBVA;Dèbit;02/09/2024;septiembre;2024;0.0;8.15;Càrrec;menjar;Dia;;False
3954;BBVA;Dèbit;04/09/2024;septiembre;2024;0.0;22.98;Càrrec;menjar;Dia;;False
3955;BBVA;Dèbit;05/09/2024;septiembre;2024;0.0;3.99;Càrrec;menjar;Dia;;False
3961;BBVA;Dèbit;06/09/2024;septiembre;2024;0.0;7.79;Càrrec;menjar;Dia;;False
3962;BBVA;Dèbit;09/09/2024;septiembre;2024;0.0;6.3;Càrrec;menjar;Dia;;False
3963;BBVA;Dèbit;08/09/2024;septiembre;2024;0.0;15.28;Càrrec;menjar;Can Rinsa;;False
3965;BBVA;Dèbit;10/09/2024;septiembre;2024;0.0;18.65;Càrrec;menjar;Dia;;False
3973;BBVA;Dèbit;12/09/2024;septiembre;2024;0.0;56.75;Càrrec;gasolina;GasolinaAreaGuissona;;False
3976;BBVA;Dèbit;12/09/2024;septiembre;2024;0.0;40.0;Càrrec;roba;Altre roba;Regal Quim+samarreta;False
3977;BBVA;Dèbit;12/09/2024;septiembre;2024;0.0;8.05;Càrrec;varis;Fotos Clarel;Olga Coris;False
3978;BBVA;Dèbit;13/09/2024;septiembre;2024;0.0;1.05;Càrrec;varis;Parking;Sta. Caterina;False
3979;BBVA;Dèbit;13/09/2024;septiembre;2024;0.0;5.15;Càrrec;restaurant;Bar;Girona;False
3981;BBVA;Dèbit;14/09/2024;septiembre;2024;0.0;27.31;Càrrec;menjar;Dia;;False
3983;BBVA;Dèbit;15/09/2024;septiembre;2024;0.0;27.7;Càrrec;gasolina;GasolinaAreaGuissona;;False
3985;BBVA;Dèbit;15/09/2024;septiembre;2024;0.0;30.0;Càrrec;gasolina;Gasolina altres;Autopista;False
3987;BBVA;Dèbit;16/09/2024;septiembre;2024;0.0;21.09;Càrrec;menjar;Alcampo;;False
3988;BBVA;Dèbit;16/09/2024;septiembre;2024;0.0;1.0;Càrrec;neteja;Alcampo;;False
3991;BBVA;Dèbit;17/09/2024;septiembre;2024;0.0;3.35;Càrrec;menjar;Pa i pastisseria;;False
3996;BBVA;Dèbit;19/09/2024;septiembre;2024;0.0;13.05;Càrrec;varis;Autopista;;False
3997;BBVA;Dèbit;18/09/2024;septiembre;2024;0.0;13.8;Càrrec;restaurant;Bar;Tapes. Bilbao K2;False
3998;BBVA;Dèbit;18/09/2024;septiembre;2024;0.0;2.91;Càrrec;restaurant;Bar;;False
5285;Casa;;26/07/2025;julio;2025;250.0;0.0;op_banc;op_banc;Feina Horeca;Estovalles Xarrup;False
4000;BBVA;Dèbit;18/09/2024;septiembre;2024;0.0;15.3;Càrrec;varis;Autopista;;False
4001;BBVA;Dèbit;19/09/2024;septiembre;2024;0.0;6.72;Càrrec;menjar;LIDL;;False
4002;BBVA;Dèbit;19/09/2024;septiembre;2024;0.0;97.7;Càrrec;restaurant;Restaurant;Ondarribi;False
4007;BBVA;Dèbit;22/09/2024;septiembre;2024;0.0;2.0;Càrrec;varis;Parking;Biarritz;False
4008;BBVA;Dèbit;20/09/2024;septiembre;2024;0.0;30.0;Càrrec;gasolina;Gasolina altres;Autopista;False
4009;BBVA;Dèbit;21/09/2024;septiembre;2024;0.0;27.89;Càrrec;menjar;Aldi;;False
4010;BBVA;Dèbit;21/09/2024;septiembre;2024;0.0;12.16;Càrrec;menjar;Dia;;False
4028;BBVA;Dèbit;24/09/2024;septiembre;2024;0.0;21.7;Càrrec;menjar;AreaGuissona;;False
4032;BBVA;Dèbit;25/09/2024;septiembre;2024;0.0;7.4;Càrrec;varis;Transport;Tren BCN;False
4033;BBVA;Dèbit;24/09/2024;septiembre;2024;0.0;17.75;Càrrec;menjar;Can Rinsa;;False
4034;BBVA;Dèbit;25/09/2024;septiembre;2024;0.0;17.69;Càrrec;menjar;Dia;;False
4038;BBVA;Dèbit;26/09/2024;septiembre;2024;0.0;16.86;Càrrec;menjar;Dia;;False
4039;BBVA;Dèbit;26/09/2024;septiembre;2024;0.0;3.23;Càrrec;varis;Autopista;Pais Basc;False
4040;BBVA;Dèbit;27/09/2024;septiembre;2024;0.0;16.63;Càrrec;menjar;LIDL;;False
4041;BBVA;Dèbit;27/09/2024;septiembre;2024;0.0;3.75;Càrrec;menjar;Mercadona;;False
4042;BBVA;Dèbit;27/09/2024;septiembre;2024;0.0;14.42;Càrrec;varis;Autopista;Pais Basc;False
4043;BBVA;Dèbit;27/09/2024;septiembre;2024;0.0;9.92;Càrrec;menjar;Dia;;False
4044;BBVA;Dèbit;27/09/2024;septiembre;2024;0.0;5.34;Càrrec;neteja;Dia;;False
4046;BBVA;Dèbit;28/09/2024;septiembre;2024;0.0;7.44;Càrrec;menjar;AreaGuissona;;False
4047;BBVA;Dèbit;29/09/2024;septiembre;2024;0.0;16.93;Càrrec;menjar;Dia;;False
4048;BBVA;Dèbit;29/09/2024;septiembre;2024;0.0;1.94;Càrrec;neteja;Dia;;False
3990;BBVA;Dèbit;16/09/2024;septiembre;2024;0.0;56.2;Càrrec;gasolina;Gasolina altres;Irún;False
3999;BBVA;Dèbit;18/09/2024;septiembre;2024;0.0;8.15;Càrrec;varis;Transport;Bus S.Sebastià;False
6966;Efectiu;;29/07/2026;julio;2026;0.0;8.56;Càrrec;menjar;Pa i pastisseria;[VACANCES];False
7037;Efectiu;;24/07/2026;julio;2026;0.0;68.0;Càrrec;proveidor;Prolab;Panell leuguer Salvador;False
7038;Casa;;17/08/2026;agosto;2026;0.0;20.0;op_banc;op_banc;Traspàs comptes;;False
7055;TradeRep.;Dèbit;22/08/2026;agosto;2026;0.0;44.58;Càrrec;menjar;BonPreu;;False
7056;TradeRep.;Dèbit;22/08/2026;agosto;2026;0.0;1.49;Càrrec;neteja;BonPreu;;False
4131;BBVA;Dèbit;25/10/2024;octubre;2024;0.0;7.95;Càrrec;farmàcia;Farmàcia;Ratoncito;False
5361;LaCaixa;Compte;05/08/2025;agosto;2025;0.0;100.0;op_banc;op_banc;Traspàs comptes;;False
4058;BBVA;Dèbit;01/10/2024;octubre;2024;0.0;4.09;Càrrec;neteja;Aldi;;False
4059;BBVA;Dèbit;01/10/2024;octubre;2024;0.0;1.6;Càrrec;restaurant;Bar;Tallat. Platja d'Aro;False
4071;BBVA;Dèbit;03/10/2024;octubre;2024;0.0;7.83;Càrrec;varis;Autopista;Pais Basc;False
4111;BBVA;Dèbit;15/10/2024;octubre;2024;0.0;21.45;Càrrec;menjar;Pa i pastisseria;;False
4113;BBVA;Dèbit;18/10/2024;octubre;2024;0.0;3.9;Càrrec;restaurant;Bar;Jubilats;False
4114;BBVA;Dèbit;18/10/2024;octubre;2024;0.0;7.15;Càrrec;menjar;Dia;;False
4121;BBVA;Dèbit;21/10/2024;octubre;2024;0.0;8.85;Càrrec;menjar;Novavenda;;False
4122;BBVA;Dèbit;21/10/2024;octubre;2024;0.0;5.97;Càrrec;rebost;Novavenda;;False
4123;BBVA;Dèbit;22/10/2024;octubre;2024;0.0;3.9;Càrrec;restaurant;Bar;jubilats;False
4124;BBVA;Dèbit;23/10/2024;octubre;2024;0.0;1.55;Càrrec;varis;Parking;Sta. Caterina;False
4125;BBVA;Dèbit;23/10/2024;octubre;2024;0.0;16.98;Càrrec;manteniment;LeroyMerlin;Ciment+Cal;False
4126;BBVA;Dèbit;23/10/2024;octubre;2024;0.0;12.76;Càrrec;restaurant;Restaurant;McDonald's Girona;False
4127;BBVA;Dèbit;24/10/2024;octubre;2024;0.0;4.5;Càrrec;restaurant;Bar;jubilats;False
4132;BBVA;Dèbit;25/10/2024;octubre;2024;0.0;7.57;Càrrec;menjar;LIDL;;False
4133;BBVA;Dèbit;25/10/2024;octubre;2024;0.0;3.68;Càrrec;neteja;LIDL;;False
4154;BBVA;Dèbit;27/10/2024;octubre;2024;0.0;7.37;Càrrec;menjar;Dia;;False
4164;BBVA;Dèbit;29/10/2024;octubre;2024;0.0;7.74;Càrrec;menjar;Dia;;False
4166;BBVA;Dèbit;04/11/2024;octubre;2024;0.0;18.45;Càrrec;menjar;Can Rinsa;;False
4167;BBVA;Dèbit;30/10/2024;octubre;2024;0.0;14.01;Càrrec;menjar;AreaGuissona;;False
4173;BBVA;Dèbit;01/11/2024;noviembre;2024;0.0;15.29;Càrrec;menjar;Dia;;False
4174;BBVA;Dèbit;04/11/2024;noviembre;2024;0.0;10.8;Càrrec;menjar;Altres menjar;Bolets. Fira Flabiol;False
4175;BBVA;Dèbit;04/11/2024;noviembre;2024;0.0;19.0;Càrrec;menjar;Altres menjar;Bolets. Fira Flabiol;False
4176;BBVA;Dèbit;04/11/2024;noviembre;2024;0.0;5.0;Càrrec;manteniment;Altres mant.;Incens. Fira flabiol;False
4177;BBVA;Dèbit;03/11/2024;noviembre;2024;0.0;3.6;Càrrec;restaurant;Bar;Can Torres;False
4178;BBVA;Dèbit;04/11/2024;noviembre;2024;0.0;3.1;Càrrec;restaurant;Bar;Jubilats;False
4186;BBVA;Dèbit;04/11/2024;noviembre;2024;0.0;13.55;Càrrec;menjar;Dia;;False
4187;BBVA;Dèbit;04/11/2024;noviembre;2024;0.0;11.0;Càrrec;menjar;Fruiteria Deepak;;False
4195;BBVA;Dèbit;05/11/2024;noviembre;2024;0.0;22.98;Càrrec;menjar;Mercadona;;False
4196;BBVA;Dèbit;05/11/2024;noviembre;2024;0.0;30.0;Càrrec;restaurant;Restaurant;Can Serrallonga;False
4197;BBVA;Dèbit;05/11/2024;noviembre;2024;0.0;2.2;Càrrec;varis;Parking;Sta. Caterina;False
4202;BBVA;Dèbit;05/11/2024;noviembre;2024;0.0;3.56;Càrrec;menjar;Action Girona;;False
4203;BBVA;Dèbit;05/11/2024;noviembre;2024;0.0;16.5;Càrrec;neteja;Action Girona;;False
4204;BBVA;Dèbit;05/11/2024;noviembre;2024;0.0;7.33;Càrrec;neteja;Action Girona;;False
4208;BBVA;Dèbit;07/11/2024;noviembre;2024;0.0;7.94;Càrrec;menjar;Xarcut. La taverna;;False
4212;BBVA;Dèbit;08/11/2024;noviembre;2024;0.0;62.18;Càrrec;menjar;LIDL;;False
4213;BBVA;Dèbit;08/11/2024;noviembre;2024;0.0;3.85;Càrrec;neteja;LIDL;;False
4214;BBVA;Dèbit;09/11/2024;noviembre;2024;0.0;7.65;Càrrec;menjar;Dia;;False
4215;BBVA;Dèbit;10/11/2024;noviembre;2024;0.0;13.97;Càrrec;menjar;Dia;;False
4219;BBVA;Dèbit;11/11/2024;noviembre;2024;0.0;4.0;Càrrec;restaurant;Bar;jubilats;False
4222;BBVA;Dèbit;13/11/2024;noviembre;2024;0.0;14.4;Càrrec;menjar;Dia;;False
5353;BBVA;Compte;06/08/2025;agosto;2025;0.0;363.8;op_banc;op_banc;Pago VISA;;False
4237;BBVA;Dèbit;16/11/2024;noviembre;2024;0.0;6.46;Càrrec;menjar;Fruiteria Bayes;;False
4238;BBVA;Dèbit;16/11/2024;noviembre;2024;0.0;13.55;Càrrec;menjar;Dia;;False
4245;BBVA;Dèbit;19/11/2024;noviembre;2024;0.0;25.26;Càrrec;menjar;Dia;;False
4249;BBVA;Dèbit;20/11/2024;noviembre;2024;0.0;1.54;Càrrec;menjar;Clarel;;False
4250;BBVA;Dèbit;20/11/2024;noviembre;2024;0.0;19.98;Càrrec;neteja;Clarel;;False
4253;BBVA;Dèbit;21/11/2024;noviembre;2024;0.0;41.1;Càrrec;gasolina;GasolinaAreaGuissona;;False
4254;BBVA;Dèbit;21/11/2024;noviembre;2024;0.0;58.2;Càrrec;restaurant;Restaurant;Sabor a brasa;False
4256;BBVA;Dèbit;22/11/2024;noviembre;2024;0.0;17.31;Càrrec;menjar;Dia;5,45? Gran Recapte;False
4257;BBVA;Dèbit;23/11/2024;noviembre;2024;0.0;43.98;Càrrec;manteniment;LeroyMerlin;Pintura;False
4258;BBVA;Dèbit;23/11/2024;noviembre;2024;0.0;38.84;Càrrec;Parallar;IKEA mobles;Cobrellit;False
4259;BBVA;Dèbit;23/11/2024;noviembre;2024;0.0;14.89;Càrrec;restaurant;Restaurant;IKEA;False
4110;BBVA;Dèbit;16/10/2024;octubre;2024;0.0;-19.98;Càrrec;roba;LIDL;Devolució;False
4220;BBVA;Dèbit;12/11/2024;noviembre;2024;0.0;1.45;Càrrec;restaurant;Bar;Cafè. Bar 33. Palamós;False
6967;BBVA;Compte;04/08/2026;agosto;2026;0.0;42.34;Càrrec;assegurança;BBVA Asseg. Casa;;False
7039;BBVA;Compte;17/08/2026;agosto;2026;0.0;40.0;Càrrec;varis;Regal;Flors Carmen. Bizum Mireia;False
7057;TradeRep.;Dèbit;22/08/2026;agosto;2026;0.0;5.0;Càrrec;varis;Loteria;La Grossa. BonPreu;False
4287;BBVA;Dèbit;28/11/2024;noviembre;2024;0.0;-13.99;Càrrec;manteniment;LeroyMerlin;Devolució brotxa;False
4312;BBVA;Dèbit;05/12/2024;diciembre;2024;0.0;2.05;Càrrec;varis;Parking;Palamós;False
4362;BBVA;Dèbit;15/12/2024;diciembre;2024;0.0;4.58;Càrrec;roba;Action Girona;Mitjons+cinturó Jordi;False
5368;BBVA;Compte;11/08/2025;agosto;2025;0.0;20.0;op_banc;op_banc;Traspàs comptes;;False
5411;BBVA;Compte;25/08/2025;agosto;2025;0.0;150.0;op_banc;op_banc;Traspàs comptes;;False
5418;Casa;;27/08/2025;agosto;2025;0.0;250.0;op_banc;op_banc;Traspàs comptes;;False
4260;BBVA;Dèbit;23/11/2024;noviembre;2024;0.0;19.22;Càrrec;menjar;IKEA menjar;;False
4273;BBVA;Dèbit;24/11/2024;noviembre;2024;0.0;23.79;Càrrec;menjar;AreaGuissona;;False
4274;BBVA;Dèbit;25/11/2024;noviembre;2024;0.0;11.21;Càrrec;menjar;Dia;;False
4279;BBVA;Dèbit;27/11/2024;noviembre;2024;0.0;11.01;Càrrec;menjar;AreaGuissona;;False
4283;BBVA;Dèbit;28/11/2024;noviembre;2024;0.0;17.17;Càrrec;menjar;Novavenda;;False
4284;BBVA;Dèbit;28/11/2024;noviembre;2024;0.0;52.04;Càrrec;gasolina;GasolinaAreaGuissona;;False
4288;BBVA;Dèbit;28/11/2024;noviembre;2024;0.0;2.09;Càrrec;manteniment;LeroyMerlin;Latiguillo water;False
4289;BBVA;Dèbit;28/11/2024;noviembre;2024;0.0;29.99;Càrrec;Parallar;MediaMarkt;Cascos Jordi;False
4290;BBVA;Dèbit;28/11/2024;noviembre;2024;0.0;49.15;Càrrec;menjar;LIDL;;False
4291;BBVA;Dèbit;28/11/2024;noviembre;2024;0.0;5.23;Càrrec;neteja;LIDL;;False
4292;BBVA;Dèbit;28/11/2024;noviembre;2024;0.0;29.99;Càrrec;varis;Regal;Nadal Mireia;False
4286;BBVA;Dèbit;28/11/2024;noviembre;2024;0.0;237.0;Càrrec;varis;Podòleg;visita+plantilles;False
4311;BBVA;Dèbit;02/12/2024;diciembre;2024;0.0;20.0;Càrrec;varis;Dentista;Jordi;False
4720;BBVA;Dèbit;14/03/2025;marzo;2025;0.0;38.95;Càrrec;despesa_general;Lowi;;False
4321;BBVA;Dèbit;04/12/2024;diciembre;2024;0.0;15.58;Càrrec;proveidor;Clarel Fotos;Olga Coris;False
4322;BBVA;Dèbit;04/12/2024;diciembre;2024;0.0;7.6;Càrrec;menjar;Novavenda;;False
4323;BBVA;Dèbit;05/12/2024;diciembre;2024;0.0;16.36;Càrrec;neteja;Clarel;;False
4324;BBVA;Dèbit;06/12/2024;diciembre;2024;0.0;44.57;Càrrec;gasolina;GasolinaAreaGuissona;;False
4325;BBVA;Dèbit;06/12/2024;diciembre;2024;0.0;170.0;Càrrec;restaurant;Restaurant;Juanan. Pepe Vilar;False
4329;BBVA;Dèbit;13/12/2024;diciembre;2024;0.0;15.0;Càrrec;varis;Expectacles/Teatre;Fira Els 7 follets;False
4330;BBVA;Dèbit;09/12/2024;diciembre;2024;0.0;8.75;Càrrec;restaurant;Bar;Norton Bar. Vic;False
4331;BBVA;Dèbit;07/12/2024;diciembre;2024;0.0;17.31;Càrrec;menjar;Carrefour;;False
4332;BBVA;Dèbit;08/12/2024;diciembre;2024;0.0;23.53;Càrrec;menjar;Dia;;False
4337;BBVA;Dèbit;09/12/2024;diciembre;2024;0.0;11.0;Càrrec;restaurant;Bar;El Casino;False
4338;BBVA;Dèbit;09/12/2024;diciembre;2024;0.0;11.5;Càrrec;menjar;Pa i pastisseria;;False
4339;BBVA;Dèbit;09/12/2024;diciembre;2024;0.0;14.58;Càrrec;menjar;Dia;;False
4340;BBVA;Dèbit;06/12/2024;diciembre;2024;0.0;13.0;Càrrec;restaurant;Restaurant;Pizza. 7 follets;False
4341;BBVA;Dèbit;07/12/2024;diciembre;2024;0.0;18.16;Càrrec;menjar;Carn. Arimany;;False
4342;BBVA;Dèbit;10/12/2024;diciembre;2024;0.0;15.0;Càrrec;varis;Perruqueria;Jordi;False
4344;BBVA;Dèbit;12/12/2024;diciembre;2024;0.0;30.38;Càrrec;gasolina;GasolinaAreaGuissona;;False
4345;BBVA;Dèbit;16/12/2024;diciembre;2024;0.0;90.0;Càrrec;menjar;Vents i Marees;;False
4347;BBVA;Dèbit;15/12/2024;diciembre;2024;0.0;57.21;Càrrec;gasolina;GasolinaAreaGuissona;;False
4358;BBVA;Dèbit;16/12/2024;diciembre;2024;0.0;22.46;Càrrec;menjar;Dia;;False
4359;BBVA;Dèbit;15/12/2024;diciembre;2024;0.0;25.91;Càrrec;menjar;Action Girona;;False
4360;BBVA;Dèbit;15/12/2024;diciembre;2024;0.0;11.57;Càrrec;neteja;Action Girona;;False
4361;BBVA;Dèbit;15/12/2024;diciembre;2024;0.0;18.76;Càrrec;Parallar;Action Girona;;False
4371;BBVA;Dèbit;21/12/2024;diciembre;2024;0.0;-9.79;Càrrec;Parallar;Action Girona;Minipimer;False
4382;BBVA;Dèbit;21/12/2024;diciembre;2024;0.0;27.5;Càrrec;menjar;BonPreu;;False
4386;BBVA;Dèbit;21/12/2024;diciembre;2024;0.0;37.33;Càrrec;gasolina;GasolinaAreaGuissona;;False
4391;BBVA;Dèbit;21/12/2024;diciembre;2024;0.0;11.71;Càrrec;menjar;AreaGuissona;;False
4393;BBVA;Dèbit;22/12/2024;diciembre;2024;0.0;20.0;Càrrec;gasolina;Gasolina altres;Autopista;False
4394;BBVA;Dèbit;23/12/2024;diciembre;2024;0.0;55.5;Càrrec;restaurant;Restaurant;Xino. Mil Palmeras;False
4392;BBVA;Dèbit;22/12/2024;diciembre;2024;0.0;1.9;Càrrec;restaurant;Bar;Cafè autopista;False
4343;BBVA;Dèbit;12/12/2024;diciembre;2024;0.0;31.04;Càrrec;manteniment;Emmcat Constr.;Calç+Ciment cola;False
4346;BBVA;Dèbit;15/12/2024;diciembre;2024;0.0;8.49;Càrrec;manteniment;LeroyMerlin;Calç+ciment cola;False
6968;BBVA;Compte;05/08/2026;agosto;2026;0.0;41.54;op_banc;op_banc;Pago VISA;;False
7040;TradeRep.;Dèbit;17/08/2026;agosto;2026;0.0;20.91;Càrrec;menjar;AreaGuissona;;False
7058;TradeRep.;Dèbit;23/08/2026;agosto;2026;0.0;18.27;Càrrec;menjar;Dia;;False
4396;BBVA;Dèbit;23/12/2024;diciembre;2024;0.0;43.45;Càrrec;restaurant;Restaurant;Taco Bell;False
4397;BBVA;Dèbit;23/12/2024;diciembre;2024;0.0;24.95;Càrrec;menjar;Carrefour;;False
4398;BBVA;Dèbit;23/12/2024;diciembre;2024;0.0;155.16;Càrrec;menjar;Mamper;;False
4399;BBVA;Dèbit;23/12/2024;diciembre;2024;0.0;0.75;Càrrec;neteja;Mamper;;False
4400;BBVA;Dèbit;23/12/2024;diciembre;2024;0.0;59.67;Càrrec;gasolina;Gasolina altres;Dos Mares;False
4401;BBVA;Dèbit;23/12/2024;diciembre;2024;0.0;40.46;Càrrec;menjar;Can Rinsa;;False
4402;BBVA;Dèbit;24/12/2024;diciembre;2024;0.0;5.2;Càrrec;varis;Autopista;La Torre;False
4412;BBVA;Dèbit;27/12/2024;diciembre;2024;0.0;66.23;Càrrec;roba;Altre roba;C&A. Isabel;False
4413;BBVA;Dèbit;27/12/2024;diciembre;2024;0.0;4.05;Càrrec;menjar;Alcampo;;False
4414;BBVA;Dèbit;27/12/2024;diciembre;2024;0.0;10.49;Càrrec;menjar;Dialprix;;False
4415;BBVA;Dèbit;28/12/2024;diciembre;2024;0.0;17.15;Càrrec;menjar;Dialprix;;False
4416;BBVA;Dèbit;30/12/2024;diciembre;2024;0.0;62.45;Càrrec;restaurant;Restaurant;Pizza Dominos;False
4419;BBVA;Dèbit;30/12/2024;diciembre;2024;0.0;12.57;Càrrec;menjar;Dialprix;;False
4429;BBVA;Dèbit;31/12/2024;diciembre;2024;0.0;94.61;Càrrec;menjar;Dialprix;;False
4433;BBVA;Dèbit;02/01/2025;enero;2025;0.0;16.7;Càrrec;restaurant;Bar;Xurros;False
4450;BBVA;Dèbit;07/01/2025;enero;2025;0.0;16.77;Càrrec;menjar;Dia;;False
4454;BBVA;Dèbit;07/01/2025;enero;2025;0.0;5.5;Càrrec;varis;Autopista;;False
4455;BBVA;Dèbit;07/01/2025;enero;2025;0.0;14.0;Càrrec;menjar;Pa i pastisseria;;False
4464;BBVA;Dèbit;07/01/2025;enero;2025;0.0;10.58;Càrrec;menjar;Dia;;False
4471;BBVA;Dèbit;09/01/2025;enero;2025;0.0;6.89;Càrrec;menjar;Dia;;False
4472;BBVA;Dèbit;09/01/2025;enero;2025;0.0;15.0;Càrrec;varis;Perruqueria;Enric;False
4473;BBVA;Dèbit;09/01/2025;enero;2025;0.0;2.59;Càrrec;menjar;Dia;;False
4474;BBVA;Dèbit;10/01/2025;enero;2025;0.0;3.91;Càrrec;menjar;Mercadona;;False
4475;BBVA;Dèbit;10/01/2025;enero;2025;0.0;45.19;Càrrec;gasolina;GasolinaAreaGuissona;;False
4477;BBVA;Dèbit;12/01/2025;enero;2025;0.0;17.8;Càrrec;menjar;Dia;;False
4478;BBVA;Dèbit;11/01/2025;enero;2025;0.0;16.11;Càrrec;menjar;Mercadona;;False
4479;BBVA;Dèbit;11/01/2025;enero;2025;0.0;4.05;Càrrec;neteja;Mercadona;;False
4480;BBVA;Dèbit;11/01/2025;enero;2025;0.0;16.1;Càrrec;varis;Parking;BCN. Festa Lidia C.;False
4485;BBVA;Dèbit;12/01/2025;enero;2025;0.0;25.13;Càrrec;menjar;AreaGuissona;;False
4486;BBVA;Dèbit;13/01/2025;enero;2025;0.0;6.63;Càrrec;menjar;Novavenda;;False
4487;BBVA;Dèbit;13/01/2025;enero;2025;0.0;2.78;Càrrec;neteja;Novavenda;;False
4493;BBVA;Dèbit;14/01/2025;enero;2025;0.0;9.97;Càrrec;menjar;Vents i Marees;;False
4495;BBVA;Dèbit;18/01/2025;enero;2025;0.0;37.81;Càrrec;menjar;AreaGuissona;;False
4513;BBVA;Dèbit;21/01/2025;enero;2025;0.0;9.31;Càrrec;menjar;Dia;;False
4514;BBVA;Dèbit;26/01/2025;enero;2025;0.0;6.37;Càrrec;menjar;Action Girona;;False
4515;BBVA;Dèbit;24/01/2025;enero;2025;0.0;26.31;Càrrec;menjar;Dia;;False
4516;BBVA;Dèbit;22/01/2025;enero;2025;0.0;44.63;Càrrec;gasolina;GasolinaAreaGuissona;;False
4518;BBVA;Dèbit;22/01/2025;enero;2025;0.0;32.8;Càrrec;restaurant;Restaurant;Enjoy it. Girona;False
4519;BBVA;Dèbit;22/01/2025;enero;2025;0.0;9.29;Càrrec;manteniment;LeroyMerlin;Pintura blanca;False
4523;BBVA;Dèbit;23/01/2025;enero;2025;0.0;10.34;Càrrec;menjar;Novavenda;;False
4524;BBVA;Dèbit;23/01/2025;enero;2025;0.0;5.78;Càrrec;neteja;Novavenda;;False
4527;BBVA;Dèbit;25/01/2025;enero;2025;0.0;19.97;Càrrec;menjar;AreaGuissona;;False
4535;BBVA;Dèbit;27/01/2025;enero;2025;0.0;15.01;Càrrec;menjar;Dia;;False
4542;BBVA;Dèbit;30/01/2025;enero;2025;0.0;38.96;Càrrec;menjar;Dia;;False
4546;BBVA;Dèbit;31/01/2025;enero;2025;0.0;29.07;Càrrec;roba;Zara;;False
4547;BBVA;Dèbit;31/01/2025;enero;2025;0.0;61.3;Càrrec;restaurant;Restaurant;Cevicheria. Girona;False
4548;BBVA;Dèbit;01/02/2025;febrero;2025;0.0;25.07;Càrrec;menjar;AreaGuissona;;False
4549;BBVA;Dèbit;02/02/2025;febrero;2025;0.0;7.32;Càrrec;menjar;Dia;;False
4550;BBVA;Dèbit;02/02/2025;febrero;2025;0.0;3.33;Càrrec;neteja;Dia;;False
4551;BBVA;Dèbit;31/01/2025;enero;2025;0.0;18.27;Càrrec;menjar;Action Girona;;False
4552;BBVA;Dèbit;31/01/2025;enero;2025;0.0;8.46;Càrrec;neteja;Action Girona;;False
4553;BBVA;Dèbit;31/01/2025;enero;2025;0.0;15.54;Càrrec;Parallar;Action Girona;plats + piles recarg.;False
4563;BBVA;Dèbit;04/02/2025;febrero;2025;0.0;19.18;Càrrec;menjar;AreaGuissona;;False
4405;BBVA;Dèbit;24/12/2024;diciembre;2024;0.0;11.7;Càrrec;farmàcia;Farmàcia;;False
4410;BBVA;Dèbit;26/12/2024;diciembre;2024;0.0;-29.99;Càrrec;Parallar;LIDL;devolució olla Mireia;False
4610;BBVA;Dèbit;15/02/2025;febrero;2025;0.0;-11.98;Càrrec;roba;Zara;Devolució;False
6969;BBVA;Compte;05/08/2026;agosto;2026;0.0;14.04;Càrrec;assegurança;DP Morts Enric;;False
6970;BBVA;Compte;05/08/2026;agosto;2026;0.0;220.5;Càrrec;despesa_general;PJ Isabel;;False
7041;BBVA;Dèbit;16/08/2026;agosto;2026;0.0;5.1;Càrrec;varis;Autopista;;False
7059;BBVA;Compte;23/08/2026;agosto;2026;0.0;150.0;op_banc;op_banc;Traspàs comptes;;False
7060;TradeRep.;Compte;23/08/2026;agosto;2026;150.0;0.0;op_banc;op_banc;Traspàs comptes;;False
5486;LaCaixa;Compte;04/09/2025;septiembre;2025;0.0;100.0;op_banc;op_banc;Traspàs comptes;;False
5490;BBVA;Compte;04/09/2025;septiembre;2025;300.0;0.0;op_banc;op_banc;Traspàs comptes;;False
5496;LaCaixa;Compte;04/09/2025;septiembre;2025;0.0;300.0;op_banc;op_banc;Traspàs comptes;;False
5514;LaCaixa;Compte;11/09/2025;septiembre;2025;0.0;200.0;op_banc;op_banc;Traspàs comptes;;False
5516;Casa;;11/09/2025;septiembre;2025;0.0;50.0;op_banc;op_banc;Traspàs comptes;;False
5491;BBVA;Compte;06/09/2025;septiembre;2025;0.0;224.47;op_banc;op_banc;Pago VISA;;False
5527;Casa;;14/09/2025;septiembre;2025;0.0;50.0;op_banc;op_banc;Traspàs comptes;;False
4577;BBVA;Dèbit;06/02/2025;febrero;2025;0.0;11.74;Càrrec;menjar;Dia;;False
4578;BBVA;Dèbit;07/02/2025;febrero;2025;0.0;31.27;Càrrec;menjar;LIDL;;False
4579;BBVA;Dèbit;07/02/2025;febrero;2025;0.0;3.7;Càrrec;neteja;LIDL;;False
4580;BBVA;Dèbit;07/02/2025;febrero;2025;0.0;16.1;Càrrec;menjar;Can Rinsa;;False
4581;BBVA;Dèbit;08/02/2025;febrero;2025;0.0;40.32;Càrrec;gasolina;GasolinaAreaGuissona;;False
4582;BBVA;Dèbit;08/02/2025;febrero;2025;0.0;15.97;Càrrec;roba;Zara;Rebaixes;False
4583;BBVA;Dèbit;08/02/2025;febrero;2025;0.0;44.8;Càrrec;restaurant;Restaurant;Enjoy it. Girona;False
4584;BBVA;Dèbit;08/02/2025;febrero;2025;0.0;24.15;Càrrec;menjar;LIDL;;False
4595;BBVA;Dèbit;11/02/2025;febrero;2025;0.0;12.11;Càrrec;menjar;Dia;;False
4601;BBVA;Dèbit;14/02/2025;febrero;2025;0.0;3.59;Càrrec;manteniment;Xino Sta.Coloma;precinto;False
4602;BBVA;Dèbit;14/02/2025;febrero;2025;0.0;3.91;Càrrec;menjar;Mercadona;;False
4604;BBVA;Dèbit;15/02/2025;febrero;2025;0.0;10.0;Càrrec;varis;Llibres;Clara Riabtallada. ;False
4605;BBVA;Dèbit;15/02/2025;febrero;2025;0.0;34.38;Càrrec;menjar;AreaGuissona;;False
4611;BBVA;Dèbit;16/02/2025;febrero;2025;0.0;7.5;Càrrec;menjar;Normal;;False
4612;BBVA;Dèbit;16/02/2025;febrero;2025;0.0;13.0;Càrrec;neteja;Normal;;False
4618;BBVA;Dèbit;17/02/2025;febrero;2025;0.0;13.3;Càrrec;menjar;Dia;;False
4619;BBVA;Dèbit;17/02/2025;febrero;2025;0.0;16.39;Càrrec;menjar;Dia;;False
4620;BBVA;Dèbit;16/02/2025;febrero;2025;0.0;18.23;Càrrec;menjar;Can Rinsa;;False
4623;BBVA;Dèbit;20/02/2025;febrero;2025;0.0;16.41;Càrrec;menjar;Dia;;False
4626;BBVA;Dèbit;21/02/2025;febrero;2025;0.0;11.98;Càrrec;menjar;AreaGuissona;;False
4627;BBVA;Dèbit;21/02/2025;febrero;2025;0.0;4.05;Càrrec;neteja;AreaGuissona;;False
4628;BBVA;Dèbit;22/02/2025;febrero;2025;0.0;4.15;Càrrec;menjar;AreaGuissona;;False
4635;BBVA;Dèbit;24/02/2025;febrero;2025;0.0;8.07;Càrrec;menjar;AreaGuissona;;False
4641;BBVA;Dèbit;25/02/2025;febrero;2025;0.0;29.45;Càrrec;menjar;AreaGuissona;;False
4646;BBVA;Dèbit;25/02/2025;febrero;2025;0.0;4.5;Càrrec;menjar;Pa i pastisseria;;False
4652;BBVA;Dèbit;27/02/2025;febrero;2025;0.0;5.3;Càrrec;restaurant;Bar;Jubilats;False
4655;BBVA;Dèbit;28/02/2025;febrero;2025;0.0;56.33;Càrrec;gasolina;GasolinaAreaGuissona;;False
4656;BBVA;Dèbit;28/02/2025;febrero;2025;0.0;1.1;Càrrec;varis;Parking;Sta. Caterina;False
4663;BBVA;Dèbit;02/03/2025;marzo;2025;0.0;96.98;Càrrec;menjar;LIDL;;False
4664;BBVA;Dèbit;02/03/2025;marzo;2025;0.0;1.6;Càrrec;neteja;LIDL;;False
4665;BBVA;Dèbit;02/03/2025;marzo;2025;0.0;3.99;Càrrec;Parallar;LIDL;ampolla aigua sport;False
4666;BBVA;Dèbit;02/03/2025;marzo;2025;0.0;80.3;Càrrec;restaurant;Restaurant;Pizzeria Montsoliu;False
4669;BBVA;Dèbit;28/02/2025;febrero;2025;0.0;28.38;Càrrec;menjar;Action Girona;;False
4670;BBVA;Dèbit;28/02/2025;febrero;2025;0.0;9.0;Càrrec;neteja;Action Girona;;False
4671;BBVA;Dèbit;28/02/2025;febrero;2025;0.0;18.95;Càrrec;Parallar;Action Girona;plats+ paraigues;False
4676;BBVA;Dèbit;03/03/2025;marzo;2025;0.0;11.69;Càrrec;menjar;Novavenda;;False
4678;BBVA;Dèbit;04/03/2025;marzo;2025;0.0;20.55;Càrrec;neteja;Clarel;;False
4679;BBVA;Dèbit;04/03/2025;marzo;2025;0.0;19.95;Càrrec;roba;Altre roba;Sports Montseny. Jaqueta Pepe;False
4685;BBVA;Dèbit;06/03/2025;marzo;2025;0.0;21.92;Càrrec;menjar;Fruiteria Bayes;;False
4700;BBVA;Dèbit;07/03/2025;marzo;2025;0.0;6.69;Càrrec;manteniment;Xino Sta.Coloma;disc serra+candenat+cargols;False
4710;BBVA;Dèbit;11/03/2025;marzo;2025;0.0;1.95;Càrrec;restaurant;Bar;Esmorzar Jordi. Corte Inglés;False
4742;BBVA;Dèbit;17/03/2025;marzo;2025;0.0;12.1;Càrrec;restaurant;Bar;Casino Arbúcies;False
5541;Casa;;22/09/2025;septiembre;2025;0.0;100.0;op_banc;op_banc;Traspàs comptes;;False
5563;BBVA;Compte;25/09/2025;septiembre;2025;0.0;50.0;op_banc;op_banc;Traspàs comptes;;False
4707;BBVA;Dèbit;10/03/2025;marzo;2025;0.0;29.59;Càrrec;menjar;AreaGuissona;;False
4708;BBVA;Dèbit;10/03/2025;marzo;2025;0.0;14.72;Càrrec;menjar;Novavenda;;False
4709;BBVA;Dèbit;11/03/2025;marzo;2025;0.0;16.0;Càrrec;varis;Perruqueria;Perr.Olga Jordi;False
4711;BBVA;Dèbit;11/03/2025;marzo;2025;0.0;0.9;Càrrec;varis;Parking;Sta. Caterina;False
4712;BBVA;Dèbit;11/03/2025;marzo;2025;0.0;30.0;Càrrec;restaurant;Restaurant;Serrallonga. Salt;False
4713;BBVA;Dèbit;12/03/2025;marzo;2025;0.0;47.48;Càrrec;menjar;LIDL;;False
4714;BBVA;Dèbit;12/03/2025;marzo;2025;0.0;14.97;Càrrec;manteniment;LeroyMerlin;Latiguillos+tint escala;False
4715;BBVA;Dèbit;12/03/2025;marzo;2025;0.0;29.95;Càrrec;roba;Zara;vestit Isa;False
4716;BBVA;Dèbit;12/03/2025;marzo;2025;0.0;6.2;Càrrec;menjar;Fruiteria Deepak;;False
4717;BBVA;Dèbit;13/03/2025;marzo;2025;0.0;2.1;Càrrec;menjar;Pa i pastisseria;;False
4719;BBVA;Dèbit;13/03/2025;marzo;2025;0.0;10.0;Càrrec;manteniment;Altres mant.;Sureda. Latiguillo;False
4737;BBVA;Dèbit;17/03/2025;marzo;2025;0.0;-4.98;Càrrec;manteniment;LeroyMerlin;Abono. 2 latiguillos;False
4738;BBVA;Dèbit;17/03/2025;marzo;2025;0.0;2.95;Càrrec;manteniment;LeroyMerlin;Aixeta water;False
4739;BBVA;Dèbit;17/03/2025;marzo;2025;0.0;39.95;Càrrec;roba;Zara;Vestit casament;False
4740;BBVA;Dèbit;17/03/2025;marzo;2025;0.0;11.99;Càrrec;roba;Altre roba;Women's secret;False
4741;BBVA;Dèbit;17/03/2025;marzo;2025;0.0;37.0;Càrrec;restaurant;Restaurant;Serrallonga. Salt;False
4743;BBVA;Dèbit;17/03/2025;marzo;2025;0.0;12.05;Càrrec;menjar;Pa i pastisseria;;False
4746;BBVA;Dèbit;17/03/2025;marzo;2025;0.0;9.51;Càrrec;menjar;Action Girona;;False
4747;BBVA;Dèbit;17/03/2025;marzo;2025;0.0;2.49;Càrrec;neteja;Action Girona;;False
4748;BBVA;Dèbit;17/03/2025;marzo;2025;0.0;7.41;Càrrec;Parallar;Action Girona;paraigues + cadenat;False
4749;BBVA;Dèbit;19/03/2025;marzo;2025;0.0;7.9;Càrrec;menjar;Novavenda;;False
4750;BBVA;Dèbit;20/03/2025;marzo;2025;0.0;2.1;Càrrec;menjar;Pa i pastisseria;;False
4751;BBVA;Dèbit;20/03/2025;marzo;2025;0.0;12.56;Càrrec;menjar;Novavenda;;False
4753;BBVA;Dèbit;20/03/2025;marzo;2025;0.0;30.0;Càrrec;varis;Perruqueria;Olga. Isabel;False
4757;BBVA;Dèbit;22/03/2025;marzo;2025;0.0;-69.9;Càrrec;roba;Zara;Abono vestits;False
4758;BBVA;Dèbit;22/03/2025;marzo;2025;0.0;62.1;Càrrec;varis;Regal;Zara. Roba filla Aleix;False
4759;BBVA;Dèbit;22/03/2025;marzo;2025;0.0;49.05;Càrrec;restaurant;Restaurant;Enjoy it. Girona;False
4761;BBVA;Dèbit;22/03/2025;marzo;2025;0.0;14.61;Càrrec;menjar;LIDL;;False
4762;BBVA;Dèbit;22/03/2025;marzo;2025;0.0;3.11;Càrrec;roba;LIDL;samarreta;False
4768;BBVA;Dèbit;21/03/2025;marzo;2025;0.0;12.0;Càrrec;menjar;Pa i pastisseria;Girona. Tarta formatge;False
4769;BBVA;Dèbit;23/03/2025;marzo;2025;0.0;15.94;Càrrec;menjar;Dia;;False
4778;BBVA;Dèbit;25/03/2025;marzo;2025;0.0;8.65;Càrrec;menjar;Novavenda;;False
4779;BBVA;Dèbit;25/03/2025;marzo;2025;0.0;1.19;Càrrec;neteja;Novavenda;;False
4780;BBVA;Dèbit;24/03/2025;marzo;2025;0.0;10.18;Càrrec;menjar;AreaGuissona;;False
4781;BBVA;Dèbit;24/03/2025;marzo;2025;0.0;1.6;Càrrec;neteja;AreaGuissona;;False
4783;BBVA;Dèbit;27/03/2025;marzo;2025;0.0;2.1;Càrrec;menjar;Pa i pastisseria;;False
4785;BBVA;Dèbit;27/03/2025;marzo;2025;0.0;47.11;Càrrec;gasolina;GasolinaAreaGuissona;;False
4786;BBVA;Dèbit;27/03/2025;marzo;2025;0.0;25.03;Càrrec;menjar;LIDL;;False
4792;BBVA;Dèbit;28/03/2025;marzo;2025;0.0;3.9;Càrrec;restaurant;Bar;jubilats;False
4794;BBVA;Dèbit;30/03/2025;marzo;2025;0.0;17.48;Càrrec;menjar;AreaGuissona;;False
4798;BBVA;Dèbit;31/03/2025;marzo;2025;0.0;3.7;Càrrec;restaurant;Bar;Can Torres;False
4807;BBVA;Dèbit;02/04/2025;abril;2025;0.0;5.69;Càrrec;menjar;Aldi;;False
4811;BBVA;Dèbit;03/04/2025;abril;2025;0.0;5.27;Càrrec;manteniment;Xino Sta.Coloma;Caixes llum+neteja rodes;False
4812;BBVA;Dèbit;03/04/2025;abril;2025;0.0;8.27;Càrrec;menjar;Novavenda;;False
4813;BBVA;Dèbit;03/04/2025;abril;2025;0.0;6.99;Càrrec;neteja;Novavenda;;False
4819;BBVA;Dèbit;03/04/2025;abril;2025;0.0;12.0;Càrrec;menjar;Mercadona;;False
4821;BBVA;Dèbit;04/04/2025;abril;2025;0.0;13.85;Càrrec;menjar;Pa i pastisseria;;False
4822;BBVA;Dèbit;04/04/2025;abril;2025;0.0;48.68;Càrrec;gasolina;GasolinaAreaGuissona;;False
4830;BBVA;Dèbit;05/04/2025;abril;2025;0.0;10.27;Càrrec;menjar;Dia;;False
4831;BBVA;Dèbit;06/04/2025;abril;2025;0.0;9.03;Càrrec;menjar;Dia;;False
4832;BBVA;Dèbit;06/04/2025;abril;2025;0.0;1.05;Càrrec;neteja;Dia;;False
4808;BBVA;Dèbit;02/04/2025;abril;2025;0.0;1.6;Càrrec;restaurant;Bar;Cafè Platja d'Aro;False
6971;TradeRep.;Compte;02/08/2026;agosto;2026;25.0;0.0;op_banc;op_banc;Transferència;;False
6972;TR Cartera;Compte;02/08/2026;agosto;2026;0.0;25.0;op_banc;op_banc;Transferència;;False
7061;BBVA;Compte;24/08/2026;agosto;2026;50.0;0.0;Ingrés;ingres_general;Hisenda 50 1;;False
7062;BBVA;Compte;24/08/2026;agosto;2026;100.0;0.0;Ingrés;ingres_general;Hisenda 100;;False
5592;BBVA;Compte;04/10/2025;octubre;2025;0.0;401.96;op_banc;op_banc;Pago VISA;;False
4846;BBVA;Dèbit;14/04/2025;abril;2025;0.0;30.5;Càrrec;farmàcia;Farmàcia;;False
4886;BBVA;Dèbit;20/04/2025;abril;2025;0.0;15.5;Càrrec;restaurant;Bar;Bar Agustí. Palamós;False
4887;BBVA;Dèbit;20/04/2025;abril;2025;0.0;-4.99;Càrrec;roba;Decatlon;Devolució. Vestit de bany;False
6973;TradeRep.;Dèbit;04/08/2026;agosto;2026;0.0;16.93;Càrrec;menjar;Altres menjar;[VACANCES] Herboristeria;False
7063;BBVA;Compte;24/08/2026;agosto;2026;50.0;0.0;Ingrés;ingres_general;Hisenda 50 2;;False
5605;LaCaixa;Compte;01/10/2025;octubre;2025;0.0;100.0;op_banc;op_banc;Traspàs comptes;;False
5606;LaCaixa;Compte;03/10/2025;octubre;2025;0.0;50.0;op_banc;op_banc;Traspàs comptes;;False
5607;LaCaixa;Compte;05/10/2025;octubre;2025;0.0;300.0;op_banc;op_banc;Traspàs comptes;;False
5630;LaCaixa;Compte;13/10/2025;octubre;2025;0.0;80.0;op_banc;op_banc;Traspàs comptes;;False
5641;LaCaixa;Compte;17/10/2025;octubre;2025;0.0;100.0;op_banc;op_banc;Traspàs comptes;;False
4836;BBVA;Dèbit;08/04/2025;abril;2025;0.0;18.09;Càrrec;menjar;Dia;;False
4837;BBVA;Dèbit;09/04/2025;abril;2025;0.0;12.26;Càrrec;menjar;AreaGuissona;;False
4845;BBVA;Dèbit;13/04/2025;abril;2025;0.0;17.64;Càrrec;menjar;AreaGuissona;;False
4847;BBVA;Dèbit;14/04/2025;abril;2025;0.0;3.13;Càrrec;menjar;Dia;;False
4848;BBVA;Dèbit;14/04/2025;abril;2025;0.0;3.34;Càrrec;neteja;Dia;;False
4852;BBVA;Dèbit;14/04/2025;abril;2025;0.0;6.01;Càrrec;menjar;Xarcut. La taverna;;False
4853;BBVA;Dèbit;15/04/2025;abril;2025;0.0;-39.77;Càrrec;manteniment;LeroyMerlin;Abono. Terra vinilic+ pega;False
4854;BBVA;Dèbit;15/04/2025;abril;2025;0.0;46.48;Càrrec;manteniment;LeroyMerlin;Pintura latex+ antisalitre;False
4855;BBVA;Dèbit;15/04/2025;abril;2025;0.0;14.98;Càrrec;roba;Decatlon;2 banyadors Isabel;False
4862;BBVA;Dèbit;15/04/2025;abril;2025;0.0;13.68;Càrrec;menjar;Novavenda;;False
4863;BBVA;Dèbit;15/04/2025;abril;2025;0.0;4.49;Càrrec;manteniment;Bauhaus;Planxa acer;False
4872;BBVA;Dèbit;17/04/2025;abril;2025;0.0;32.7;Càrrec;menjar;Dia;;False
4873;BBVA;Dèbit;17/04/2025;abril;2025;0.0;2.6;Càrrec;restaurant;Bar;jubilats;False
4874;BBVA;Dèbit;19/04/2025;abril;2025;0.0;38.75;Càrrec;gasolina;GasolinaAreaGuissona;;False
4888;BBVA;Dèbit;22/04/2025;abril;2025;0.0;15.84;Càrrec;neteja;Clarel;;False
4889;BBVA;Dèbit;23/04/2025;abril;2025;0.0;14.68;Càrrec;rebost;Clarel;;False
4890;BBVA;Dèbit;22/04/2025;abril;2025;0.0;5.95;Càrrec;menjar;AreaGuissona;;False
4896;BBVA;Dèbit;23/04/2025;abril;2025;0.0;24.88;Càrrec;gasolina;GasolinaAreaGuissona;;False
4897;BBVA;Dèbit;23/04/2025;abril;2025;0.0;67.2;Càrrec;restaurant;Restaurant;Nikkei. BCN;False
4898;BBVA;Dèbit;23/04/2025;abril;2025;0.0;26.05;Càrrec;roba;Zara;Isa. Jaqueta casament;False
4899;BBVA;Dèbit;23/04/2025;abril;2025;0.0;17.5;Càrrec;restaurant;Restaurant;Triangle. BCN. Fideus;False
4900;BBVA;Dèbit;23/04/2025;abril;2025;0.0;18.6;Càrrec;varis;Parking;BCN;False
4905;BBVA;Dèbit;24/04/2025;abril;2025;0.0;9.38;Càrrec;manteniment;Xino Sta.Coloma;Barniz + macilla;False
4906;BBVA;Dèbit;24/04/2025;abril;2025;0.0;3.4;Càrrec;restaurant;Bar;jubilats;False
4907;BBVA;Dèbit;24/04/2025;abril;2025;0.0;17.38;Càrrec;menjar;Dia;;False
4910;BBVA;Dèbit;25/04/2025;abril;2025;0.0;14.25;Càrrec;menjar;AreaGuissona;;False
4912;BBVA;Dèbit;26/04/2025;abril;2025;0.0;13.95;Càrrec;restaurant;Restaurant;Burger King. Girona;False
4917;BBVA;Dèbit;27/04/2025;abril;2025;0.0;3.54;Càrrec;menjar;Dia;;False
4922;BBVA;Dèbit;29/04/2025;abril;2025;0.0;3.15;Càrrec;manteniment;Xino Sta.Coloma;cable llum 3m;False
4929;BBVA;Dèbit;29/04/2025;abril;2025;0.0;46.95;Càrrec;gasolina;GasolinaAreaGuissona;;False
4932;BBVA;Dèbit;29/04/2025;abril;2025;0.0;11.9;Càrrec;menjar;Dia;;False
4937;BBVA;Dèbit;01/05/2025;mayo;2025;0.0;16.58;Càrrec;menjar;AreaGuissona;;False
4940;BBVA;Dèbit;02/05/2025;mayo;2025;0.0;22.55;Càrrec;neteja;Clarel;;False
4951;BBVA;Dèbit;05/05/2025;mayo;2025;0.0;12.33;Càrrec;menjar;Dia;;False
4958;BBVA;Dèbit;07/05/2025;mayo;2025;0.0;23.54;Càrrec;menjar;AreaGuissona;;False
4959;BBVA;Dèbit;08/05/2025;mayo;2025;0.0;2.1;Càrrec;menjar;Pa i pastisseria;;False
4960;BBVA;Dèbit;08/05/2025;mayo;2025;0.0;6.58;Càrrec;menjar;Dia;;False
4961;BBVA;Dèbit;08/05/2025;mayo;2025;0.0;19.43;Càrrec;menjar;AreaGuissona;;False
4962;BBVA;Dèbit;08/05/2025;mayo;2025;0.0;3.59;Càrrec;neteja;AreaGuissona;;False
4968;BBVA;Dèbit;09/05/2025;mayo;2025;0.0;13.34;Càrrec;menjar;AreaGuissona;;False
5083;BBVA;Dèbit;30/05/2025;mayo;2025;0.0;36.0;Càrrec;varis;Perruqueria;Estètica. Ungles;False
5027;BBVA;Dèbit;23/05/2025;mayo;2025;0.0;9.0;Càrrec;manteniment;LeroyMerlin;1 morter calç + 1 ciment cola;False
6974;TradeRep.;Dèbit;05/08/2026;agosto;2026;0.0;16.43;Càrrec;manteniment;IKEA mobles;;False
5668;BBVA;Compte;25/10/2025;octubre;2025;0.0;40.0;op_banc;op_banc;Traspàs comptes;;False
5683;BBVA;Compte;30/10/2025;octubre;2025;0.0;40.0;op_banc;op_banc;Traspàs comptes;;False
5692;LaCaixa;Compte;03/11/2025;noviembre;2025;0.0;100.0;op_banc;op_banc;Traspàs comptes;;False
4972;BBVA;Dèbit;10/05/2025;mayo;2025;0.0;4.18;Càrrec;manteniment;LeroyMerlin;coda persianes+12V;False
4977;BBVA;Dèbit;10/05/2025;mayo;2025;0.0;9.94;Càrrec;rebost;LIDL;;False
4978;BBVA;Dèbit;10/05/2025;mayo;2025;0.0;2.57;Càrrec;neteja;LIDL;;False
4979;BBVA;Dèbit;10/05/2025;mayo;2025;0.0;9.99;Càrrec;roba;LIDL;jaqueta Isabel;False
4980;BBVA;Dèbit;09/05/2025;mayo;2025;0.0;3.4;Càrrec;restaurant;Bar;jubilats;False
4991;BBVA;Dèbit;13/05/2025;mayo;2025;0.0;6.61;Càrrec;menjar;Mercadona;;False
4992;BBVA;Dèbit;13/05/2025;mayo;2025;0.0;15.76;Càrrec;menjar;AreaGuissona;;False
4993;BBVA;Dèbit;13/05/2025;mayo;2025;0.0;0.66;Càrrec;neteja;AreaGuissona;;False
4994;BBVA;Dèbit;14/05/2025;mayo;2025;0.0;48.51;Càrrec;gasolina;GasolinaAreaGuissona;;False
4995;BBVA;Dèbit;14/05/2025;mayo;2025;0.0;3.4;Càrrec;restaurant;Bar;jubilats;False
4997;BBVA;Dèbit;15/05/2025;mayo;2025;0.0;1.98;Càrrec;manteniment;Xino Sta.Coloma;2 broques pedra 6;False
5001;BBVA;Dèbit;16/05/2025;mayo;2025;0.0;45.95;Càrrec;restaurant;Restaurant;Enjoy Girona;False
5002;BBVA;Dèbit;16/05/2025;mayo;2025;0.0;7.99;Càrrec;manteniment;LeroyMerlin;Cargols inox;False
5003;BBVA;Dèbit;16/05/2025;mayo;2025;0.0;8.71;Càrrec;manteniment;Emmcat Constr.;Rasilla x20;False
5005;BBVA;Dèbit;17/05/2025;mayo;2025;0.0;14.96;Càrrec;menjar;Dia;;False
5008;BBVA;Dèbit;18/05/2025;mayo;2025;0.0;12.21;Càrrec;menjar;Dia;;False
5011;BBVA;Dèbit;16/05/2025;mayo;2025;0.0;11.96;Càrrec;menjar;Action Girona;;False
5012;BBVA;Dèbit;16/05/2025;mayo;2025;0.0;3.49;Càrrec;neteja;Action Girona;;False
5015;BBVA;Dèbit;18/05/2025;mayo;2025;0.0;3.4;Càrrec;restaurant;Bar;jubilats;False
5018;BBVA;Dèbit;21/05/2025;mayo;2025;0.0;10.26;Càrrec;menjar;Alcampo;;False
5019;BBVA;Dèbit;21/05/2025;mayo;2025;0.0;1.0;Càrrec;neteja;Alcampo;;False
5020;BBVA;Dèbit;19/05/2025;mayo;2025;0.0;55.05;Càrrec;varis;Regal;Regal ve├»na;False
5025;BBVA;Dèbit;21/05/2025;mayo;2025;0.0;13.84;Càrrec;menjar;Dia;;False
5028;BBVA;Dèbit;25/05/2025;mayo;2025;0.0;49.82;Càrrec;gasolina;GasolinaAreaGuissona;;False
5029;BBVA;Dèbit;23/05/2025;mayo;2025;0.0;34.0;Càrrec;varis;Perruqueria;Enric i Jordi;False
5030;BBVA;Dèbit;23/05/2025;mayo;2025;0.0;40.85;Càrrec;menjar;Dia;;False
5031;BBVA;Dèbit;23/05/2025;mayo;2025;0.0;3.28;Càrrec;neteja;Dia;;False
5033;BBVA;Dèbit;24/05/2025;mayo;2025;0.0;19.53;Càrrec;menjar;AreaGuissona;;False
5037;BBVA;Dèbit;23/05/2025;mayo;2025;0.0;6.87;Càrrec;menjar;Action Girona;;False
5038;BBVA;Dèbit;23/05/2025;mayo;2025;0.0;3.77;Càrrec;neteja;Action Girona;;False
5039;BBVA;Dèbit;23/05/2025;mayo;2025;0.0;5.63;Càrrec;manteniment;Action Girona;rapall taladro+ cola;False
5040;BBVA;Dèbit;25/05/2025;mayo;2025;0.0;15.99;Càrrec;roba;Zara;Mireia;False
5041;BBVA;Dèbit;25/05/2025;mayo;2025;0.0;81.7;Càrrec;restaurant;Restaurant;Vicio. BCN;False
5058;BBVA;Dèbit;26/05/2025;mayo;2025;0.0;25.66;Càrrec;restaurant;Restaurant;Hospital Sta. Caterina;False
5059;BBVA;Dèbit;26/05/2025;mayo;2025;0.0;0.0;Càrrec;menjar;Action Girona;;False
5060;BBVA;Dèbit;26/05/2025;mayo;2025;0.0;12.54;Càrrec;restaurant;Bar;Sta. Caterina;False
5061;BBVA;Dèbit;26/05/2025;mayo;2025;0.0;5.3;Càrrec;varis;Parking;Sta. Caterina;False
5062;BBVA;Dèbit;27/05/2025;mayo;2025;0.0;27.58;Càrrec;menjar;AreaGuissona;;False
5063;BBVA;Dèbit;27/05/2025;mayo;2025;0.0;4.9;Càrrec;menjar;Fruiteria Bayes;;False
5064;BBVA;Dèbit;27/05/2025;mayo;2025;0.0;10.8;Càrrec;menjar;Dia;;False
5066;BBVA;Dèbit;28/05/2025;mayo;2025;0.0;21.12;Càrrec;neteja;Clarel;;False
5069;BBVA;Dèbit;28/05/2025;mayo;2025;0.0;14.8;Càrrec;menjar;Mercadona;;False
5070;BBVA;Dèbit;28/05/2025;mayo;2025;0.0;8.4;Càrrec;neteja;Mercadona;;False
5071;BBVA;Dèbit;28/05/2025;mayo;2025;0.0;15.56;Càrrec;menjar;LIDL;;False
5072;BBVA;Dèbit;28/05/2025;mayo;2025;0.0;6.95;Càrrec;rebost;LIDL;;False
5079;BBVA;Dèbit;29/05/2025;mayo;2025;0.0;47.81;Càrrec;menjar;BonPreu;;False
5706;BBVA;Compte;05/11/2025;noviembre;2025;0.0;74.85;op_banc;op_banc;Pago VISA;;False
5082;BBVA;Dèbit;29/05/2025;mayo;2025;0.0;47.57;Càrrec;gasolina;GasolinaAreaGuissona;;False
5087;BBVA;Dèbit;31/05/2025;mayo;2025;0.0;122.0;Càrrec;varis;Perruqueria;Isabel i Mireia;False
6975;TradeRep.;Dèbit;05/08/2026;agosto;2026;0.0;23.39;Càrrec;restaurant;Restaurant;Ikea Múrcia ;False
7064;BBVA;Compte;25/08/2026;agosto;2026;940.74;0.0;Ingrés;ingres_general;Pensió Enric;;False
7065;BBVA;Compte;25/08/2026;agosto;2026;962.5;0.0;Ingrés;ingres_general;Pensió Isabel;;False
7066;BBVA;Compte;25/08/2026;agosto;2026;0.0;20.0;op_banc;op_banc;Traspàs comptes;;False
7067;T.Moneder;Compte;25/08/2026;agosto;2026;20.0;0.0;op_banc;op_banc;Traspàs comptes;;False
6976;TradeRep.;Dèbit;04/08/2026;agosto;2026;0.0;55.0;Càrrec;varis;Fisioteràpia;La Torre;False
5024;BBVA;Dèbit;21/05/2025;mayo;2025;0.0;27.5;Càrrec;farmàcia;Farmàcia;Bota ortepèdica;False
5088;BBVA;Dèbit;02/06/2025;junio;2025;0.0;49.9;Càrrec;restaurant;Bar;Can Chanito. Palamós;False
5719;LaCaixa;Compte;07/11/2025;noviembre;2025;0.0;80.0;op_banc;op_banc;Traspàs comptes;;False
5720;LaCaixa;Compte;09/11/2025;noviembre;2025;0.0;60.0;op_banc;op_banc;Traspàs comptes;;False
5745;LaCaixa;Compte;12/11/2025;noviembre;2025;0.0;60.0;op_banc;op_banc;Traspàs comptes;;False
5093;BBVA;Dèbit;02/06/2025;junio;2025;0.0;11.72;Càrrec;menjar;AreaGuissona;;False
5095;BBVA;Dèbit;02/06/2025;junio;2025;0.0;3.14;Càrrec;menjar;Dia;;False
5036;BBVA;Dèbit;25/05/2025;mayo;2025;0.0;15.0;Càrrec;menjar;Plaça;;False
5110;BBVA;Dèbit;06/06/2025;junio;2025;0.0;18.73;Càrrec;menjar;AreaGuissona;;False
5111;BBVA;Dèbit;08/06/2025;junio;2025;0.0;5.7;Càrrec;menjar;AreaGuissona;;False
5112;BBVA;Dèbit;08/06/2025;junio;2025;0.0;16.2;Càrrec;neteja;Clarel;;False
5113;BBVA;Dèbit;08/06/2025;junio;2025;0.0;9.58;Càrrec;menjar;Dia;;False
5114;BBVA;Dèbit;10/06/2025;junio;2025;0.0;20.1;Càrrec;menjar;AreaGuissona;;False
5121;BBVA;Dèbit;11/06/2025;junio;2025;0.0;9.58;Càrrec;menjar;Can Rinsa;;False
5739;BBVA;Dèbit;13/11/2025;noviembre;2025;0.0;2.35;Càrrec;neteja;Dia;;False
5124;BBVA;Dèbit;12/06/2025;junio;2025;0.0;12.01;Càrrec;menjar;Dia;;False
5125;BBVA;Dèbit;12/06/2025;junio;2025;0.0;9.99;Càrrec;neteja;Clarel;;False
5128;BBVA;Dèbit;14/06/2025;junio;2025;0.0;35.37;Càrrec;menjar;Can Rinsa;;False
5135;BBVA;Dèbit;17/06/2025;junio;2025;0.0;14.0;Càrrec;menjar;AreaGuissona;;False
5142;BBVA;Dèbit;18/06/2025;junio;2025;0.0;26.61;Càrrec;menjar;Dia;;False
5144;BBVA;Dèbit;19/06/2025;junio;2025;0.0;2.4;Càrrec;menjar;Pa i pastisseria;;False
5145;BBVA;Dèbit;19/06/2025;junio;2025;0.0;13.85;Càrrec;menjar;Dia;;False
5146;BBVA;Dèbit;19/06/2025;junio;2025;0.0;4.29;Càrrec;neteja;Dia;;False
5248;BBVA;Dèbit;16/07/2025;julio;2025;0.0;40.83;Càrrec;menjar;LIDL;;False
5249;BBVA;Dèbit;16/07/2025;julio;2025;0.0;3.92;Càrrec;neteja;LIDL;;False
5250;BBVA;Dèbit;16/07/2025;julio;2025;0.0;9.98;Càrrec;Parallar;LIDL;Juntes+Ampolla Jordi;False
5251;BBVA;Dèbit;16/07/2025;julio;2025;0.0;77.9;Càrrec;restaurant;Restaurant;Lius Chong Hot Pot. Girona;False
5252;BBVA;Dèbit;16/07/2025;julio;2025;0.0;18.84;Càrrec;menjar;Action Girona;;False
5253;BBVA;Dèbit;16/07/2025;julio;2025;0.0;9.71;Càrrec;neteja;Action Girona;;False
5254;BBVA;Dèbit;16/07/2025;julio;2025;0.0;12.24;Càrrec;manteniment;Action Girona;;False
5256;BBVA;Dèbit;17/07/2025;julio;2025;0.0;-4.99;Càrrec;Parallar;LIDL;Abono ampolla Jordi;False
5259;BBVA;Dèbit;17/07/2025;julio;2025;0.0;21.65;Càrrec;menjar;LIDL;;False
5260;BBVA;Dèbit;17/07/2025;julio;2025;0.0;4.72;Càrrec;neteja;Clarel;;False
5261;BBVA;Dèbit;17/07/2025;julio;2025;0.0;14.06;Càrrec;proveidor;Clarel Fotos;74 10x15 Olga Coris;False
5267;BBVA;Dèbit;18/07/2025;julio;2025;0.0;17.37;Càrrec;neteja;Clarel;;False
5268;BBVA;Dèbit;19/07/2025;julio;2025;0.0;11.68;Càrrec;menjar;AreaGuissona;;False
5275;BBVA;Dèbit;20/07/2025;julio;2025;0.0;19.9;Càrrec;menjar;Dia;;False
5276;BBVA;Dèbit;21/07/2025;julio;2025;0.0;6.07;Càrrec;manteniment;Altres mant.;Juntes water;False
5278;BBVA;Dèbit;23/07/2025;julio;2025;0.0;50.3;Càrrec;restaurant;Restaurant;Montsoriu.;False
5282;BBVA;Dèbit;25/07/2025;julio;2025;0.0;84.4;Càrrec;restaurant;Restaurant;Casa Oms. Palafolls;False
5287;BBVA;Dèbit;26/07/2025;julio;2025;0.0;51.88;Càrrec;gasolina;GasolinaAreaGuissona;;False
5288;BBVA;Dèbit;26/07/2025;julio;2025;0.0;23.98;Càrrec;roba;Decatlon;traje bany Isa+ escarpins;False
5292;BBVA;Dèbit;25/07/2025;julio;2025;0.0;13.21;Càrrec;menjar;Xarcut. La taverna;;False
5295;BBVA;Dèbit;26/07/2025;julio;2025;0.0;5.06;Càrrec;menjar;Aldi;;False
5296;BBVA;Dèbit;26/07/2025;julio;2025;0.0;18.19;Càrrec;menjar;LIDL;;False
5297;BBVA;Dèbit;26/07/2025;julio;2025;0.0;3.49;Càrrec;manteniment;LIDL;Llana;False
5298;BBVA;Dèbit;26/07/2025;julio;2025;0.0;14.85;Càrrec;menjar;Ametller Origen;;False
5299;BBVA;Dèbit;26/07/2025;julio;2025;0.0;31.76;Càrrec;restaurant;Restaurant;Burger King Girona;False
5751;Efectiu;;16/11/2025;noviembre;2025;0.0;8.0;Càrrec;personal;Jordi;;False
5300;BBVA;Dèbit;27/07/2025;julio;2025;0.0;12.12;Càrrec;menjar;Dia;;False
5302;BBVA;Dèbit;28/07/2025;julio;2025;0.0;13.63;Càrrec;menjar;Dia;;False
5303;BBVA;Dèbit;28/07/2025;julio;2025;0.0;6.18;Càrrec;neteja;Dia;;False
5279;BBVA;Dèbit;24/07/2025;julio;2025;0.0;2.1;Càrrec;varis;Parking;Platja Plamós;False
5289;BBVA;Dèbit;26/07/2025;julio;2025;0.0;407.19;Càrrec;Parallar;MediaMarkt;Portàtil Jordi+ funda;False
6977;TradeRep.;Dèbit;05/08/2026;agosto;2026;0.0;17.0;Càrrec;varis;Perruqueria;Isabel;False
6978;TradeRep.;Dèbit;05/08/2026;agosto;2026;0.0;23.45;Càrrec;restaurant;Bar;Gelats Galan;False
7068;T.Moneder;Dèbit;25/08/2026;agosto;2026;0.0;11.05;Càrrec;menjar;Mercadona;;False
5803;Efectiu;;30/11/2025;noviembre;2025;0.0;6.0;op_banc;varis;Curs;Unguents i tintures;False
5326;BBVA;Dèbit;01/08/2025;agosto;2025;0.0;-15.99;Càrrec;roba;Decatlon;devolució traje bany;False
5354;BBVA;Dèbit;06/08/2025;agosto;2025;0.0;8.22;Càrrec;manteniment;Xino Sta.Coloma;Arbúcies. Water+ adapatador;False
6979;TradeRep.;Compte;02/08/2026;agosto;2026;0.0;25.0;op_banc;op_banc;Traspàs comptes;***CANVIAR A COMPRA ;False
7069;TradeRep.;Dèbit;25/08/2026;agosto;2026;0.0;13.88;Càrrec;menjar;Novavenda;;False
5785;LaCaixa;Compte;17/11/2025;noviembre;2025;0.0;100.0;op_banc;op_banc;Traspàs comptes;;False
5786;LaCaixa;Compte;19/11/2025;noviembre;2025;0.0;50.0;op_banc;op_banc;Traspàs comptes;;False
5788;LaCaixa;Compte;24/11/2025;noviembre;2025;0.0;200.0;op_banc;op_banc;Traspàs comptes;;False
5789;LaCaixa;Compte;26/11/2025;noviembre;2025;0.0;50.0;op_banc;op_banc;Traspàs comptes;;False
5798;BBVA;Compte;30/11/2025;noviembre;2025;0.0;50.0;op_banc;op_banc;Traspàs comptes;;False
5312;BBVA;Dèbit;29/07/2025;julio;2025;0.0;5.13;Càrrec;menjar;Novavenda;;False
5315;BBVA;Dèbit;30/07/2025;julio;2025;0.0;25.45;Càrrec;menjar;AreaGuissona;;False
5319;BBVA;Dèbit;31/07/2025;julio;2025;0.0;4.8;Càrrec;menjar;Pa i pastisseria;;False
5320;BBVA;Dèbit;31/07/2025;julio;2025;0.0;15.73;Càrrec;menjar;LIDL;;False
5321;BBVA;Dèbit;31/07/2025;julio;2025;0.0;3.04;Càrrec;neteja;LIDL;;False
5322;BBVA;Dèbit;31/07/2025;julio;2025;0.0;4.76;Càrrec;menjar;Mercadona;;False
5323;BBVA;Dèbit;31/07/2025;julio;2025;0.0;3.15;Càrrec;neteja;Mercadona;;False
5327;BBVA;Dèbit;01/08/2025;agosto;2025;0.0;23.98;Càrrec;roba;Decatlon;traje bany+ bossa;False
5328;BBVA;Dèbit;01/08/2025;agosto;2025;0.0;36.3;Càrrec;restaurant;Restaurant;Buffet lliure. Platja d'Aro;False
5331;BBVA;Dèbit;01/08/2025;agosto;2025;0.0;4.37;Càrrec;menjar;Dia;;False
5333;BBVA;Dèbit;02/08/2025;agosto;2025;0.0;10.76;Càrrec;menjar;Action Girona;;False
5334;BBVA;Dèbit;02/08/2025;agosto;2025;0.0;3.49;Càrrec;roba;Action Girona;Boxer;False
5335;BBVA;Dèbit;02/08/2025;agosto;2025;0.0;3.29;Càrrec;manteniment;Action Girona;silicona blanca;False
5336;BBVA;Dèbit;02/08/2025;agosto;2025;0.0;29.95;Càrrec;Parallar;Action Girona;sanwichera;False
5337;BBVA;Dèbit;03/08/2025;agosto;2025;0.0;24.85;Càrrec;neteja;Clarel;Error. Abonar;False
5339;BBVA;Dèbit;03/08/2025;agosto;2025;0.0;25.85;Càrrec;neteja;Clarel;;False
5342;BBVA;Dèbit;03/08/2025;agosto;2025;0.0;16.27;Càrrec;menjar;Dia;;False
5345;BBVA;Dèbit;04/08/2025;agosto;2025;0.0;10.72;Càrrec;menjar;AreaGuissona;;False
5346;BBVA;Dèbit;04/08/2025;agosto;2025;0.0;1.09;Càrrec;neteja;AreaGuissona;;False
5350;BBVA;Dèbit;06/08/2025;agosto;2025;0.0;6.5;Càrrec;menjar;Dia;;False
5358;BBVA;Dèbit;06/08/2025;agosto;2025;0.0;12.55;Càrrec;menjar;AreaGuissona;;False
5359;BBVA;Dèbit;07/08/2025;agosto;2025;0.0;2.5;Càrrec;menjar;Pa i pastisseria;;False
5360;BBVA;Dèbit;07/08/2025;agosto;2025;0.0;-29.95;Càrrec;Parallar;Action Girona;Abonament Sandwichera;False
5362;BBVA;Dèbit;09/08/2025;agosto;2025;0.0;55.41;Càrrec;gasolina;GasolinaAreaGuissona;;False
5363;BBVA;Dèbit;08/08/2025;agosto;2025;0.0;66.28;Càrrec;menjar;Vents i Marees;;False
5366;BBVA;Dèbit;08/08/2025;agosto;2025;0.0;32.14;Càrrec;menjar;AreaGuissona;;False
5367;BBVA;Dèbit;08/08/2025;agosto;2025;0.0;3.85;Càrrec;neteja;AreaGuissona;;False
5369;BBVA;Dèbit;11/08/2025;agosto;2025;0.0;11.96;Càrrec;menjar;Dia;;False
5372;BBVA;Dèbit;12/08/2025;agosto;2025;0.0;16.9;Càrrec;restaurant;Restaurant;Konig Girona;False
5374;BBVA;Dèbit;12/08/2025;agosto;2025;0.0;19.75;Càrrec;gasolina;GasolinaAreaGuissona;;False
5375;BBVA;Dèbit;12/08/2025;agosto;2025;0.0;20.0;Càrrec;gasolina;Gasolina altres;autopista;False
5376;BBVA;Dèbit;13/08/2025;agosto;2025;0.0;43.5;Càrrec;restaurant;Restaurant;fira burger. La Torre;False
5377;BBVA;Dèbit;13/08/2025;agosto;2025;0.0;8.0;Càrrec;restaurant;Bar;Alcantarilla;False
5378;BBVA;Dèbit;13/08/2025;agosto;2025;0.0;13.9;Càrrec;menjar;Pa i pastisseria;;False
5379;BBVA;Dèbit;13/08/2025;agosto;2025;0.0;64.11;Càrrec;menjar;Cash Levante;;False
5380;BBVA;Dèbit;13/08/2025;agosto;2025;0.0;12.71;Càrrec;rebost;Cash Levante;;False
5387;BBVA;Dèbit;18/08/2025;agosto;2025;0.0;67.5;Càrrec;restaurant;Restaurant;La Gonga. Los Alc├íceres;False
5388;BBVA;Dèbit;18/08/2025;agosto;2025;0.0;55.81;Càrrec;gasolina;Gasolina altres;Los Alc├íceres;False
5389;BBVA;Dèbit;18/08/2025;agosto;2025;0.0;16.81;Càrrec;menjar;Dialprix;;False
5390;BBVA;Dèbit;18/08/2025;agosto;2025;0.0;14.15;Càrrec;menjar;Carn Matilde;;False
5391;BBVA;Dèbit;18/08/2025;agosto;2025;0.0;30.57;Càrrec;menjar;Alcampo;;False
7070;Efectiu;Efectiu;25/08/2026;agosto;2026;0.0;15.0;Càrrec;menjar;Ous casolans;;False
7071;Efectiu;Efectiu;23/08/2026;agosto;2026;0.0;8.0;Càrrec;menjar;Plaça;;False
73;BBVA;Compte;09/04/2021;abril;2021;0.0;11.85;Càrrec;assegurança;DP Morts Enric;;False
5410;BBVA;Dèbit;25/08/2025;agosto;2025;0.0;10.5;Càrrec;restaurant;Bar;Trànsit. Figueres;False
5415;BBVA;Dèbit;26/08/2025;agosto;2025;0.0;13.0;Càrrec;restaurant;Bar;Barrilet. Palamós;False
6980;BBVA;Compte;07/08/2026;agosto;2026;0.0;64.57;Càrrec;despesa_general;Aigua;;False
5835;BBVA;Compte;08/12/2025;diciembre;2025;0.0;50.0;op_banc;op_banc;Traspàs comptes;;False
5856;LaCaixa;Compte;03/12/2025;diciembre;2025;0.0;100.0;op_banc;op_banc;Traspàs comptes;;False
5826;BBVA;Compte;05/12/2025;diciembre;2025;0.0;125.89;op_banc;op_banc;Pago VISA;;False
5858;LaCaixa;Compte;08/12/2025;diciembre;2025;0.0;100.0;op_banc;op_banc;Traspàs comptes;;False
5859;BBVA;Compte;11/12/2025;diciembre;2025;0.0;100.0;op_banc;op_banc;Traspàs comptes;;False
72;BBVA;Dèbit;08/04/2021;abril;2021;0.0;15.89;Càrrec;menjar;Dia;;False
5392;BBVA;Dèbit;18/08/2025;agosto;2025;0.0;5.85;Càrrec;menjar;Pa i pastisseria;;False
5393;BBVA;Dèbit;18/08/2025;agosto;2025;0.0;13.0;Càrrec;restaurant;Bar;La Torre;False
5394;BBVA;Dèbit;18/08/2025;agosto;2025;0.0;14.45;Càrrec;menjar;Pa i pastisseria;;False
5395;BBVA;Dèbit;17/08/2025;agosto;2025;0.0;5.85;Càrrec;menjar;LIDL;;False
5882;BBVA;Dèbit;18/12/2025;diciembre;2025;0.0;6.55;Càrrec;varis;Parking;Girona;False
5396;BBVA;Dèbit;19/08/2025;agosto;2025;0.0;21.95;Càrrec;gasolina;Gasolina altres;Las salinas de San Pedro;False
5397;BBVA;Dèbit;18/08/2025;agosto;2025;0.0;40.19;Càrrec;menjar;Mercadona;;False
5398;BBVA;Dèbit;19/08/2025;agosto;2025;0.0;16.78;Càrrec;menjar;Dialprix;;False
5399;BBVA;Dèbit;19/08/2025;agosto;2025;0.0;0.89;Càrrec;neteja;Dialprix;;False
5400;BBVA;Dèbit;20/08/2025;agosto;2025;0.0;29.08;Càrrec;menjar;Dialprix;;False
5401;BBVA;Dèbit;20/08/2025;agosto;2025;0.0;6.65;Càrrec;menjar;Pa i pastisseria;;False
5403;BBVA;Dèbit;22/08/2025;agosto;2025;0.0;53.96;Càrrec;menjar;Cash Levante;;False
5404;BBVA;Dèbit;22/08/2025;agosto;2025;0.0;14.42;Càrrec;rebost;Cash Levante;;False
5405;BBVA;Dèbit;22/08/2025;agosto;2025;0.0;9.35;Càrrec;neteja;Cash Levante;;False
5406;BBVA;Dèbit;24/08/2025;agosto;2025;0.0;19.61;Càrrec;menjar;Dia;;False
5409;BBVA;Dèbit;25/08/2025;agosto;2025;0.0;42.25;Càrrec;gasolina;GasolinaAreaGuissona;;False
5416;BBVA;Dèbit;26/08/2025;agosto;2025;0.0;52.5;Càrrec;restaurant;Restaurant;La Llotja de Sils;False
5417;BBVA;Dèbit;27/08/2025;agosto;2025;0.0;50.0;Càrrec;varis;Certificat/registre;Notaria La Bisbal;False
5436;BBVA;Dèbit;27/08/2025;agosto;2025;0.0;22.69;Càrrec;menjar;AreaGuissona;;False
5444;BBVA;Dèbit;28/08/2025;agosto;2025;0.0;18.56;Càrrec;neteja;Clarel;;False
5445;BBVA;Dèbit;29/08/2025;agosto;2025;0.0;4.28;Càrrec;manteniment;Emmcat Constr.;Malla;False
5448;BBVA;Dèbit;29/08/2025;agosto;2025;0.0;10.39;Càrrec;menjar;Novavenda;;False
5384;BBVA;Dèbit;13/08/2025;agosto;2025;0.0;20.4;Càrrec;menjar;Plaça;;False
5450;BBVA;Dèbit;01/09/2025;septiembre;2025;0.0;55.15;Càrrec;restaurant;Restaurant;Terrassans. Blanes;False
5453;BBVA;Dèbit;31/08/2025;agosto;2025;0.0;32.61;Càrrec;menjar;AreaGuissona;;False
5454;BBVA;Dèbit;31/08/2025;agosto;2025;0.0;2.99;Càrrec;neteja;Clarel;;False
5455;BBVA;Dèbit;31/08/2025;agosto;2025;0.0;14.99;Càrrec;rebost;Clarel;;False
5457;BBVA;Dèbit;31/08/2025;agosto;2025;0.0;9.54;Càrrec;rebost;Clarel;;False
5458;BBVA;Dèbit;31/08/2025;agosto;2025;0.0;0.0;Càrrec;neteja;Clarel;;False
5461;BBVA;Dèbit;01/09/2025;septiembre;2025;0.0;39.62;Càrrec;gasolina;GasolinaAreaGuissona;;False
5462;BBVA;Dèbit;01/09/2025;septiembre;2025;0.0;3.83;Càrrec;manteniment;LeroyMerlin;ciment cola;False
5463;BBVA;Dèbit;01/09/2025;septiembre;2025;0.0;23.19;Càrrec;manteniment;LeroyMerlin;descarrega water roca;False
5464;BBVA;Dèbit;01/09/2025;septiembre;2025;0.0;31.0;Càrrec;restaurant;Restaurant;Serrallonga. Salt;False
5465;BBVA;Dèbit;01/09/2025;septiembre;2025;0.0;11.97;Càrrec;menjar;Alcampo;;False
5466;BBVA;Dèbit;26/08/2025;agosto;2025;0.0;20.95;Càrrec;menjar;Dia;;False
5468;BBVA;Dèbit;01/09/2025;septiembre;2025;0.0;8.3;Càrrec;Parallar;Primark;ambientadors;False
5469;BBVA;Dèbit;06/08/2025;agosto;2025;0.0;0.0;Càrrec;menjar;Dia;;False
5482;BBVA;Dèbit;03/09/2025;septiembre;2025;0.0;34.0;Càrrec;varis;Perruqueria;Enric i Jordi;False
5489;BBVA;Dèbit;04/09/2025;septiembre;2025;0.0;29.68;Càrrec;menjar;LIDL;;False
5492;BBVA;Dèbit;05/09/2025;septiembre;2025;0.0;33.91;Càrrec;menjar;Dia;;False
5493;BBVA;Dèbit;05/09/2025;septiembre;2025;0.0;9.23;Càrrec;neteja;Dia;;False
7072;Efectiu;Efectiu;23/08/2026;agosto;2026;0.0;3.82;Càrrec;menjar;Fruiterra;;False
5557;BBVA;Dèbit;23/09/2025;septiembre;2025;0.0;65.4;Càrrec;restaurant;Restaurant;Castell Buffet de Besalú;False
5623;BBVA;Dèbit;13/10/2025;octubre;2025;0.0;14.99;Càrrec;roba;LIDL;Pantaló trekking Jordi;False
6981;TradeRep.;Dèbit;07/08/2026;agosto;2026;0.0;8.3;Càrrec;menjar;Peixeteria;[VACANCES];False
6982;TradeRep.;Dèbit;07/08/2026;agosto;2026;0.0;25.41;Càrrec;menjar;Carn Matilde;[VACANCES];False
6983;TradeRep.;Dèbit;07/08/2026;agosto;2026;0.0;28.0;Càrrec;varis;Perruqueria;Jordi i Enric;False
5879;BBVA;Compte;18/12/2025;diciembre;2025;0.0;40.0;op_banc;op_banc;Traspàs comptes;;False
5890;LaCaixa;Compte;20/12/2025;diciembre;2025;0.0;200.0;op_banc;op_banc;Traspàs comptes;;False
5914;BBVA;Compte;26/12/2025;diciembre;2025;0.0;100.0;op_banc;op_banc;Traspàs comptes;;False
5925;BBVA;Compte;29/12/2025;diciembre;2025;0.0;300.0;op_banc;op_banc;Traspàs comptes;;False
5928;BBVA;Compte;30/12/2025;diciembre;2025;0.0;300.0;op_banc;op_banc;Traspàs comptes;;False
5494;BBVA;Dèbit;06/09/2025;septiembre;2025;0.0;43.47;Càrrec;menjar;BonPreu;;False
5495;BBVA;Dèbit;06/09/2025;septiembre;2025;0.0;24.95;Càrrec;gasolina;GasolinaAreaGuissona;;False
5508;BBVA;Dèbit;07/09/2025;septiembre;2025;0.0;22.47;Càrrec;menjar;AreaGuissona;;False
5509;BBVA;Dèbit;10/09/2025;septiembre;2025;0.0;5.27;Càrrec;menjar;Dia;;False
5510;BBVA;Dèbit;11/09/2025;septiembre;2025;0.0;17.88;Càrrec;menjar;AreaGuissona;;False
5511;BBVA;Dèbit;11/09/2025;septiembre;2025;0.0;11.55;Càrrec;menjar;Carn. Arimany;;False
5520;BBVA;Dèbit;12/09/2025;septiembre;2025;0.0;2.75;Càrrec;varis;Parking;Sta. Caterina;False
5521;BBVA;Dèbit;12/09/2025;septiembre;2025;0.0;35.05;Càrrec;restaurant;Restaurant;Enjoy Girona;False
5522;BBVA;Dèbit;12/09/2025;septiembre;2025;0.0;19.23;Càrrec;menjar;Action Girona;;False
5523;BBVA;Dèbit;12/09/2025;septiembre;2025;0.0;4.47;Càrrec;neteja;Action Girona;;False
5524;BBVA;Dèbit;12/09/2025;septiembre;2025;0.0;5.13;Càrrec;manteniment;Action Girona;Llums nadal+cinta+cola;False
5530;BBVA;Dèbit;17/09/2025;septiembre;2025;0.0;8.93;Càrrec;menjar;Novavenda;;False
5532;BBVA;Dèbit;17/09/2025;septiembre;2025;0.0;12.22;Càrrec;menjar;Dia;;False
5535;BBVA;Dèbit;18/09/2025;septiembre;2025;0.0;2.4;Càrrec;menjar;Pa i pastisseria;;False
5550;BBVA;Dèbit;22/09/2025;septiembre;2025;0.0;38.1;Càrrec;menjar;Dia;;False
5551;BBVA;Dèbit;22/09/2025;septiembre;2025;0.0;0.95;Càrrec;neteja;Dia;;False
5552;BBVA;Dèbit;23/09/2025;septiembre;2025;0.0;47.98;Càrrec;gasolina;GasolinaAreaGuissona;;False
5553;BBVA;Dèbit;23/09/2025;septiembre;2025;0.0;5.37;Càrrec;menjar;LIDL;;False
5554;BBVA;Dèbit;23/09/2025;septiembre;2025;0.0;8.2;Càrrec;menjar;Pa i pastisseria;;False
5555;BBVA;Dèbit;23/09/2025;septiembre;2025;0.0;10.2;Càrrec;menjar;Pa i pastisseria;;False
5560;BBVA;Dèbit;25/09/2025;septiembre;2025;0.0;2.4;Càrrec;menjar;Pa i pastisseria;;False
5561;BBVA;Dèbit;25/09/2025;septiembre;2025;0.0;22.0;Càrrec;menjar;AreaGuissona;;False
5564;BBVA;Dèbit;26/09/2025;septiembre;2025;0.0;23.03;Càrrec;neteja;Clarel;;False
5565;BBVA;Dèbit;26/09/2025;septiembre;2025;0.0;3.4;Càrrec;restaurant;Bar;jubilats;False
5570;BBVA;Dèbit;27/09/2025;septiembre;2025;0.0;9.73;Càrrec;menjar;Novavenda;;False
5571;BBVA;Dèbit;28/09/2025;septiembre;2025;0.0;32.88;Càrrec;menjar;Dia;;False
5572;BBVA;Dèbit;29/09/2025;septiembre;2025;0.0;12.6;Càrrec;menjar;Can Rinsa;;False
5577;BBVA;Dèbit;30/09/2025;septiembre;2025;0.0;18.45;Càrrec;neteja;Clarel;;False
5581;BBVA;Dèbit;30/09/2025;septiembre;2025;0.0;26.41;Càrrec;menjar;AreaGuissona;;False
5603;BBVA;Dèbit;06/10/2025;octubre;2025;0.0;14.83;Càrrec;menjar;Dia;;False
5604;BBVA;Dèbit;06/10/2025;octubre;2025;0.0;8.5;Càrrec;menjar;AreaGuissona;;False
5609;BBVA;Dèbit;07/10/2025;octubre;2025;0.0;19.21;Càrrec;menjar;LIDL;;False
5611;BBVA;Dèbit;08/10/2025;octubre;2025;0.0;16.16;Càrrec;menjar;Dia;;False
5613;BBVA;Dèbit;09/10/2025;octubre;2025;0.0;2.4;Càrrec;menjar;Pa i pastisseria;;False
5617;BBVA;Dèbit;10/10/2025;octubre;2025;0.0;16.17;Càrrec;menjar;AreaGuissona;;False
5618;BBVA;Dèbit;10/10/2025;octubre;2025;0.0;13.07;Càrrec;menjar;Novavenda;;False
5619;BBVA;Dèbit;12/10/2025;octubre;2025;0.0;15.54;Càrrec;menjar;Dia;;False
5622;BBVA;Dèbit;13/10/2025;octubre;2025;0.0;24.9;Càrrec;menjar;LIDL;;False
5624;BBVA;Dèbit;13/10/2025;octubre;2025;0.0;43.4;Càrrec;gasolina;GasolinaAreaGuissona;;False
5632;BBVA;Dèbit;15/10/2025;octubre;2025;0.0;9.74;Càrrec;menjar;Novavenda;;False
5633;BBVA;Dèbit;15/10/2025;octubre;2025;0.0;3.35;Càrrec;neteja;Novavenda;;False
7073;Efectiu;;26/08/2026;agosto;2026;0.0;19.0;Càrrec;buta;Butà reparto;;False
5593;BBVA;Dèbit;04/10/2025;octubre;2025;0.0;18.3;Càrrec;butà;Butà Gasolinera;;False
5587;BBVA;Dèbit;02/10/2025;octubre;2025;0.0;25.58;Càrrec;farmàcia;Farmàcia;;False
5942;LaCaixa;Compte;23/12/2025;diciembre;2025;119.67;0.0;Ingrés;ingrés_general;Complement Generalitat;;False
6984;TradeRep.;Dèbit;07/08/2026;agosto;2026;0.0;5.9;Càrrec;menjar;Altres menjar;[VACANCES] Fleca La Torre;False
7074;Efectiu;;25/08/2026;agosto;2026;0.0;5.0;Càrrec;personal;Jordi;;False
7075;Efectiu;Efectiu;25/08/2026;agosto;2026;0.0;1.93;Càrrec;menjar;Novavenda;;False
5935;BBVA;Compte;05/01/2026;enero;2026;0.0;200.0;op_banc;op_banc;Traspàs comptes;;False
5941;BBVA;Compte;08/01/2026;enero;2026;0.0;200.0;op_banc;op_banc;Traspàs comptes;;False
5944;LaCaixa;Compte;02/01/2026;enero;2026;0.0;100.0;op_banc;op_banc;Traspàs comptes;;False
5948;TradeRep.;Compte;29/12/2025;diciembre;2025;300.0;0.0;op_banc;op_banc;Traspàs comptes;;False
5955;TradeRep.;Compte;30/12/2025;diciembre;2025;300.0;0.0;op_banc;op_banc;Traspàs comptes;;False
5969;TradeRep.;Compte;02/01/2026;enero;2026;200.0;0.0;op_banc;op_banc;Traspàs comptes;;False
5985;TradeRep.;Compte;08/01/2026;enero;2026;200.0;0.0;op_banc;op_banc;Traspàs comptes;;False
5634;BBVA;Dèbit;16/10/2025;octubre;2025;0.0;2.4;Càrrec;menjar;Pa i pastisseria;;False
5638;BBVA;Dèbit;16/10/2025;octubre;2025;0.0;12.52;Càrrec;menjar;Dia;;False
5640;BBVA;Dèbit;17/10/2025;octubre;2025;0.0;19.19;Càrrec;menjar;AreaGuissona;;False
5614;BBVA;Dèbit;08/10/2025;octubre;2025;0.0;25.0;Càrrec;roba;Sports Arbúcies;Botes trekking Jordi;False
5661;BBVA;Dèbit;24/10/2025;octubre;2025;0.0;15.15;Càrrec;menjar;Novavenda;;False
5662;BBVA;Dèbit;24/10/2025;octubre;2025;0.0;7.65;Càrrec;menjar;Dia;;False
5665;BBVA;Dèbit;25/10/2025;octubre;2025;0.0;23.8;Càrrec;menjar;AreaGuissona;;False
5672;BBVA;Dèbit;26/10/2025;octubre;2025;0.0;15.25;Càrrec;menjar;Dia;;False
5673;BBVA;Dèbit;26/10/2025;octubre;2025;0.0;1.4;Càrrec;neteja;Dia;;False
5674;BBVA;Dèbit;27/10/2025;octubre;2025;0.0;34.08;Càrrec;menjar;Novavenda;;False
5675;BBVA;Dèbit;28/10/2025;octubre;2025;0.0;14.5;Càrrec;menjar;AreaGuissona;;False
5680;BBVA;Dèbit;29/10/2025;octubre;2025;0.0;15.04;Càrrec;menjar;Dia;;False
5686;BBVA;Dèbit;30/10/2025;octubre;2025;0.0;20.71;Càrrec;menjar;Novavenda;;False
5687;BBVA;Dèbit;30/10/2025;octubre;2025;0.0;40.5;Càrrec;varis;Perruqueria;Isabel;False
5690;BBVA;Dèbit;18/11/2025;noviembre;2025;0.0;8.18;Càrrec;menjar;Action Girona;;False
5693;BBVA;Dèbit;31/10/2025;octubre;2025;0.0;32.0;Càrrec;menjar;AreaGuissona;;False
5694;BBVA;Dèbit;07/11/2025;noviembre;2025;0.0;23.84;Càrrec;menjar;AreaGuissona;;False
5696;BBVA;Dèbit;02/11/2025;noviembre;2025;0.0;2.1;Càrrec;restaurant;Bar;jubilats;False
5702;BBVA;Dèbit;02/11/2025;noviembre;2025;0.0;13.17;Càrrec;menjar;Dia;;False
5703;BBVA;Dèbit;05/11/2025;noviembre;2025;0.0;16.77;Càrrec;menjar;Dia;;False
5711;BBVA;Dèbit;06/11/2025;noviembre;2025;0.0;16.98;Càrrec;menjar;Dia;;False
5712;BBVA;Dèbit;09/11/2025;noviembre;2025;0.0;18.1;Càrrec;menjar;Dia;;False
5713;BBVA;Dèbit;13/11/2025;noviembre;2025;0.0;14.22;Càrrec;menjar;Dia;;False
5714;BBVA;Dèbit;06/11/2025;noviembre;2025;0.0;1.0;Càrrec;neteja;Dia;;False
5715;BBVA;Dèbit;16/11/2025;noviembre;2025;0.0;19.93;Càrrec;menjar;Dia;;False
5717;BBVA;Dèbit;07/11/2025;noviembre;2025;0.0;1.15;Càrrec;neteja;AreaGuissona;;False
5718;BBVA;Dèbit;08/11/2025;noviembre;2025;0.0;39.9;Càrrec;restaurant;Restaurant;Barc Centre. Fira del flabiol;False
5746;BBVA;Dèbit;03/11/2025;noviembre;2025;0.0;21.4;Càrrec;menjar;Pa i pastisseria;;False
5749;BBVA;Dèbit;13/11/2025;noviembre;2025;0.0;4.8;Càrrec;menjar;Pa i pastisseria;;False
5757;BBVA;Dèbit;18/11/2025;noviembre;2025;0.0;4.76;Càrrec;neteja;Action Girona;;False
5758;BBVA;Dèbit;18/11/2025;noviembre;2025;0.0;3.99;Càrrec;manteniment;Action Girona;Piles Rec. AAA;False
5768;BBVA;Dèbit;20/11/2025;noviembre;2025;0.0;8.09;Càrrec;menjar;Dia;;False
5769;BBVA;Dèbit;20/11/2025;noviembre;2025;0.0;4.8;Càrrec;menjar;Pa i pastisseria;;False
5770;BBVA;Dèbit;21/11/2025;noviembre;2025;0.0;25.0;Càrrec;menjar;AreaGuissona;;False
5841;BBVA;Dèbit;07/12/2025;diciembre;2025;0.0;5.0;Càrrec;varis;Expectacles/Teatre;fira tió;False
5861;BBVA;Dèbit;12/12/2025;diciembre;2025;0.0;10.1;Càrrec;restaurant;Bar;Al Grano .Palamós;False
5862;BBVA;Dèbit;12/12/2025;diciembre;2025;0.0;65.0;Càrrec;restaurant;Restaurant;Can Quel. Palamós;False
5864;BBVA;Dèbit;12/12/2025;diciembre;2025;0.0;8.99;Càrrec;roba;LIDL;samarreta tècnica;False
5849;BBVA;Dèbit;11/12/2025;diciembre;2025;0.0;104.8;Càrrec;roba;Sports Arbúcies;Caçadora Isa, xandall Jordi, sabtilles Enric;False
6005;LaCaixa;Compte;09/01/2026;enero;2026;0.0;100.0;op_banc;op_banc;Traspàs comptes;;False
6015;BBVA;Compte;11/01/2026;enero;2026;0.0;200.0;op_banc;op_banc;Traspàs comptes;;False
6016;TradeRep.;Compte;11/01/2026;enero;2026;200.0;0.0;op_banc;op_banc;Traspàs comptes;;False
6037;TradeRep.;Compte;19/01/2026;enero;2026;100.0;0.0;op_banc;op_banc;Traspàs comptes;;False
6039;BBVA;Compte;19/01/2026;enero;2026;0.0;100.0;op_banc;op_banc;Traspàs comptes;;False
5771;BBVA;Dèbit;22/11/2025;noviembre;2025;0.0;28.9;Càrrec;menjar;BonPreu;;False
5772;BBVA;Dèbit;22/11/2025;noviembre;2025;0.0;10.89;Càrrec;menjar;Dia;;False
5773;BBVA;Dèbit;22/11/2025;noviembre;2025;0.0;3.4;Càrrec;restaurant;Bar;jubilats;False
5775;BBVA;Dèbit;24/11/2025;noviembre;2025;0.0;14.65;Càrrec;menjar;AreaGuissona;;False
5780;BBVA;Dèbit;25/11/2025;noviembre;2025;0.0;15.14;Càrrec;menjar;Dia;;False
5790;BBVA;Dèbit;27/11/2025;noviembre;2025;0.0;37.27;Càrrec;menjar;AreaGuissona;;False
5794;BBVA;Dèbit;28/11/2025;noviembre;2025;0.0;4.4;Càrrec;menjar;Novavenda;;False
5795;BBVA;Dèbit;28/11/2025;noviembre;2025;0.0;21.44;Càrrec;neteja;Clarel;;False
5823;BBVA;Dèbit;03/12/2025;diciembre;2025;0.0;1.49;Càrrec;neteja;Dia;;False
5824;BBVA;Dèbit;04/12/2025;diciembre;2025;0.0;2.4;Càrrec;menjar;Pa i pastisseria;;False
5825;BBVA;Dèbit;04/12/2025;diciembre;2025;0.0;17.7;Càrrec;menjar;Dia;;False
5827;BBVA;Dèbit;05/12/2025;diciembre;2025;0.0;30.94;Càrrec;gasolina;GasolinaAreaGuissona;;False
5828;BBVA;Dèbit;05/12/2025;diciembre;2025;0.0;18.07;Càrrec;menjar;Aldi;;False
5829;BBVA;Dèbit;05/12/2025;diciembre;2025;0.0;2.95;Càrrec;Parallar;Aldi;Flor de pasqua;False
5830;BBVA;Dèbit;05/12/2025;diciembre;2025;0.0;110.4;Càrrec;rebost;Peixeteria;;False
5834;BBVA;Dèbit;06/12/2025;diciembre;2025;0.0;10.26;Càrrec;neteja;Clarel;;False
5837;BBVA;Dèbit;07/12/2025;diciembre;2025;0.0;28.77;Càrrec;menjar;AreaGuissona;;False
5847;BBVA;Dèbit;10/12/2025;diciembre;2025;0.0;12.09;Càrrec;menjar;AreaGuissona;;False
5848;BBVA;Dèbit;11/12/2025;diciembre;2025;0.0;2.4;Càrrec;menjar;Pa i pastisseria;;False
5863;BBVA;Dèbit;12/12/2025;diciembre;2025;0.0;39.17;Càrrec;menjar;LIDL;;False
5869;BBVA;Dèbit;14/12/2025;diciembre;2025;0.0;13.92;Càrrec;menjar;Dia;;False
5870;BBVA;Dèbit;15/12/2025;diciembre;2025;0.0;13.46;Càrrec;neteja;Clarel;;False
5876;BBVA;Dèbit;17/12/2025;diciembre;2025;0.0;19.31;Càrrec;menjar;Novavenda;;False
5877;BBVA;Dèbit;17/12/2025;diciembre;2025;0.0;1.13;Càrrec;neteja;Novavenda;;False
5880;BBVA;Dèbit;18/12/2025;diciembre;2025;0.0;38.55;Càrrec;gasolina;GasolinaAreaGuissona;;False
5883;BBVA;Dèbit;18/12/2025;diciembre;2025;0.0;66.6;Càrrec;restaurant;Restaurant;Tokio Tepanyaki. Girona;False
5884;BBVA;Dèbit;18/12/2025;diciembre;2025;0.0;22.4;Càrrec;restaurant;Restaurant;Cookies Girona;False
5891;BBVA;Dèbit;20/12/2025;diciembre;2025;0.0;34.68;Càrrec;menjar;Can Rinsa;;False
5892;BBVA;Dèbit;19/12/2025;diciembre;2025;0.0;34.07;Càrrec;menjar;BonPreu;;False
5894;BBVA;Dèbit;19/12/2025;diciembre;2025;0.0;19.12;Càrrec;gasolina;GasolinaAreaGuissona;;False
5896;BBVA;Dèbit;20/12/2025;diciembre;2025;0.0;29.08;Càrrec;menjar;AreaGuissona;;False
5897;BBVA;Dèbit;20/12/2025;diciembre;2025;0.0;2.31;Càrrec;menjar;Fruiterra;;False
5899;BBVA;Dèbit;21/12/2025;diciembre;2025;0.0;20.0;Càrrec;gasolina;Gasolina altres;Autopista;False
5900;BBVA;Dèbit;21/12/2025;diciembre;2025;0.0;41.0;Càrrec;restaurant;Restaurant;La buena Pita. La Torre;False
5901;BBVA;Dèbit;22/12/2025;diciembre;2025;0.0;104.34;Càrrec;menjar;Mercadona;;False
5902;BBVA;Dèbit;22/12/2025;diciembre;2025;0.0;5.75;Càrrec;neteja;Mercadona;;False
5987;Efectiu;;20/12/2025;diciembre;2025;0.0;3.99;Càrrec;menjar;Novavenda;;False
6985;TradeRep.;Dèbit;07/08/2026;agosto;2026;0.0;11.99;Càrrec;roba;Decatlon;Banyador Isa;False
7076;TradeRep.;Dèbit;26/08/2026;agosto;2026;0.0;9.25;Càrrec;menjar;Dia;;False
7077;TradeRep.;Dèbit;26/08/2026;agosto;2026;0.0;20.39;Càrrec;menjar;Can Rinsa;;False
7078;LaCaixa;Compte;24/08/2026;agosto;2026;628.8;0.0;Ingrés;ingres_general;Pensió no contributiva;;False
5895;BBVA;Dèbit;19/12/2025;diciembre;2025;0.0;32.45;Càrrec;roba;Sports Arbúcies;Pantaló Berna;False
6986;TradeRep.;Dèbit;07/08/2026;agosto;2026;0.0;17.98;Càrrec;roba;Woman Secret;Bermudes Isa;False
7079;TradeRep.;Dèbit;26/08/2026;agosto;2026;0.0;10.07;Càrrec;menjar;Novavenda;;False
6057;TradeRep.;Compte;24/01/2026;enero;2026;200.0;0.0;op_banc;op_banc;Traspàs comptes;;False
6059;BBVA;Compte;24/01/2026;enero;2026;0.0;200.0;op_banc;op_banc;Traspàs comptes;;False
6069;LaCaixa;Compte;26/01/2026;enero;2026;0.0;50.0;op_banc;op_banc;Traspàs comptes;;False
6081;BBVA;Compte;31/01/2026;enero;2026;0.0;300.0;op_banc;op_banc;Traspàs comptes;;False
6082;TradeRep.;Compte;31/01/2026;enero;2026;300.0;0.0;op_banc;op_banc;Traspàs comptes;;False
6084;LaCaixa;Compte;01/02/2026;febrero;2026;0.0;300.0;op_banc;op_banc;Traspàs comptes;;False
6085;Casa;;01/02/2026;febrero;2026;200.0;0.0;op_banc;op_banc;Traspàs comptes;;False
5903;BBVA;Dèbit;22/12/2025;diciembre;2025;0.0;14.33;Càrrec;menjar;Mas&Mas;;False
5907;BBVA;Dèbit;23/12/2025;diciembre;2025;0.0;7.7;Càrrec;menjar;Pa i pastisseria;;False
5908;BBVA;Dèbit;23/12/2025;diciembre;2025;0.0;13.28;Càrrec;menjar;Dialprix;;False
5909;BBVA;Dèbit;24/12/2025;diciembre;2025;0.0;69.84;Càrrec;menjar;Mamper;;False
5910;BBVA;Dèbit;24/12/2025;diciembre;2025;0.0;1.75;Càrrec;neteja;Mamper;;False
5911;BBVA;Dèbit;24/12/2025;diciembre;2025;0.0;87.2;Càrrec;restaurant;Restaurant;T1. La Torre;False
5915;BBVA;Dèbit;26/12/2025;diciembre;2025;0.0;5.2;Càrrec;menjar;Pa i pastisseria;;False
5916;BBVA;Dèbit;29/12/2025;diciembre;2025;0.0;14.9;Càrrec;menjar;Pa i pastisseria;;False
5918;BBVA;Dèbit;27/12/2025;diciembre;2025;0.0;9.38;Càrrec;menjar;Dialprix;;False
5919;BBVA;Dèbit;27/12/2025;diciembre;2025;0.0;2.35;Càrrec;neteja;Dialprix;;False
5920;BBVA;Dèbit;29/12/2025;diciembre;2025;0.0;26.9;Càrrec;restaurant;Restaurant;Telepizza. Campoamor;False
5921;BBVA;Dèbit;29/12/2025;diciembre;2025;0.0;17.66;Càrrec;menjar;Dialprix;;False
5926;BBVA;Dèbit;30/12/2025;diciembre;2025;0.0;20.02;Càrrec;restaurant;Bar;La Torre;False
5927;BBVA;Dèbit;30/12/2025;diciembre;2025;0.0;53.3;Càrrec;gasolina;Gasolina altres;Alcampo. La Zenia;False
5940;BBVA;Dèbit;08/01/2026;enero;2026;0.0;22.52;Càrrec;menjar;AreaGuissona;;False
5950;TradeRep.;Dèbit;29/12/2025;diciembre;2025;0.0;106.19;Càrrec;roba;Woman Secret;;False
5951;TradeRep.;Dèbit;29/12/2025;diciembre;2025;0.0;15.0;Càrrec;varis;Regal;Colonia Jordi;False
5952;TradeRep.;Dèbit;29/12/2025;diciembre;2025;0.0;16.0;Càrrec;roba;Primark;;False
5954;TradeRep.;Dèbit;30/12/2025;diciembre;2025;0.0;29.8;Càrrec;restaurant;Bar;Xiringuito Mil Palmeras;False
5893;BBVA;Dèbit;20/12/2025;diciembre;2025;0.0;1.92;Càrrec;menjar;Poste Valls.Arbúcies;;False
5960;TradeRep.;Dèbit;30/12/2025;diciembre;2025;0.0;24.99;Càrrec;neteja;Mamper;;False
5961;TradeRep.;Dèbit;30/12/2025;diciembre;2025;0.0;58.5;Càrrec;restaurant;Restaurant;200Gr Cocina Gamberra;False
5962;TradeRep.;Dèbit;31/12/2025;diciembre;2025;0.0;7.2;Càrrec;menjar;Pa i pastisseria;;False
5964;TradeRep.;Dèbit;31/12/2025;diciembre;2025;0.0;40.88;Càrrec;menjar;Dialprix;;False
5965;TradeRep.;Dèbit;02/01/2026;enero;2026;0.0;4.2;Càrrec;menjar;Pa i pastisseria;;False
5970;TradeRep.;Dèbit;02/01/2026;enero;2026;0.0;65.7;Càrrec;restaurant;Restaurant;Asia. Pilar H.;False
5972;TradeRep.;Dèbit;03/01/2026;enero;2026;0.0;8.73;Càrrec;menjar;Dialprix;;False
6094;TradeRep.;Compte;01/02/2026;febrero;2026;0.2;0.0;op_banc;op_banc;Interesos Trade R.;;False
5973;TradeRep.;Dèbit;03/01/2026;enero;2026;0.0;12.15;Càrrec;restaurant;Restaurant;Food Castle. Korma;False
5974;TradeRep.;Dèbit;03/01/2026;enero;2026;0.0;5.0;Càrrec;restaurant;Bar;Futbol;False
5975;TradeRep.;Dèbit;04/01/2026;enero;2026;0.0;26.3;Càrrec;restaurant;Restaurant;Telepizza. Reparto;False
5976;TradeRep.;Dèbit;05/01/2026;enero;2026;0.0;22.98;Càrrec;roba;Woman Secret;;False
5977;TradeRep.;Dèbit;05/01/2026;enero;2026;0.0;53.2;Càrrec;restaurant;Restaurant;Torango. Pilar H.;False
5978;TradeRep.;Dèbit;05/01/2026;enero;2026;0.0;17.0;Càrrec;restaurant;Restaurant;tartas Julita;False
6184;Efectiu;;20/02/2026;febrero;2026;0.0;5.0;Càrrec;personal;Jordi;;False
5971;TradeRep.;Dèbit;03/01/2026;enero;2026;0.0;3.13;Càrrec;farmàcia;Farmàcia;;False
5981;TradeRep.;Dèbit;06/01/2026;enero;2026;0.0;-25.97;Càrrec;roba;Decatlon;devolució;False
5982;TradeRep.;Dèbit;06/01/2026;enero;2026;0.0;-35.98;Càrrec;roba;Woman Secret;devolució;False
5983;TradeRep.;Dèbit;06/01/2026;enero;2026;0.0;53.8;Càrrec;restaurant;Restaurant;Sibaryt. Bexít;False
6128;TradeRep.;Compte;09/02/2026;febrero;2026;100.0;0.0;op_banc;op_banc;Traspàs comptes;;False
6129;BBVA;Compte;09/02/2026;febrero;2026;0.0;100.0;op_banc;op_banc;Traspàs comptes;;False
6147;BBVA;Compte;09/02/2026;febrero;2026;0.0;50.0;op_banc;op_banc;Traspàs comptes;;False
6149;TradeRep.;Compte;11/02/2026;febrero;2026;300.0;0.0;op_banc;op_banc;Traspàs comptes;;False
5979;TradeRep.;Dèbit;05/01/2026;enero;2026;0.0;17.93;Càrrec;restaurant;Restaurant;McDonals;False
5980;TradeRep.;Dèbit;06/01/2026;enero;2026;0.0;39.77;Càrrec;gasolina;Gasolina altres;Autopista;False
5984;TradeRep.;Dèbit;07/01/2026;enero;2026;0.0;17.03;Càrrec;menjar;Dia;;False
5986;TradeRep.;Dèbit;08/01/2026;enero;2026;0.0;4.8;Càrrec;menjar;Pa i pastisseria;;False
6007;TradeRep.;Dèbit;10/01/2026;enero;2026;0.0;51.9;Càrrec;gasolina;GasolinaAreaGuissona;;False
6008;TradeRep.;Dèbit;10/01/2026;enero;2026;0.0;14.55;Càrrec;restaurant;Bar;Cafeteria UniGirona;False
6009;TradeRep.;Dèbit;10/01/2026;enero;2026;0.0;63.0;Càrrec;restaurant;Restaurant;Can Serrallonga.Salt;False
6010;TradeRep.;Dèbit;10/01/2026;enero;2026;0.0;6.99;Càrrec;roba;Woman Secret;;False
6011;TradeRep.;Dèbit;10/01/2026;enero;2026;0.0;42.5;Càrrec;restaurant;Restaurant;Pizzeria Can pep.Salt;False
6025;TradeRep.;Dèbit;13/01/2026;enero;2026;0.0;16.19;Càrrec;menjar;AreaGuissona;;False
6026;TradeRep.;Dèbit;13/01/2026;enero;2026;0.0;6.3;Càrrec;menjar;Mercadona;;False
6027;TradeRep.;Dèbit;15/01/2026;enero;2026;0.0;4.4;Càrrec;menjar;Pa i pastisseria;;False
6028;TradeRep.;Dèbit;16/01/2026;enero;2026;0.0;17.92;Càrrec;menjar;Dia;;False
6029;TradeRep.;Dèbit;16/01/2026;enero;2026;0.0;2.35;Càrrec;neteja;Dia;;False
6030;TradeRep.;Dèbit;15/01/2026;enero;2026;0.0;56.2;Càrrec;restaurant;Restaurant;WOK Platja d'Aro;False
6032;TradeRep.;Dèbit;17/01/2026;enero;2026;0.0;8.45;Càrrec;menjar;Dia;;False
6033;TradeRep.;Dèbit;18/01/2026;enero;2026;0.0;24.06;Càrrec;menjar;Dia;;False
6034;TradeRep.;Dèbit;18/01/2026;enero;2026;0.0;30.71;Càrrec;menjar;AreaGuissona;;False
6035;TradeRep.;Dèbit;18/01/2026;enero;2026;0.0;2.55;Càrrec;neteja;AreaGuissona;;False
6040;BBVA;Dèbit;17/01/2026;enero;2026;0.0;7.08;Càrrec;menjar;Novavenda;;False
6042;TradeRep.;Dèbit;21/01/2026;enero;2026;0.0;4.4;Càrrec;menjar;Pa i pastisseria;;False
6043;TradeRep.;Dèbit;22/01/2026;enero;2026;0.0;24.72;Càrrec;menjar;AreaGuissona;;False
6047;TradeRep.;Dèbit;23/01/2026;enero;2026;0.0;12.93;Càrrec;menjar;Dia;;False
6048;TradeRep.;Dèbit;23/01/2026;enero;2026;0.0;1.65;Càrrec;neteja;Dia;;False
6049;TradeRep.;Dèbit;23/01/2026;enero;2026;0.0;3.4;Càrrec;restaurant;Bar;jubilats;False
6052;TradeRep.;Dèbit;23/01/2026;enero;2026;0.0;6.52;Càrrec;menjar;Novavenda;;False
6053;TradeRep.;Dèbit;24/01/2026;enero;2026;0.0;5.35;Càrrec;menjar;Pa i pastisseria;;False
6054;TradeRep.;Dèbit;24/01/2026;enero;2026;0.0;4.2;Càrrec;menjar;Pa i pastisseria;Pa Marta;False
6056;TradeRep.;Dèbit;24/01/2026;enero;2026;0.0;23.0;Càrrec;menjar;Pa i pastisseria;;False
6058;BBVA;Dèbit;24/01/2026;enero;2026;0.0;35.62;Càrrec;gasolina;GasolinaAreaGuissona;;False
6063;TradeRep.;Dèbit;25/01/2026;enero;2026;0.0;17.52;Càrrec;menjar;Dia;;False
6064;TradeRep.;Dèbit;25/01/2026;enero;2026;0.0;0.0;Càrrec;neteja;Dia;;False
6068;TradeRep.;Dèbit;26/01/2026;enero;2026;0.0;26.06;Càrrec;neteja;Clarel;;False
6071;TradeRep.;Dèbit;27/01/2026;enero;2026;0.0;121.99;Càrrec;menjar;LIDL;;False
6072;TradeRep.;Dèbit;27/01/2026;enero;2026;0.0;2.25;Càrrec;neteja;LIDL;;False
6083;TradeRep.;Dèbit;31/01/2026;enero;2026;0.0;11.43;Càrrec;menjar;Dia;;False
6088;TradeRep.;Dèbit;01/02/2026;febrero;2026;0.0;27.94;Càrrec;menjar;Dia;;False
6089;TradeRep.;Dèbit;01/02/2026;febrero;2026;0.0;2.55;Càrrec;neteja;Dia;;False
6095;TradeRep.;Dèbit;30/01/2026;enero;2026;0.0;3.4;Càrrec;restaurant;Bar;jubilats;False
6096;TradeRep.;Dèbit;29/01/2026;enero;2026;0.0;4.4;Càrrec;menjar;Pa i pastisseria;;False
6038;TradeRep.;Dèbit;16/01/2026;enero;2026;0.0;3.9;Càrrec;restaurant;Bar;Jubilats. Conferència IA;False
6073;TradeRep.;Dèbit;27/01/2026;enero;2026;0.0;19.99;Càrrec;Parallar;LIDL;Eina multifunció;False
6987;LaCaixa;Compte;07/08/2026;agosto;2026;0.0;700.0;op_banc;op_banc;Traspàs comptes;;False
7080;TradeRep.;Dèbit;27/08/2026;agosto;2026;0.0;10.58;Càrrec;menjar;Dia;;False
6141;TradeRep.;Dèbit;09/02/2026;febrero;2026;0.0;15.98;Càrrec;roba;Action Girona;pantaló Isa+ guants;False
6145;TradeRep.;Dèbit;10/02/2026;febrero;2026;0.0;-6.99;Càrrec;roba;Woman Secret;Devolució;False
6156;TradeRep.;Dèbit;12/02/2026;febrero;2026;0.0;-11.99;Càrrec;roba;Action Girona;Devolució Pantaló Isa;False
6988;BBVA;Compte;07/08/2026;agosto;2026;600.0;0.0;op_banc;op_banc;Traspàs comptes;;False
7081;BBVA;Compte;28/08/2026;agosto;2026;0.0;300.0;op_banc;op_banc;Traspàs comptes;;False
6157;LaCaixa;Compte;11/02/2026;febrero;2026;0.0;300.0;op_banc;op_banc;Traspàs comptes;;False
6158;BBVA;Compte;11/02/2026;febrero;2026;300.0;0.0;op_banc;op_banc;Traspàs comptes;;False
6159;BBVA;Compte;11/02/2026;febrero;2026;0.0;300.0;op_banc;op_banc;Traspàs comptes;;False
6161;Casa;;12/02/2026;febrero;2026;0.0;50.0;op_banc;op_banc;Traspàs comptes;;False
6186;Casa;;19/02/2026;febrero;2026;0.0;50.0;op_banc;op_banc;Traspàs comptes;;False
6191;TradeRep.;Compte;25/02/2026;febrero;2026;300.0;0.0;op_banc;op_banc;Traspàs comptes;;False
6199;BBVA;Compte;23/02/2026;febrero;2026;200.0;0.0;op_banc;op_banc;Traspàs comptes;;False
6206;BBVA;Compte;25/02/2026;febrero;2026;0.0;300.0;op_banc;op_banc;Traspàs comptes;;False
6117;TradeRep.;Dèbit;03/02/2026;febrero;2026;0.0;33.73;Càrrec;gasolina;GasolinaAreaGuissona;;False
6118;TradeRep.;Dèbit;05/02/2026;febrero;2026;0.0;4.4;Càrrec;menjar;Pa i pastisseria;;False
6119;TradeRep.;Dèbit;05/02/2026;febrero;2026;0.0;13.17;Càrrec;menjar;Dia;;False
6122;TradeRep.;Dèbit;06/02/2026;febrero;2026;0.0;13.73;Càrrec;menjar;Novavenda;;False
6123;TradeRep.;Dèbit;07/02/2026;febrero;2026;0.0;14.37;Càrrec;menjar;Dia;;False
6126;TradeRep.;Dèbit;08/02/2026;febrero;2026;0.0;18.37;Càrrec;menjar;AreaGuissona;;False
6127;TradeRep.;Dèbit;09/02/2026;febrero;2026;0.0;4.0;Càrrec;Parallar;Altres mobles;Arxivador Tiger;False
6130;TradeRep.;Dèbit;09/02/2026;febrero;2026;0.0;16.0;Càrrec;menjar;Pa i pastisseria;;False
6131;TradeRep.;Dèbit;09/02/2026;febrero;2026;0.0;6.6;Càrrec;menjar;Normal;;False
6132;TradeRep.;Dèbit;09/02/2026;febrero;2026;0.0;22.2;Càrrec;neteja;Normal;;False
6133;TradeRep.;Dèbit;09/02/2026;febrero;2026;0.0;5.25;Càrrec;varis;Parking;Girona;False
6134;TradeRep.;Dèbit;09/02/2026;febrero;2026;0.0;58.6;Càrrec;restaurant;Restaurant;Can Sabata. Girona;False
6135;TradeRep.;Dèbit;09/02/2026;febrero;2026;0.0;4.48;Càrrec;Parallar;IKEA mobles;;False
6136;TradeRep.;Dèbit;09/02/2026;febrero;2026;0.0;22.48;Càrrec;manteniment;LeroyMerlin;Cable 3x6mm+endoll;False
6137;TradeRep.;Dèbit;09/02/2026;febrero;2026;0.0;9.07;Càrrec;menjar;Mercadona;;False
6138;TradeRep.;Dèbit;09/02/2026;febrero;2026;0.0;12.52;Càrrec;menjar;Action Girona;;False
6139;TradeRep.;Dèbit;09/02/2026;febrero;2026;0.0;4.18;Càrrec;neteja;Action Girona;;False
6140;TradeRep.;Dèbit;09/02/2026;febrero;2026;0.0;7.98;Càrrec;manteniment;Action Girona;recanvi multieina;False
6146;TradeRep.;Dèbit;10/02/2026;febrero;2026;0.0;5.37;Càrrec;manteniment;Xino Sta.Coloma;Canaleta+ base (2);False
6148;TradeRep.;Dèbit;11/02/2026;febrero;2026;0.0;7.2;Càrrec;menjar;Peixeteria;;False
6150;TradeRep.;Dèbit;11/02/2026;febrero;2026;0.0;35.83;Càrrec;gasolina;GasolinaAreaGuissona;;False
6151;TradeRep.;Dèbit;12/02/2026;febrero;2026;0.0;4.4;Càrrec;menjar;Pa i pastisseria;;False
6153;TradeRep.;Dèbit;12/02/2026;febrero;2026;0.0;23.94;Càrrec;menjar;Pa i pastisseria;;False
6154;TradeRep.;Dèbit;12/02/2026;febrero;2026;0.0;54.7;Càrrec;restaurant;Restaurant;Xino. DELISHI. Vic;False
6155;TradeRep.;Dèbit;12/02/2026;febrero;2026;0.0;18.13;Càrrec;menjar;Novavenda;;False
6164;TradeRep.;Dèbit;13/02/2026;febrero;2026;0.0;3.4;Càrrec;restaurant;Bar;jubilats;False
6165;TradeRep.;Dèbit;14/02/2026;febrero;2026;0.0;17.9;Càrrec;menjar;Xarcut. La taverna;;False
6166;TradeRep.;Dèbit;14/02/2026;febrero;2026;0.0;13.4;Càrrec;menjar;AreaGuissona;;False
6167;TradeRep.;Dèbit;14/02/2026;febrero;2026;0.0;5.07;Càrrec;menjar;Dia;;False
6168;TradeRep.;Dèbit;16/02/2026;febrero;2026;0.0;40.5;Càrrec;restaurant;Restaurant;Can Moni;False
6226;BBVA;Compte;02/03/2026;marzo;2026;0.0;74.45;op_banc;op_banc;Pago ElCorteInglés;;False
6216;LaCaixa;Compte;24/02/2026;febrero;2026;628.8;0.0;Ingrés;ingrés_general;Pensió no contributiva;;False
6183;BBVA;Dèbit;19/02/2026;febrero;2026;0.0;8.99;Càrrec;roba;LIDL;Pantaló Isa Esport;False
6989;BBVA;Compte;07/08/2026;agosto;2026;0.0;600.0;op_banc;op_banc;Traspàs comptes;;False
6990;TradeRep.;Compte;07/08/2026;agosto;2026;600.0;0.0;op_banc;op_banc;Traspàs comptes;;False
7082;TradeRep.;Compte;28/08/2026;agosto;2026;300.0;0.0;op_banc;op_banc;Traspàs comptes;;False
6214;LaCaixa;Compte;21/02/2026;febrero;2026;0.0;200.0;op_banc;op_banc;Traspàs comptes;;False
6218;Casa;;27/02/2026;febrero;2026;0.0;50.0;op_banc;op_banc;Traspàs comptes;;False
6236;LaCaixa;Compte;02/03/2026;marzo;2026;0.0;250.0;op_banc;op_banc;Traspàs comptes;;False
6237;Casa;;02/03/2026;marzo;2026;150.0;0.0;op_banc;op_banc;Traspàs comptes;;False
6229;TradeRep.;Compte;02/03/2026;marzo;2026;0.23;0.0;op_banc;op_banc;Interesos Trade R.;;False
6265;Casa;;08/03/2026;marzo;2026;0.0;50.0;op_banc;op_banc;Traspàs comptes;;False
6169;TradeRep.;Dèbit;15/02/2026;febrero;2026;0.0;126.1;Càrrec;restaurant;Restaurant;Casa Oms. Palafolls;False
6170;BBVA;Dèbit;16/02/2026;febrero;2026;0.0;9.76;Càrrec;varis;Autopista;Terrassa. Acumulador;False
6174;TradeRep.;Dèbit;17/02/2026;febrero;2026;0.0;5.43;Càrrec;manteniment;Bauhaus;Canaleta;False
6175;BBVA;Dèbit;17/02/2026;febrero;2026;0.0;46.63;Càrrec;gasolina;GasolinaAreaGuissona;;False
6176;BBVA;Dèbit;17/02/2026;febrero;2026;0.0;17.5;Càrrec;menjar;Mercadona;;False
6177;BBVA;Dèbit;17/02/2026;febrero;2026;0.0;23.8;Càrrec;neteja;Mercadona;;False
6178;TradeRep.;Dèbit;18/02/2026;febrero;2026;0.0;10.83;Càrrec;menjar;AreaGuissona;;False
6181;BBVA;Dèbit;19/02/2026;febrero;2026;0.0;4.67;Càrrec;menjar;LIDL;;False
6182;BBVA;Dèbit;19/02/2026;febrero;2026;0.0;0.99;Càrrec;neteja;LIDL;;False
6187;BBVA;Dèbit;20/02/2026;febrero;2026;0.0;17.07;Càrrec;menjar;AreaGuissona;;False
6189;TradeRep.;Dèbit;19/02/2026;febrero;2026;0.0;4.4;Càrrec;menjar;Pa i pastisseria;;False
6190;TradeRep.;Dèbit;25/02/2026;febrero;2026;0.0;3.8;Càrrec;restaurant;Bar;Santa Caterina;False
6192;TradeRep.;Dèbit;25/02/2026;febrero;2026;0.0;1.25;Càrrec;varis;Parking;Santa Caterina;False
6193;TradeRep.;Dèbit;26/02/2026;febrero;2026;0.0;4.4;Càrrec;menjar;Pa i pastisseria;;False
6194;TradeRep.;Dèbit;26/02/2026;febrero;2026;0.0;27.12;Càrrec;menjar;Dia;;False
6195;TradeRep.;Dèbit;26/02/2026;febrero;2026;0.0;13.11;Càrrec;menjar;Novavenda;;False
6196;TradeRep.;Dèbit;26/02/2026;febrero;2026;0.0;3.49;Càrrec;neteja;Novavenda;;False
6197;TradeRep.;Dèbit;26/02/2026;febrero;2026;0.0;6.9;Càrrec;menjar;Fruiteria Deepak;;False
6198;BBVA;Dèbit;20/02/2026;febrero;2026;0.0;13.56;Càrrec;menjar;Novavenda;;False
6253;BBVA;Compte;05/03/2026;marzo;2026;0.0;159.02;op_banc;op_banc;Pago VISA;;False
6200;BBVA;Dèbit;21/02/2026;febrero;2026;0.0;9.84;Càrrec;menjar;Dia;;False
6201;BBVA;Dèbit;22/02/2026;febrero;2026;0.0;44.88;Càrrec;menjar;BonPreu;;False
6202;BBVA;Dèbit;23/02/2026;febrero;2026;0.0;4.0;Càrrec;menjar;Pa i pastisseria;;False
6203;BBVA;Dèbit;23/02/2026;febrero;2026;0.0;19.18;Càrrec;menjar;AreaGuissona;;False
6219;TradeRep.;Dèbit;27/02/2026;febrero;2026;0.0;15.96;Càrrec;menjar;Dia;;False
6238;TradeRep.;Dèbit;02/03/2026;marzo;2026;0.0;16.69;Càrrec;menjar;Dia;;False
6241;TradeRep.;Dèbit;03/03/2026;marzo;2026;0.0;17.62;Càrrec;menjar;AreaGuissona;;False
6242;TradeRep.;Dèbit;03/03/2026;marzo;2026;0.0;0.95;Càrrec;neteja;AreaGuissona;;False
6245;TradeRep.;Dèbit;03/03/2026;marzo;2026;0.0;46.74;Càrrec;gasolina;GasolinaAreaGuissona;;False
6246;TradeRep.;Dèbit;04/03/2026;marzo;2026;0.0;12.06;Càrrec;menjar;Novavenda;;False
6247;TradeRep.;Dèbit;05/03/2026;marzo;2026;0.0;4.4;Càrrec;menjar;Pa i pastisseria;;False
6223;BBVA;Dèbit;28/02/2026;febrero;2026;0.0;16.16;Càrrec;menjar;Plaça;;False
6248;TradeRep.;Dèbit;05/03/2026;marzo;2026;0.0;44.95;Càrrec;roba;Sports Arbúcies;Botes sport Isa;False
6257;TradeRep.;Dèbit;07/03/2026;marzo;2026;0.0;22.01;Càrrec;menjar;LIDL;;False
6258;BBVA;Dèbit;06/03/2026;marzo;2026;0.0;80.4;Càrrec;restaurant;Restaurant;Local Social Campllong;False
6259;BBVA;Dèbit;07/03/2026;marzo;2026;0.0;30.85;Càrrec;gasolina;GasolinaAreaGuissona;;False
6260;BBVA;Dèbit;08/03/2026;marzo;2026;0.0;19.21;Càrrec;menjar;AreaGuissona;;False
6261;BBVA;Dèbit;08/03/2026;marzo;2026;0.0;9.27;Càrrec;menjar;Dia;;False
6276;BBVA;Compte;28/02/2026;febrero;2026;100.0;0.0;Ingrés;ingrés_general;Hisenda 100;;False
6301;TradeRep.;Dèbit;17/03/2026;marzo;2026;0.0;6.36;Càrrec;manteniment;LeroyMerlin;perfils làmina calefac.;False
6991;TradeRep.;Dèbit;07/08/2026;agosto;2026;0.0;12.91;Càrrec;menjar;Mercadona;[VACANCES];False
7083;TradeRep.;Dèbit;28/08/2026;agosto;2026;0.0;6.0;Càrrec;restaurant;Bar;Tramuntana ;False
6271;BBVA;Compte;10/03/2026;marzo;2026;300.0;0.0;op_banc;op_banc;Traspàs comptes;;False
6272;BBVA;Compte;10/03/2026;marzo;2026;0.0;300.0;op_banc;op_banc;Traspàs comptes;;False
6273;TradeRep.;Compte;10/03/2026;marzo;2026;300.0;0.0;op_banc;op_banc;Traspàs comptes;;False
6318;LaCaixa;Compte;18/03/2026;enero;2026;0.0;400.0;op_banc;op_banc;Traspàs comptes;;False
6275;LaCaixa;Compte;10/03/2026;marzo;2026;0.0;300.0;op_banc;op_banc;Traspàs comptes;;False
6285;BBVA;Compte;19/03/2026;marzo;2026;0.0;20.0;op_banc;op_banc;Traspàs comptes;Targeta Moneder;False
6286;T.Moneder;Compte;19/03/2026;marzo;2026;20.0;0.0;op_banc;op_banc;Traspàs comptes;;False
6297;TradeRep.;Compte;17/03/2026;marzo;2026;300.0;0.0;op_banc;op_banc;Traspàs comptes;;False
6322;Casa;;22/03/2026;marzo;2026;0.0;100.0;op_banc;op_banc;Traspàs comptes;;False
6266;BBVA;Dèbit;09/03/2026;marzo;2026;0.0;21.95;Càrrec;menjar;AreaGuissona;;False
6267;BBVA;Dèbit;09/03/2026;marzo;2026;0.0;1.09;Càrrec;neteja;AreaGuissona;;False
6268;BBVA;Dèbit;09/03/2026;marzo;2026;0.0;11.53;Càrrec;menjar;Novavenda;;False
6277;TradeRep.;Dèbit;11/03/2026;marzo;2026;0.0;25.08;Càrrec;neteja;Clarel;;False
6278;TradeRep.;Dèbit;12/03/2026;marzo;2026;0.0;4.4;Càrrec;menjar;Pa i pastisseria;;False
6279;TradeRep.;Dèbit;12/03/2026;marzo;2026;0.0;5.06;Càrrec;menjar;Dia;;False
6280;TradeRep.;Dèbit;12/03/2026;marzo;2026;0.0;18.44;Càrrec;menjar;Dia;;False
6288;BBVA;Dèbit;16/03/2026;marzo;2026;0.0;4.1;Càrrec;menjar;Pa i pastisseria;;False
6289;TradeRep.;Dèbit;14/03/2026;marzo;2026;0.0;37.4;Càrrec;menjar;AreaGuissona;;False
6290;TradeRep.;Dèbit;15/03/2026;marzo;2026;0.0;15.5;Càrrec;menjar;Dia;;False
6291;TradeRep.;Dèbit;15/03/2026;marzo;2026;0.0;36.99;Càrrec;rebost;Fruiteria Bayes;;False
6292;TradeRep.;Dèbit;15/03/2026;marzo;2026;0.0;6.93;Càrrec;menjar;Dia;;False
6293;TradeRep.;Dèbit;15/03/2026;marzo;2026;0.0;21.4;Càrrec;varis;Parking;Barcelona;False
6294;TradeRep.;Dèbit;15/03/2026;marzo;2026;0.0;46.5;Càrrec;restaurant;Restaurant;Sehari. BCN;False
6295;TradeRep.;Dèbit;15/03/2026;marzo;2026;0.0;22.65;Càrrec;restaurant;Bar;xocolateria Petrixol;False
6296;TradeRep.;Dèbit;17/03/2026;marzo;2026;0.0;10.23;Càrrec;menjar;AreaGuissona;;False
6298;TradeRep.;Dèbit;17/03/2026;marzo;2026;0.0;39.07;Càrrec;menjar;Mercadona;;False
6299;TradeRep.;Dèbit;17/03/2026;marzo;2026;0.0;1.2;Càrrec;neteja;Mercadona;;False
6300;TradeRep.;Dèbit;17/03/2026;marzo;2026;0.0;35.58;Càrrec;gasolina;GasolinaAreaGuissona;;False
6302;TradeRep.;Dèbit;19/03/2026;marzo;2026;0.0;4.4;Càrrec;menjar;Pa i pastisseria;;False
6303;TradeRep.;Dèbit;19/03/2026;marzo;2026;0.0;18.68;Càrrec;menjar;Fruiteria Bayes;;False
6304;TradeRep.;Dèbit;19/03/2026;marzo;2026;0.0;14.17;Càrrec;menjar;Dia;;False
6305;TradeRep.;Dèbit;20/03/2026;marzo;2026;0.0;2.1;Càrrec;menjar;Pa i pastisseria;;False
6320;TradeRep.;Dèbit;21/03/2026;marzo;2026;0.0;15.3;Càrrec;roba;Altre roba;Samarretes Lewis La Roca;False
6321;TradeRep.;Dèbit;20/03/2026;marzo;2026;0.0;65.55;Càrrec;restaurant;Restaurant;Pizza Montsoriu;False
6326;TradeRep.;Dèbit;21/03/2026;marzo;2026;0.0;42.11;Càrrec;menjar;Can Rinsa;;False
6327;TradeRep.;Dèbit;21/03/2026;marzo;2026;0.0;21.98;Càrrec;menjar;Dia;;False
6337;TradeRep.;Dèbit;22/03/2026;marzo;2026;0.0;19.3;Càrrec;restaurant;Bar;Vermut Can Torres;False
6992;TradeRep.;Dèbit;07/08/2026;agosto;2026;0.0;26.0;Càrrec;restaurant;Restaurant;Hamburguesa Castillo ;False
7084;TradeRep.;Dèbit;28/08/2026;agosto;2026;0.0;5.85;Càrrec;restaurant;Bar;La Fleca. Diversiones;False
6332;BBVA;Compte;24/03/2026;marzo;2026;0.0;200.0;op_banc;op_banc;Traspàs comptes;;False
6333;TradeRep.;Compte;24/03/2026;marzo;2026;200.0;0.0;op_banc;op_banc;Traspàs comptes;;False
6351;BBVA;Compte;27/03/2026;marzo;2026;0.0;1500.0;op_banc;op_banc;Traspàs comptes;;False
6352;TradeRep.;Compte;27/03/2026;marzo;2026;1500.0;0.0;op_banc;op_banc;Traspàs comptes;;False
6354;LaCaixa;Compte;27/03/2026;marzo;2026;0.0;100.0;op_banc;op_banc;Traspàs comptes;;False
6365;TradeRep.;Compte;30/03/2026;marzo;2026;0.0;800.0;op_banc;op_banc;Traspàs comptes;;False
6366;BBVA;Compte;30/03/2026;marzo;2026;800.0;0.0;op_banc;op_banc;Traspàs comptes;;False
6369;Casa;;31/03/2026;marzo;2026;80.0;0.0;op_banc;op_banc;Traspàs comptes;;False
6370;BBVA;Compte;28/03/2026;marzo;2026;0.0;20.0;op_banc;op_banc;Traspàs comptes;;False
6383;TradeRep.;Compte;01/04/2026;abril;2026;0.0;300.0;op_banc;op_banc;Traspàs comptes;;False
6384;BBVA;Compte;01/04/2026;abril;2026;300.0;0.0;op_banc;op_banc;Traspàs comptes;;False
6338;TradeRep.;Dèbit;24/03/2026;marzo;2026;0.0;21.38;Càrrec;restaurant;Restaurant;McDonald's BCN;False
6339;TradeRep.;Dèbit;24/03/2026;marzo;2026;0.0;19.75;Càrrec;menjar;LIDL;;False
6340;TradeRep.;Dèbit;24/03/2026;marzo;2026;0.0;4.99;Càrrec;roba;LIDL;malles Isa;False
6341;TradeRep.;Dèbit;25/03/2026;marzo;2026;0.0;11.85;Càrrec;neteja;Clarel;;False
6342;TradeRep.;Dèbit;25/03/2026;marzo;2026;0.0;14.7;Càrrec;menjar;AreaGuissona;;False
6348;TradeRep.;Dèbit;26/03/2026;marzo;2026;0.0;4.4;Càrrec;menjar;Pa i pastisseria;;False
6349;TradeRep.;Dèbit;26/03/2026;marzo;2026;0.0;11.3;Càrrec;menjar;Novavenda;;False
6350;TradeRep.;Dèbit;26/03/2026;marzo;2026;0.0;20.66;Càrrec;gasolina;GasolinaAreaGuissona;;False
6355;TradeRep.;Dèbit;27/03/2026;marzo;2026;0.0;30.5;Càrrec;menjar;AreaGuissona;;False
6360;TradeRep.;Dèbit;28/03/2026;marzo;2026;0.0;18.22;Càrrec;menjar;Dia;;False
6361;TradeRep.;Dèbit;28/03/2026;marzo;2026;0.0;1.15;Càrrec;neteja;Dia;;False
6371;TradeRep.;Dèbit;30/03/2026;marzo;2026;0.0;14.76;Càrrec;menjar;AreaGuissona;;False
6372;TradeRep.;Dèbit;30/03/2026;marzo;2026;0.0;7.23;Càrrec;menjar;AreaGuissona;;False
6373;TradeRep.;Dèbit;31/03/2026;marzo;2026;0.0;14.3;Càrrec;menjar;Dia;;False
6374;TradeRep.;Dèbit;31/03/2026;marzo;2026;0.0;2.07;Càrrec;manteniment;Xino Sta.Coloma;caixes interruptor;False
6381;TradeRep.;Dèbit;01/04/2026;abril;2026;0.0;25.83;Càrrec;menjar;AreaGuissona;;False
6382;TradeRep.;Dèbit;01/04/2026;abril;2026;0.0;16.64;Càrrec;menjar;Novavenda;;False
6394;TradeRep.;Dèbit;02/04/2026;abril;2026;0.0;4.4;Càrrec;menjar;Pa i pastisseria;;False
6395;TradeRep.;Dèbit;02/04/2026;abril;2026;0.0;4.4;Càrrec;varis;Parking;Girona.Generalitat;False
6396;TradeRep.;Dèbit;02/04/2026;abril;2026;0.0;7.8;Càrrec;menjar;Action Girona;;False
6379;TradeRep.;Compte;01/04/2026;abril;2026;0.01;0.0;op_banc;op_banc;TR Cashback;;False
6380;TradeRep.;Compte;01/04/2026;abril;2026;0.49;0.0;op_banc;op_banc;Interesos Trade R.;;False
6397;TradeRep.;Dèbit;02/04/2026;abril;2026;0.0;11.43;Càrrec;menjar;Mercadona;;False
6398;TradeRep.;Dèbit;02/04/2026;abril;2026;0.0;4.75;Càrrec;neteja;Mercadona;;False
6385;BBVA;Compte;02/04/2026;abril;2026;0.0;257.86;op_banc;op_banc;Pago VISA;;False
182;BBVA;Compte;04/06/2021;junio;2021;0.0;68.03;Càrrec;despesa_general;Masmòvil;;False
6404;TR Cartera;Compte;02/04/2026;abril;2026;25.0;0.0;op_banc;op_banc;Accions S&P500;;False
6401;TR Cartera;Compte;02/04/2026;abril;2026;7.57;0.0;op_banc;op_banc;TR Cashback;;False
6405;TR Cartera;Compte;02/04/2026;abril;2026;25.0;0.0;op_banc;op_banc;Accions NVIDIA;;False
6420;TR Cartera;Compte;02/03/2026;marzo;2026;25.0;0.0;op_banc;op_banc;Accions S&P500;;False
6421;TR Cartera;Compte;02/04/2026;abril;2026;25.0;0.0;op_banc;op_banc;Accions NVIDIA;;False
6419;TradeRep.;Dèbit;02/04/2026;abril;2026;0.0;22.0;Càrrec;Parallar;Altres mobles;ratolí Jordi;False
6433;TradeRep.;Dèbit;08/04/2026;abril;2026;0.0;6.75;Càrrec;restaurant;Bar;Arbreda. Palamós;False
6993;TradeRep.;Dèbit;08/08/2026;agosto;2026;0.0;226.51;Càrrec;manteniment;Aurgi;Revisió 33009 km Tivoli;False
7085;BBVA;Compte;30/08/2026;agosto;2026;0.0;60.0;op_banc;op_banc;Traspàs comptes;;False
7086;Efectiu;;01/09/2026;septiembre;2026;0.0;55.0;Càrrec;despesa_general;Lloguer Parking;;False
6387;BBVA;Compte;06/04/2026;abril;2026;250.0;0.0;op_banc;op_banc;Traspàs comptes;;False
6388;BBVA;Compte;06/04/2026;abril;2026;0.0;250.0;op_banc;op_banc;Traspàs comptes;;False
6391;LaCaixa;Compte;01/04/2026;abril;2026;0.0;100.0;op_banc;op_banc;Traspàs comptes;;False
6392;LaCaixa;Compte;06/04/2026;abril;2026;0.0;300.0;op_banc;op_banc;Traspàs comptes;;False
6418;TradeRep.;Compte;06/04/2026;abril;2026;250.0;0.0;op_banc;op_banc;Traspàs comptes;;False
6400;TradeRep.;Dèbit;02/04/2026;abril;2026;0.0;51.0;Càrrec;restaurant;Restaurant;Altamira.Girona;False
6406;TradeRep.;Dèbit;02/04/2026;abril;2026;0.0;60.15;Càrrec;roba;Primark;roba Jordi;False
6407;TradeRep.;Dèbit;03/04/2026;abril;2026;0.0;7.25;Càrrec;menjar;Dia;;False
6409;TradeRep.;Dèbit;04/04/2026;abril;2026;0.0;61.0;Càrrec;restaurant;Restaurant;Fira medieval Hostalric (Pizza+bocata);False
6410;TradeRep.;Dèbit;03/04/2026;abril;2026;0.0;17.0;Càrrec;varis;Fira;;False
6328;BBVA;Dèbit;22/03/2026;marzo;2026;0.0;9.95;Càrrec;roba;Sports Arbúcies;;False
6415;TradeRep.;Dèbit;06/04/2026;abril;2026;0.0;8.64;Càrrec;menjar;Dia;;False
6425;TradeRep.;Dèbit;06/04/2026;abril;2026;0.0;4.58;Càrrec;menjar;Altres menjar;;False
6426;TradeRep.;Dèbit;07/04/2026;abril;2026;0.0;11.68;Càrrec;varis;Transport;Correus. Ulleres EXV;False
6427;TradeRep.;Dèbit;07/04/2026;abril;2026;0.0;2.78;Càrrec;neteja;Action Girona;;False
6428;TradeRep.;Dèbit;07/04/2026;abril;2026;0.0;2.77;Càrrec;manteniment;Action Girona;varis;False
6429;TradeRep.;Dèbit;08/04/2026;abril;2026;0.0;3.95;Càrrec;manteniment;Xino Sta.Coloma;;False
6436;TradeRep.;Dèbit;09/04/2026;abril;2026;0.0;18.37;Càrrec;menjar;AreaGuissona;;False
6438;TradeRep.;Dèbit;09/04/2026;abril;2026;0.0;1.49;Càrrec;menjar;Altres menjar;;False
6439;TradeRep.;Dèbit;10/04/2026;abril;2026;0.0;17.76;Càrrec;manteniment;LeroyMerlin;diferencial;False
6440;TradeRep.;Dèbit;10/04/2026;abril;2026;0.0;62.44;Càrrec;menjar;Mercadona;;False
6441;TradeRep.;Dèbit;10/04/2026;abril;2026;0.0;14.65;Càrrec;neteja;Mercadona;;False
6442;TradeRep.;Dèbit;12/04/2026;abril;2026;0.0;23.68;Càrrec;menjar;Dia;;False
6443;TradeRep.;Dèbit;12/04/2026;abril;2026;0.0;9.56;Càrrec;menjar;Novavenda;;False
6446;TradeRep.;Dèbit;13/04/2026;abril;2026;0.0;4.4;Càrrec;menjar;Pa i pastisseria;;False
6457;TradeRep.;Dèbit;13/04/2026;abril;2026;0.0;19.91;Càrrec;menjar;Novavenda;;False
6458;TradeRep.;Dèbit;13/04/2026;abril;2026;0.0;2.95;Càrrec;neteja;Novavenda;;False
6468;TradeRep.;Dèbit;15/04/2026;abril;2026;0.0;26.4;Càrrec;menjar;Novavenda;;False
6469;TradeRep.;Dèbit;15/04/2026;abril;2026;0.0;3.4;Càrrec;restaurant;Bar;jubilats;False
6470;TradeRep.;Dèbit;20/04/2026;abril;2026;0.0;1.2;Càrrec;menjar;Pa i pastisseria;;False
6471;TradeRep.;Dèbit;16/04/2026;abril;2026;0.0;4.4;Càrrec;menjar;Pa i pastisseria;;False
6472;TradeRep.;Dèbit;16/04/2026;abril;2026;0.0;42.41;Càrrec;gasolina;GasolinaAreaGuissona;;False
6491;BBVA;Compte;23/04/2026;abril;2026;100.0;0.0;op_banc;ingrés_general;Hisenda 100;;False
6477;Efectiu;;16/04/2026;abril;2026;365.0;0.0;Ingrés;ingrés_extra;Feina Horeca;estovalles xarrup;False
6474;TradeRep.;Dèbit;17/04/2026;abril;2026;0.0;30.0;Càrrec;roba;Sports Arbúcies;jaqueta Jordi + pantaló Isa;False
6437;TradeRep.;Dèbit;09/04/2026;abril;2026;0.0;20.0;Càrrec;roba;Sports Arbúcies;pantaló curt+desuadera;False
6994;TradeRep.;Dèbit;08/08/2026;agosto;2026;0.0;49.98;Càrrec;roba;Altre roba;Springfield ;False
7087;TradeRep.;Dèbit;28/08/2026;agosto;2026;0.0;22.0;Càrrec;restaurant;Restaurant;Pizza Diversiones;False
7088;TradeRep.;Dèbit;30/08/2026;agosto;2026;0.0;19.9;Càrrec;restaurant;Restaurant;Pollastres BonPreu;False
6451;Casa;;08/04/2026;abril;2026;0.0;80.0;op_banc;op_banc;Traspàs comptes;;False
6456;LaCaixa;Compte;14/04/2026;abril;2026;0.0;200.0;op_banc;op_banc;Traspàs comptes;;False
6461;BBVA;Compte;16/04/2026;abril;2026;100.0;0.0;op_banc;op_banc;Traspàs comptes;;False
6462;BBVA;Compte;16/04/2026;abril;2026;0.0;100.0;op_banc;op_banc;Traspàs comptes;;False
6463;BBVA;Compte;16/04/2026;abril;2026;50.0;0.0;op_banc;op_banc;Traspàs comptes;Bizum Laura. Dinar Far;False
6464;BBVA;Compte;20/04/2026;abril;2026;0.0;50.0;op_banc;op_banc;Traspàs comptes;;False
6467;TradeRep.;Compte;14/04/2026;abril;2026;100.0;0.0;op_banc;op_banc;Traspàs comptes;;False
6476;TradeRep.;Compte;19/04/2026;abril;2026;50.0;0.0;op_banc;op_banc;Traspàs comptes;;False
6490;Casa;;20/04/2026;abril;2026;110.0;0.0;op_banc;op_banc;Traspàs comptes;;False
6473;TradeRep.;Dèbit;17/04/2026;abril;2026;0.0;8.95;Càrrec;menjar;AreaGuissona;;False
6475;TradeRep.;Dèbit;18/04/2026;abril;2026;0.0;9.42;Càrrec;menjar;Dia;;False
6493;BBVA;Dèbit;23/04/2026;abril;2026;0.0;26.15;Càrrec;varis;Parking;BCN. St. Jordi;False
6497;TradeRep.;Dèbit;21/04/2026;abril;2026;0.0;23.8;Càrrec;menjar;LIDL;;False
6498;TradeRep.;Dèbit;22/04/2026;abril;2026;0.0;1.0;Càrrec;menjar;Pa i pastisseria;;False
6499;TradeRep.;Dèbit;23/04/2026;abril;2026;0.0;4.4;Càrrec;menjar;Pa i pastisseria;;False
6500;TradeRep.;Dèbit;23/04/2026;abril;2026;0.0;11.0;Càrrec;restaurant;Restaurant;IKEA;False
6503;TradeRep.;Dèbit;22/04/2026;abril;2026;0.0;20.81;Càrrec;neteja;Clarel;;False
6508;TradeRep.;Dèbit;27/04/2026;abril;2026;0.0;27.91;Càrrec;menjar;Mercadona;;False
6509;TradeRep.;Dèbit;27/04/2026;abril;2026;0.0;5.1;Càrrec;rebost;Mercadona;;False
6510;TradeRep.;Dèbit;29/04/2026;abril;2026;0.0;13.68;Càrrec;menjar;AreaGuissona;;False
6511;TradeRep.;Dèbit;29/04/2026;abril;2026;0.0;0.99;Càrrec;neteja;AreaGuissona;;False
6512;TradeRep.;Dèbit;30/04/2026;abril;2026;0.0;4.4;Càrrec;menjar;Pa i pastisseria;;False
6513;BBVA;Dèbit;24/04/2026;abril;2026;0.0;18.53;Càrrec;menjar;Dia;;False
6514;BBVA;Dèbit;24/04/2026;abril;2026;0.0;1.0;Càrrec;neteja;Dia;;False
6515;BBVA;Dèbit;25/04/2026;abril;2026;0.0;24.3;Càrrec;menjar;AreaGuissona;;False
6516;BBVA;Dèbit;25/04/2026;abril;2026;0.0;10.75;Càrrec;menjar;Dia;;False
6529;TradeRep.;Dèbit;02/05/2026;mayo;2026;0.0;44.66;Càrrec;menjar;Mercadona;;False
6530;TradeRep.;Dèbit;02/05/2026;mayo;2026;0.0;19.45;Càrrec;neteja;Mercadona;;False
6531;TradeRep.;Dèbit;03/05/2026;mayo;2026;0.0;20.82;Càrrec;menjar;Dia;;False
6534;TradeRep.;Dèbit;02/05/2026;mayo;2026;0.0;50.0;Càrrec;roba;Altre roba;Sta. Coloma F.;False
6536;TradeRep.;Dèbit;02/05/2026;mayo;2026;0.0;20.5;Càrrec;menjar;Pa i pastisseria;;False
6537;TradeRep.;Dèbit;02/05/2026;mayo;2026;0.0;4.4;Càrrec;restaurant;Bar;Sta. Coloma F.;False
6539;TradeRep.;Dèbit;04/05/2026;mayo;2026;0.0;19.13;Càrrec;neteja;Clarel;;False
6549;TradeRep.;Dèbit;05/05/2026;mayo;2026;0.0;9.23;Càrrec;menjar;Novavenda;;False
6554;TradeRep.;Dèbit;06/05/2026;mayo;2026;0.0;11.7;Càrrec;neteja;Clarel;;False
6555;TradeRep.;Dèbit;06/05/2026;mayo;2026;0.0;25.78;Càrrec;menjar;AreaGuissona;;False
6532;TR Cartera;Compte;04/05/2026;mayo;2026;25.0;0.0;op_banc;op_banc;Accions S&P500;;False
6533;TR Cartera;Compte;04/05/2026;mayo;2026;25.0;0.0;op_banc;op_banc;Accions NVIDIA;;False
6995;TradeRep.;Dèbit;08/08/2026;agosto;2026;0.0;9.99;Càrrec;roba;Altre roba;InterSport. Banyador Isa;False
6996;Efectiu;;08/08/2026;agosto;2026;0.0;5.5;Càrrec;restaurant;Bar;Tartas de Julita;False
6997;TradeRep.;Dèbit;08/08/2026;agosto;2026;0.0;4.7;Càrrec;restaurant;Bar;Cafè Habaneras;False
7089;TradeRep.;Dèbit;30/08/2026;agosto;2026;0.0;10.69;Càrrec;menjar;Novavenda;;False
6507;TradeRep.;Compte;25/04/2026;abril;2026;300.0;0.0;op_banc;op_banc;Traspàs comptes;;False
6519;BBVA;Compte;27/04/2026;abril;2026;0.0;300.0;op_banc;op_banc;Traspàs comptes;;False
6528;LaCaixa;Compte;29/04/2026;abril;2026;0.0;100.0;op_banc;op_banc;Traspàs comptes;;False
6538;TradeRep.;Compte;04/05/2026;mayo;2026;200.0;0.0;op_banc;op_banc;Traspàs comptes;;False
6544;BBVA;Compte;04/05/2026;mayo;2026;0.0;200.0;op_banc;op_banc;Traspàs comptes;;False
6553;Casa;;02/05/2026;mayo;2026;0.0;160.0;op_banc;op_banc;Traspàs comptes;;False
6556;TradeRep.;Dèbit;07/05/2026;mayo;2026;0.0;4.4;Càrrec;menjar;Pa i pastisseria;;False
6574;TradeRep.;Dèbit;09/05/2026;mayo;2026;0.0;10.77;Càrrec;menjar;La Sirena;;False
6581;TradeRep.;Dèbit;10/05/2026;mayo;2026;0.0;6.12;Càrrec;menjar;Dia;;False
6582;TradeRep.;Dèbit;11/05/2026;mayo;2026;0.0;14.14;Càrrec;menjar;Dia;;False
6583;TradeRep.;Dèbit;11/05/2026;mayo;2026;0.0;1.29;Càrrec;neteja;Dia;;False
6584;TradeRep.;Dèbit;11/05/2026;mayo;2026;0.0;7.7;Càrrec;menjar;Novavenda;;False
6585;TradeRep.;Dèbit;13/05/2026;mayo;2026;0.0;11.32;Càrrec;menjar;Fruiterra;;False
6593;BBVA;Dèbit;16/05/2026;mayo;2026;0.0;9.66;Càrrec;menjar;Novavenda;;False
6594;BBVA;Dèbit;16/05/2026;mayo;2026;0.0;4.85;Càrrec;neteja;Novavenda;;False
6597;TradeRep.;Dèbit;14/05/2026;mayo;2026;0.0;24.1;Càrrec;menjar;AreaGuissona;;False
6598;TradeRep.;Dèbit;14/05/2026;mayo;2026;0.0;0.74;Càrrec;neteja;AreaGuissona;;False
6599;TradeRep.;Dèbit;15/05/2026;mayo;2026;0.0;52.08;Càrrec;gasolina;GasolinaAreaGuissona;;False
6600;TradeRep.;Dèbit;15/05/2026;mayo;2026;0.0;50.8;Càrrec;restaurant;Restaurant;Francina. Girona;False
6601;TradeRep.;Dèbit;15/05/2026;mayo;2026;0.0;8.4;Càrrec;restaurant;Restaurant;Xuxos Girona;False
6602;TradeRep.;Dèbit;15/05/2026;mayo;2026;0.0;14.34;Càrrec;menjar;Action Girona;;False
6603;TradeRep.;Dèbit;15/05/2026;mayo;2026;0.0;17.99;Càrrec;Parallar;Action Girona;tovalloles+draps,...;False
6604;TradeRep.;Dèbit;15/05/2026;mayo;2026;0.0;28.45;Càrrec;manteniment;LeroyMerlin;2 tick. Cal+ interrupt.;False
6535;TradeRep.;Compte;02/05/2026;mayo;2026;0.23;0.0;op_banc;op_banc;Interesos Trade R.;;False
6606;TradeRep.;Dèbit;13/05/2026;mayo;2026;0.0;8.8;Càrrec;menjar;Dia;;False
6611;TradeRep.;Dèbit;17/05/2026;mayo;2026;0.0;27.64;Càrrec;menjar;Dia;;False
6612;TradeRep.;Dèbit;18/05/2026;mayo;2026;0.0;11.72;Càrrec;menjar;Novavenda;;False
6613;TradeRep.;Dèbit;19/05/2026;mayo;2026;0.0;4.4;Càrrec;menjar;Mercadona;;False
6614;TradeRep.;Dèbit;19/05/2026;mayo;2026;0.0;5.5;Càrrec;neteja;Mercadona;;False
6615;TradeRep.;Dèbit;19/05/2026;mayo;2026;0.0;18.76;Càrrec;menjar;Dia;;False
6617;TradeRep.;Dèbit;21/05/2026;mayo;2026;0.0;4.4;Càrrec;menjar;Pa i pastisseria;;False
6635;TradeRep.;Dèbit;22/05/2026;mayo;2026;0.0;14.96;Càrrec;menjar;Dia;;False
6636;TradeRep.;Dèbit;23/05/2026;mayo;2026;0.0;30.25;Càrrec;restaurant;Restaurant;UdG. PAF;False
6637;TradeRep.;Dèbit;24/05/2026;mayo;2026;0.0;1.75;Càrrec;menjar;Altres menjar;;False
6638;TradeRep.;Dèbit;24/05/2026;mayo;2026;0.0;26.86;Càrrec;restaurant;Bar;Calamrs romana.Blanes;False
6639;TradeRep.;Dèbit;25/05/2026;mayo;2026;0.0;28.58;Càrrec;menjar;AreaGuissona;;False
6641;TradeRep.;Dèbit;25/05/2026;mayo;2026;0.0;15.88;Càrrec;menjar;Dia;;False
6648;TradeRep.;Dèbit;27/05/2026;mayo;2026;0.0;23.77;Càrrec;neteja;Clarel;;False
6552;BBVA;Compte;05/05/2026;mayo;2026;0.0;110.76;op_banc;op_banc;Pago VISA;;False
6649;TradeRep.;Dèbit;27/05/2026;mayo;2026;0.0;13.57;Càrrec;menjar;Novavenda;;False
6580;TradeRep.;Dèbit;10/05/2026;mayo;2026;0.0;85.8;Càrrec;roba;Sports Arbúcies;Sabates Jordi i Enric;False
6662;TradeRep.;Dèbit;29/05/2026;mayo;2026;0.0;43.8;Càrrec;gasolina;GasolinaAreaGuissona;;False
7090;Efectiu;Efectiu;30/08/2026;agosto;2026;0.0;9.4;Càrrec;menjar;Plaça;;False
507;LaCaixa;Compte;24/11/2021;noviembre;2021;805.6;0.0;Ingrés;ingrés_general;Pensió no contributiva;;False
509;LaCaixa;Compte;24/11/2021;noviembre;2021;0.0;0.0;Ingrés;ingrés_general;Pensió no contributiva;;False
512;LaCaixa;Compte;25/11/2021;noviembre;2021;0.0;0.0;Ingrés;ingrés_general;Pensió no contributiva;;False
575;LaCaixa;Compte;24/12/2021;diciembre;2021;402.8;0.0;Ingrés;ingrés_general;Pensió no contributiva;;False
576;LaCaixa;Compte;24/12/2021;diciembre;2021;0.0;0.0;Ingrés;ingrés_general;Pensió no contributiva;;False
508;LaCaixa;Compte;24/11/2021;noviembre;2021;0.0;0.0;Ingrés;ingrés_general;Paga Extra Jordi;;False
511;LaCaixa;Compte;25/11/2021;noviembre;2021;164.48;0.0;Ingrés;ingrés_general;Complement Generalitat;;False
513;BBVA;Compte;26/11/2021;noviembre;2021;50.0;0.0;Ingrés;ingrés_general;Hisenda;;False
514;BBVA;Compte;26/11/2021;noviembre;2021;50.0;0.0;Ingrés;ingrés_general;Hisenda;;False
515;BBVA;Compte;26/11/2021;noviembre;2021;100.0;0.0;Ingrés;ingrés_general;Hisenda;;False
6562;LaCaixa;Compte;06/05/2026;mayo;2026;0.0;100.0;op_banc;op_banc;Traspàs comptes;;False
530;BBVA;Compte;01/12/2021;diciembre;2021;51.9;0.0;Ingrés;ingrés_general;Cartera DP Gran;;False
6564;LaCaixa;Compte;13/05/2026;mayo;2026;0.0;300.0;op_banc;op_banc;Traspàs comptes;;False
6565;BBVA;Compte;12/05/2026;mayo;2026;0.0;20.0;op_banc;op_banc;Traspàs comptes;;False
6570;BBVA;Compte;13/05/2026;mayo;2026;200.0;0.0;op_banc;op_banc;Traspàs comptes;;False
6571;BBVA;Compte;13/05/2026;mayo;2026;0.0;200.0;op_banc;op_banc;Traspàs comptes;;False
6587;TradeRep.;Compte;13/05/2026;mayo;2026;200.0;0.0;op_banc;op_banc;Traspàs comptes;;False
6588;Casa;;13/05/2026;mayo;2026;50.0;0.0;op_banc;op_banc;Traspàs comptes;;False
6589;LaCaixa;Compte;16/05/2026;mayo;2026;0.0;200.0;op_banc;op_banc;Traspàs comptes;;False
6591;BBVA;Compte;16/05/2026;mayo;2026;200.0;0.0;op_banc;op_banc;Traspàs comptes;;False
6592;BBVA;Compte;16/05/2026;mayo;2026;0.0;200.0;op_banc;op_banc;Traspàs comptes;;False
565;BBVA;Dèbit;20/12/2021;diciembre;2021;4.39;0.0;Ingrés;menjar;LIDL;;False
6664;TradeRep.;Dèbit;29/05/2026;mayo;2026;0.0;25.93;Càrrec;manteniment;LeroyMerlin;banda pladur+punta;False
6666;TradeRep.;Dèbit;29/05/2026;mayo;2026;0.0;10.5;Càrrec;roba;Primark;samarreta Isabel;False
6667;TradeRep.;Dèbit;31/05/2026;mayo;2026;0.0;19.62;Càrrec;menjar;Dia;;False
532;BBVA;Compte;02/12/2021;diciembre;2021;12.71;0.0;Ingrés;ingrés_general;Cartera DP Petit;;False
497;Efectiu;;15/11/2021;noviembre;2021;12.5;0.0;Ingrés;ingrés_extra;Feina Foto;Olga Coris;False
540;Efectiu;;06/12/2021;diciembre;2021;38.0;0.0;Ingrés;ingrés_extra;Feina Foto;Paqui Moreno;False
555;Efectiu;;16/12/2021;diciembre;2021;14.0;0.0;Ingrés;ingrés_extra;Feina Foto;Yolanda Bonilla;False
556;Efectiu;;16/12/2021;diciembre;2021;14.0;0.0;Ingrés;ingrés_extra;Feina Foto;Natalia Bonilla;False
6566;BBVA;Compte;11/05/2026;mayo;2026;10.0;0.0;Ingrés;ingrés_extra;Promos;;False
550;BBVA;Dèbit;14/12/2021;diciembre;2021;14.0;0.0;Ingrés;ingrés_extra;Feina Foto;Yolanda Bonilla;False
554;BBVA;Dèbit;16/12/2021;diciembre;2021;14.0;0.0;Ingrés;ingrés_extra;Feina Foto;Natalia Bonilla;False
6665;TradeRep.;Dèbit;29/05/2026;mayo;2026;0.0;3.11;Càrrec;restaurant;Bar;El corte inglés;False
6998;BBVA;Compte;08/08/2026;agosto;2026;0.0;250.0;op_banc;op_banc;Traspàs comptes;Bizum Mireia;False
64;BBVA;Compte;07/04/2021;abril;2021;451.92;0.0;Ingrés;ingrés_general;Abonament Ajuda Isabel;;False
65;BBVA;Compte;07/04/2021;abril;2021;557.36;0.0;Ingrés;ingrés_general;Abonament Ajuda Enric;;False
127;BBVA;Dèbit;06/05/2021;mayo;2021;1.99;0.0;Ingrés;menjar;LIDL;;False
169;BBVA;Compte;31/05/2021;mayo;2021;52.79;0.0;Ingrés;ingrés_general;Cartera DP Gran;;False
213;BBVA;Compte;29/06/2021;junio;2021;52.79;0.0;Ingrés;ingrés_general;Cartera DP Gran;;False
214;BBVA;Compte;29/06/2021;junio;2021;14.13;0.0;Ingrés;ingrés_general;Cartera DP Petit;;False
70;BBVA;Compte;08/04/2021;abril;2021;50.0;0.0;Ingrés;ingrés_general;Hisenda;;False
83;BBVA;Compte;16/04/2021;abril;2021;99.63;0.0;Ingrés;ingrés_general;NN Enric;;False
95;LaCaixa;Compte;27/04/2021;abril;2021;258.44;0.0;Ingrés;ingrés_general;Complement Generalitat;;False
6668;TradeRep.;Compte;01/06/2026;junio;2026;0.26;0.0;op_banc;op_banc;Interesos Trade R.;;False
96;LaCaixa;Compte;27/04/2021;abril;2021;0.0;0.0;Ingrés;ingrés_general;Paga Extra Jordi;;False
97;LaCaixa;Compte;27/04/2021;abril;2021;0.0;0.0;Ingrés;ingrés_general;Complement Generalitat;;False
6628;BBVA;Compte;22/05/2026;mayo;2026;13.15;0.0;op_banc;op_banc;Traspàs comptes;T.Virtual;False
85;Efectiu;;16/04/2021;abril;2021;570.0;0.0;Ingrés;ingrés_extra;Feina Horeca;Tramuntana;False
99;BBVA;Compte;29/04/2021;abril;2021;55.47;0.0;Ingrés;ingrés_general;Cartera DP Gran;;False
100;BBVA;Compte;29/04/2021;abril;2021;19.63;0.0;Ingrés;ingrés_general;Cartera DP Petit;;False
147;BBVA;Dèbit;19/05/2021;mayo;2021;6.99;0.0;Ingrés;menjar;LIDL;;False
212;LaCaixa;Compte;28/06/2021;junio;2021;0.0;0.0;Ingrés;ingrés_general;Complement Generalitat;;False
211;LaCaixa;Compte;28/06/2021;junio;2021;164.48;0.0;Ingrés;ingrés_general;Complement Generalitat;;False
6629;T.Moneder;Compte;22/05/2026;mayo;2026;0.0;13.15;op_banc;op_banc;Traspàs comptes;;False
6632;BBVA;Compte;26/05/2026;mayo;2026;0.0;20.0;op_banc;op_banc;Traspàs comptes;T. Virtual;False
6633;T.Moneder;Compte;26/05/2026;mayo;2026;20.0;0.0;op_banc;op_banc;Traspàs comptes;;False
6634;BBVA;Compte;26/05/2026;mayo;2026;0.0;200.0;op_banc;op_banc;Traspàs comptes;Trade R.;False
6647;Casa;;20/05/2026;mayo;2026;0.0;50.0;op_banc;op_banc;Traspàs comptes;;False
125;BBVA;Compte;06/05/2021;mayo;2021;451.92;0.0;Ingrés;ingrés_general;Abonament Ajuda Enric;;False
187;BBVA;Compte;07/06/2021;junio;2021;451.92;0.0;Ingrés;ingrés_general;Abonament Ajuda Enric;;False
124;BBVA;Compte;06/05/2021;mayo;2021;451.92;0.0;Ingrés;ingrés_general;Abonament Ajuda Isabel;;False
186;BBVA;Compte;07/06/2021;junio;2021;451.92;0.0;Ingrés;ingrés_general;Abonament Ajuda Isabel;;False
170;BBVA;Compte;31/05/2021;mayo;2021;26.32;0.0;Ingrés;ingrés_general;Cartera DP Petit;;False
161;LaCaixa;Compte;27/05/2021;mayo;2021;0.0;0.0;Ingrés;ingrés_general;Complement Generalitat;;False
130;BBVA;Compte;10/05/2021;mayo;2021;50.0;0.0;Ingrés;ingrés_general;Hisenda;;False
128;BBVA;Compte;07/05/2021;mayo;2021;50.0;0.0;Ingrés;ingrés_general;Hisenda;;False
178;BBVA;Compte;03/06/2021;junio;2021;50.0;0.0;Ingrés;ingrés_general;Hisenda;;False
177;BBVA;Compte;03/06/2021;junio;2021;50.0;0.0;Ingrés;ingrés_general;Hisenda;;False
217;BBVA;Compte;30/06/2021;junio;2021;50.0;0.0;Ingrés;ingrés_general;Hisenda;;False
204;BBVA;Dèbit;22/06/2021;junio;2021;245.0;0.0;Ingrés;op_banc;Transferència;;False
200;Efectiu;;15/06/2021;junio;2021;20.0;0.0;Ingrés;ingrés_extra;Feina Foto;Riad;False
223;Efectiu;;30/06/2021;junio;2021;15.0;0.0;Ingrés;ingrés_extra;Feina Foto;Olga Coris;False
131;Efectiu;;10/05/2021;mayo;2021;40.0;0.0;Ingrés;ingrés_extra;Feina Foto;Lidia Cerrillo;False
221;Efectiu;;30/06/2021;junio;2021;425.0;0.0;Ingrés;ingrés_extra;Feina Horeca;La Selvatana;False
148;Efectiu;;20/05/2021;mayo;2021;100.0;0.0;Ingrés;ingrés_extra;Feina Horeca;El Riad;False
222;Efectiu;;30/06/2021;junio;2021;245.0;0.0;Ingrés;ingrés_extra;Xarrup. Estovalles;;False
107;BBVA;Compte;30/04/2021;abril;2021;0.0;0.0;Ingrés;ingrés_extra;Hisenda;Autònoms;False
199;Efectiu;;15/06/2021;junio;2021;50.0;0.0;Ingrés;ingrés_extra;Ingres Extra;Donació Pepe;False
6999;TradeRep.;Dèbit;08/08/2026;agosto;2026;0.0;59.09;Càrrec;gasolina;Gasolina altres;Plenergy La Zenia;False
7091;LaCaixa;Compte;28/08/2026;agosto;2026;68.25;0.0;Ingrés;ingres_general;Complement Generalitat;;False
6681;BBVA;Compte;05/06/2026;junio;2026;0.0;97.39;op_banc;op_banc;Pago VISA;;False
6711;Efectiu;;08/06/2026;junio;2026;0.0;3.5;op_banc;varis;Papereria;revista;False
247;BBVA;Compte;07/07/2021;julio;2021;451.92;0.0;Ingrés;ingrés_general;Abonament Ajuda Enric;;False
224;LaCaixa;Compte;30/06/2021;junio;2021;0.0;0.0;Ingrés;ingrés_general;Paga Extra Jordi;;False
336;BBVA;Compte;25/08/2021;agosto;2021;50.0;0.0;Ingrés;ingrés_general;Hisenda;;False
337;BBVA;Compte;25/08/2021;agosto;2021;50.0;0.0;Ingrés;ingrés_general;Hisenda;;False
340;LaCaixa;Compte;26/08/2021;agosto;2021;0.0;0.0;Ingrés;ingrés_general;Complement Generalitat;;False
6686;TR Cartera;Compte;02/06/2026;junio;2026;25.0;0.0;op_banc;op_banc;Accions S&P500;;False
6687;TR Cartera;Compte;02/06/2026;junio;2026;25.0;0.0;op_banc;op_banc;Accions NVIDIA;;False
273;BBVA;Compte;21/07/2021;julio;2021;50.0;0.0;Ingrés;despesa_general;Hisenda;;False
7002;TradeRep.;Dèbit;09/08/2026;agosto;2026;0.0;2.29;Càrrec;manteniment;Leroy Merlin;Cargols water;False
246;BBVA;Compte;07/07/2021;julio;2021;451.92;0.0;Ingrés;ingrés_general;Abonament Ajuda Isabel;;False
341;LaCaixa;Compte;26/08/2021;agosto;2021;164.48;0.0;Ingrés;ingrés_general;Complement Generalitat;;False
343;BBVA;Compte;30/08/2021;agosto;2021;52.79;0.0;Ingrés;ingrés_general;Cartera DP Gran;;False
280;LaCaixa;Compte;27/07/2021;julio;2021;0.0;0.0;Ingrés;ingrés_general;Complement Generalitat;;False
7003;TradeRep.;Dèbit;09/08/2026;agosto;2026;0.0;-11.99;Càrrec;roba;Decatlon;"Devolució**"" banyador Isa";False
312;BBVA;Compte;06/08/2021;agosto;2021;451.92;0.0;Ingrés;ingrés_general;Abonament Ajuda Enric;;False
311;BBVA;Compte;06/08/2021;agosto;2021;451.92;0.0;Ingrés;ingrés_general;Abonament Ajuda Isabel;;False
6707;Casa;;06/06/2026;junio;2026;0.0;50.0;op_banc;op_banc;Traspàs comptes;;False
6710;Casa;;05/06/2026;junio;2026;0.0;100.0;op_banc;op_banc;Traspàs comptes;;False
6714;LaCaixa;Compte;07/06/2026;junio;2026;0.0;100.0;op_banc;op_banc;Traspàs comptes;;False
6719;BBVA;Compte;10/06/2026;junio;2026;0.0;200.0;op_banc;op_banc;Traspàs comptes;;False
6720;TradeRep.;Compte;10/06/2026;junio;2026;200.0;0.0;op_banc;op_banc;Traspàs comptes;;False
6730;BBVA;Compte;12/06/2026;junio;2026;100.0;0.0;op_banc;op_banc;Traspàs comptes;;False
323;Efectiu;;15/08/2021;agosto;2021;245.0;0.0;Ingrés;ingrés_extra;Xarrup. Estovalles;;False
324;BBVA;Compte;15/08/2021;agosto;2021;0.0;0.0;Ingrés;ingrés_extra;Vinted;;False
7004;TradeRep.;Dèbit;09/08/2026;agosto;2026;0.0;83.06;Càrrec;menjar;Alcampo;[VACANCES];False
388;Efectiu;;23/09/2021;septiembre;2021;189.8;0.0;Ingrés;ingrés_extra;Feina Horeca;Flyers Jose Luis;False
394;BBVA;Compte;28/09/2021;septiembre;2021;43.45;0.0;Ingrés;ingrés_extra;Vinted;;False
398;BBVA;Compte;28/09/2021;septiembre;2021;43.45;0.0;Ingrés;ingrés_extra;Vinted;;False
284;BBVA;Compte;29/07/2021;julio;2021;55.47;0.0;Ingrés;ingrés_general;Cartera DP Gran;;False
283;BBVA;Compte;29/07/2021;julio;2021;20.14;0.0;Ingrés;ingrés_general;Cartera DP Petit;;False
281;LaCaixa;Compte;27/07/2021;julio;2021;164.48;0.0;Ingrés;ingrés_general;Complement Generalitat;;False
277;LaCaixa;Compte;24/07/2021;julio;2021;0.0;0.0;Ingrés;ingrés_general;Pensió no contributiva;;False
278;LaCaixa;Compte;24/07/2021;julio;2021;402.8;0.0;Ingrés;ingrés_general;Pensió no contributiva;;False
274;BBVA;Compte;21/07/2021;julio;2021;50.0;0.0;Ingrés;despesa_general;Hisenda;;False
307;Efectiu;;04/08/2021;agosto;2021;267.5;0.0;Ingrés;ingrés_extra;Feina Horeca;Cafeteria L'Avinguda;False
263;BBVA;Compte;15/07/2021;julio;2021;0.0;0.0;Ingrés;ingrés_extra;Vinted;;False
272;BBVA;Compte;20/07/2021;julio;2021;63.75;0.0;Ingrés;ingrés_extra;Vinted;;False
310;BBVA;Compte;05/08/2021;agosto;2021;10.0;0.0;Ingrés;ingrés_extra;Vinted;;False
328;BBVA;Compte;20/08/2021;agosto;2021;3560.0;0.0;Ingrés;assegurança;BBVA Asseg. Casa;Ajuntament Arbúcies;False
225;Efectiu;;30/06/2021;junio;2021;656.0;0.0;Ingrés;ingrés_extra;Feina Foto;Comunió Bujons;False
353;BBVA;Compte;01/09/2021;septiembre;2021;600.0;0.0;Ingrés;ingrés_extra;Extra;Ajuntament Arbúcies;False
7000;TradeRep.;Dèbit;08/08/2026;agosto;2026;0.0;23.7;Càrrec;menjar;Peixeteria;[VACANCES];False
7001;TradeRep.;Dèbit;09/08/2026;agosto;2026;0.0;8.05;Càrrec;menjar;Altres menjar;[VACANCES] Fleca Mil Palmeras;False
7092;BBVA;Compte;28/08/2026;agosto;2026;0.0;489.43;Càrrec;despesa_general;Hipoteca;;False
7093;BBVA;Compte;31/08/2026;agosto;2026;0.0;337.14;Càrrec;despesa_general;Crèdit Cotxe;;False
7094;BBVA;Compte;01/09/2026;septiembre;2026;0.0;29.68;Càrrec;despesa_general;Endesa;;False
7095;BBVA;Compte;31/08/2026;agosto;2026;17.1;0.0;Ingrés;ingres_general;Cartera DP Petit;;False
7096;BBVA;Compte;31/08/2026;agosto;2026;39.37;0.0;Ingrés;ingres_general;Cartera DP Gran;;False
6731;BBVA;Compte;12/06/2026;junio;2026;300.0;0.0;op_banc;op_banc;Traspàs comptes;;False
6750;TradeRep.;Dèbit;16/06/2026;junio;2026;;29.85;Càrrec;menjar;LIDL;;False
432;Efectiu;;10/10/2021;octubre;2021;245.0;0.0;Ingrés;ingrés_extra;Xarrup. Estovalles;;False
6743;BBVA;Compte;19/06/2026;junio;2026;50.0;;Ingrés;ingrés_general;Hisenda 50 1;;False
6744;BBVA;Compte;19/06/2026;junio;2026;100.0;;Ingrés;ingrés_general;Hisenda 100;;False
6745;BBVA;Compte;19/06/2026;junio;2026;50.0;;Ingrés;ingrés_general;Hisenda 50 2;;False
449;LaCaixa;Compte;24/10/2021;octubre;2021;0.0;0.0;Ingrés;ingrés_general;Pensió no contributiva;;False
450;LaCaixa;Compte;24/10/2021;octubre;2021;402.8;0.0;Ingrés;ingrés_general;Pensió no contributiva;;False
33;LaCaixa;Compte;24/03/2021;marzo;2021;402.8;0.0;Ingrés;ingrés_general;Pensió no contributiva;;False
429;BBVA;Compte;07/10/2021;octubre;2021;451.92;0.0;Ingrés;ingrés_general;Abonament Ajuda Enric;;False
446;BBVA;Compte;22/10/2021;octubre;2021;50.0;0.0;Ingrés;ingrés_general;Hisenda;;False
445;BBVA;Compte;20/10/2021;octubre;2021;120.0;0.0;Ingrés;varis;Bizum;Jaume Rotllan;False
443;Efectiu;;19/10/2021;octubre;2021;120.0;0.0;Ingrés;ingrés_extra;Feina Foto;Jaume Rotllan;False
490;Efectiu;;10/11/2021;noviembre;2021;500.0;0.0;Ingrés;ingrés_extra;Feina Horeca;Calendaris Pepe;False
491;BBVA;Compte;11/11/2021;noviembre;2021;20.0;0.0;Ingrés;ingrés_extra;Feina Foto;;False
492;Efectiu;;11/11/2021;noviembre;2021;20.0;0.0;Ingrés;ingrés_extra;Feina Foto;Carme Elias;False
44;BBVA;Compte;30/03/2021;marzo;2021;52.79;0.0;Ingrés;ingrés_general;Cartera DP Gran;;False
6732;TradeRep.;Compte;12/06/2026;junio;2026;0.0;100.0;op_banc;op_banc;Traspàs comptes;;False
7005;Efectiu;;06/08/2026;agosto;2026;0.0;12.33;Càrrec;menjar;Dialprix;[VACANCES];False
7097;TradeRep.;Dèbit;31/08/2026;agosto;2026;0.0;24.25;Càrrec;menjar;AreaGuissona;;False
6735;LaCaixa;Compte;12/06/2026;junio;2026;0.0;300.0;op_banc;op_banc;Traspàs comptes;;False
6736;BBVA;Compte;12/06/2026;junio;2026;0.0;200.0;op_banc;op_banc;Traspàs comptes;Trade R.;False
6737;BBVA;Compte;15/06/2026;junio;2026;0.0;50.0;op_banc;op_banc;Traspàs comptes;;False
6738;TradeRep.;Compte;12/06/2026;junio;2026;200.0;0.0;op_banc;op_banc;Traspàs comptes;;False
6746;BBVA;Compte;19/06/2026;junio;2026;;200.0;op_banc;op_banc;Traspas comptes;;False
438;BBVA;Dèbit;18/10/2021;octubre;2021;8.99;0.0;Ingrés;menjar;LIDL;;False
6677;TradeRep.;Dèbit;01/06/2026;junio;2026;0.0;18.42;Càrrec;menjar;Dia;;False
6678;TradeRep.;Dèbit;01/06/2026;junio;2026;0.0;0.87;Càrrec;neteja;Dia;;False
6689;TradeRep.;Dèbit;03/06/2026;junio;2026;0.0;18.44;Càrrec;menjar;Dia;;False
6690;TradeRep.;Dèbit;04/06/2026;junio;2026;0.0;4.4;Càrrec;menjar;Pa i pastisseria;;False
6691;TradeRep.;Dèbit;04/06/2026;junio;2026;0.0;31.22;Càrrec;menjar;AreaGuissona;;False
6692;TradeRep.;Dèbit;05/06/2026;junio;2026;0.0;8.6;Càrrec;menjar;Mercadona;;False
6693;TradeRep.;Dèbit;05/06/2026;junio;2026;0.0;18.0;Càrrec;neteja;Mercadona;;False
6694;TradeRep.;Dèbit;05/06/2026;junio;2026;0.0;0.7;Càrrec;varis;Parking;Sta. Caterina;False
6698;TradeRep.;Dèbit;06/06/2026;junio;2026;0.0;14.28;Càrrec;menjar;Dia;;False
6739;TradeRep.;Dèbit;12/06/2026;junio;2026;0.0;41.35;Càrrec;gasolina;GasolinaAreaGuissona;;False
6695;TradeRep.;Dèbit;05/06/2026;junio;2026;0.0;15.99;Càrrec;roba;El Corte Inglés;Samarreta Isabel;False
6706;TradeRep.;Dèbit;06/06/2026;junio;2026;0.0;13.96;Càrrec;farmàcia;Farmàcia;;False
6740;TradeRep.;Dèbit;12/06/2026;junio;2026;0.0;75.2;Càrrec;restaurant;Restaurant;Por Babor. Palamós;False
6742;TradeRep.;Dèbit;13/06/2026;junio;2026;0.0;3.8;Càrrec;restaurant;Bar;Can Jordi. Palamós;False
7006;Efectiu;;05/08/2026;agosto;2026;0.0;8.33;Càrrec;menjar;Peixeteria;[VACANCES];False
7007;Efectiu;;06/08/2026;agosto;2026;0.0;5.5;Càrrec;restaurant;Bar;Cargols;False
7009;Efectiu;;09/08/2026;agosto;2026;0.0;10.0;Càrrec;personal;Jordi;;False
7008;Efectiu;;05/08/2026;agosto;2026;0.0;21.0;Càrrec;menjar;Plaça;[VACANCES]La Torre;False
7099;BBVA;Compte;01/09/2026;septiembre;2026;0.0;90.28;Càrrec;despesa_general;Piscina;;False
7098;BBVA;Compte;01/09/2026;septiembre;2026;0.0;12.9;Càrrec;despesa_general;Ocaso;;False
7010;Efectiu;;09/08/2026;agosto;2026;0.0;11.0;Càrrec;restaurant;Restaurant;Tartas de Julita;False
7100;BBVA;VISA;01/09/2026;septiembre;2026;0.0;5.49;Càrrec;despesa_general;Quota IA;;False
7012;TradeRep.;Dèbit;11/08/2026;agosto;2026;0.0;13.5;Càrrec;restaurant;Bar;El Pirata. Mil Palmeras;False
7013;TradeRep.;Dèbit;10/08/2026;agosto;2026;0.0;81.7;Càrrec;restaurant;Restaurant;Xino Mil Palmeras;False
7014;TradeRep.;Dèbit;10/08/2026;agosto;2026;0.0;7.16;Càrrec;menjar;Carn Matilde;[VACANCES];False
7011;TradeRep.;Dèbit;11/08/2026;agosto;2026;0.0;-6.2;Càrrec;roba;LIDL;Abonament***estoreta bany Mireia ;False
7101;TradeRep.;Dèbit;31/08/2026;agosto;2026;0.0;5.5;Càrrec;farmacia;Farmàcia;;False
7015;TradeRep.;Dèbit;10/08/2026;agosto;2026;0.0;6.43;Càrrec;menjar;Super Villa-Teresa;[VACANCES];False
7102;TradeRep.;Compte;01/09/2026;septiembre;2026;0.47;0.0;Ingrés;ingres_general;Interessos Trade Rep.;;False
7103;TradeRep.;Compte;02/09/2026;septiembre;2026;0.0;25.0;Càrrec;despesa_general;Accions S&P500;;False
7105;TradeRep.;Compte;02/09/2026;septiembre;2026;0.0;25.0;Càrrec;despesa_general;Accions NVIDIA;;False
7106;TR Cartera;Compte;02/09/2026;septiembre;2026;25.0;0.0;op_banc;despesa_general;Accions NVIDIA;;False
7104;TR Cartera;Compte;02/09/2026;septiembre;2026;25.0;0.0;op_banc;despesa_general;Accions S&P500;;False
7107;TradeRep.;Dèbit;02/09/2026;septiembre;2026;0.0;29.67;Càrrec;menjar;Dia;;False
7108;Efectiu;Efectiu;02/09/2026;septiembre;2026;0.0;3.0;Càrrec;menjar;Fleca Arnau;;False
7109;Efectiu;Efectiu;01/09/2026;septiembre;2026;0.0;4.05;Càrrec;menjar;Fruiteria Deepak;;False
7110;Efectiu;;01/09/2026;septiembre;2026;0.0;4.0;Càrrec;personal;Jordi;;False
7111;TradeRep.;Dèbit;03/09/2026;septiembre;2026;0.0;0.0;Càrrec;menjar;bonArea;Eliminat per duplicat;False
7112;BBVA;Compte;04/09/2026;septiembre;2026;0.0;42.34;Càrrec;assegurança;BBVA Asseg. Casa;;False
7113;BBVA;Compte;04/09/2026;septiembre;2026;0.0;14.0;op_banc;op_banc;Pago VISA;;False
7114;BBVA;Compte;04/09/2026;septiembre;2026;0.0;14.04;Càrrec;assegurança;DP Morts Enric;;False
7115;BBVA;Compte;04/09/2026;septiembre;2026;0.0;220.5;Càrrec;despesa_general;PJ Isabel;;False
7116;BBVA;Compte;07/09/2026;septiembre;2026;0.0;40.0;op_banc;op_banc;Reintegre Caixer;;False
7117;TradeRep.;Dèbit;03/09/2026;septiembre;2026;0.0;18.17;Càrrec;menjar;AreaGuissona;;False
7119;TR Cartera;Compte;02/09/2026;septiembre;2026;12.15;0.0;op_banc;op_banc;Cashback TR;;False
7118;TradeRep.;Compte;02/09/2026;septiembre;2026;0.0;0.0;op_banc;op_banc;Gestions Banc;;False
7120;TradeRep.;Dèbit;05/09/2026;septiembre;2026;0.0;10.96;Càrrec;neteja;Clarel;;False
7121;TradeRep.;Dèbit;05/09/2026;septiembre;2026;0.0;19.9;Càrrec;menjar;Dia;;False
7122;TradeRep.;Dèbit;06/09/2026;septiembre;2026;0.0;13.29;Càrrec;menjar;bonArea;;False
7123;Efectiu;Efectiu;07/09/2026;septiembre;2026;0.0;30.0;Càrrec;menjar;Ous casolans;;False
821;BBVA;Dèbit;04/04/2022;abril;2022;0.0;17.71;Càrrec;neteja;Clarel;;False
7124;Efectiu;Efectiu;06/09/2026;septiembre;2026;0.0;7.0;Càrrec;menjar;Pastisseria Ayma;;False
7125;Efectiu;Efectiu;06/09/2026;septiembre;2026;0.0;6.9;Càrrec;menjar;Plaça;;False
7126;Efectiu;Efectiu;06/09/2026;septiembre;2026;0.0;2.63;Càrrec;menjar;Fruiteria Deepak;;False
7127;Efectiu;Efectiu;07/09/2026;septiembre;2026;0.0;1.8;Càrrec;menjar;Pastisseria Ayma;;False
7128;Efectiu;Efectiu;07/09/2026;septiembre;2026;0.0;7.23;Càrrec;menjar;Novavenda;;False
7129;TradeRep.;Dèbit;07/09/2026;septiembre;2026;0.0;18.64;Càrrec;menjar;AreaGuissona;;False
7130;TradeRep.;Dèbit;09/09/2026;septiembre;2026;0.0;24.69;Càrrec;menjar;AreaGuissona;;False
7131;TradeRep.;Dèbit;09/09/2026;septiembre;2026;0.0;1.35;Càrrec;neteja;AreaGuissona;;False
7132;BBVA;Compte;10/09/2026;septiembre;2026;0.0;30.0;Càrrec;varis;Expectacle/Teatre;Marxa Joanet;False
7133;TradeRep.;Dèbit;10/09/2026;septiembre;2026;0.0;10.2453;Càrrec;menjar;Fruiterra;;False
1372;Efectiu;;21/09/2022;septiembre;2022;0.0;11.3;Càrrec;menjar;Dia;;False
7135;TradeRep.;Dèbit;11/09/2026;septiembre;2026;0.0;10.5;Càrrec;menjar;Pastisseria Ayma;;False
7134;TradeRep.;Dèbit;10/09/2026;septiembre;2026;0.0;19.7;Càrrec;restaurant;Restaurant;La trona;False
7136;BBVA;Compte;11/09/2026;septiembre;2026;0.0;300.0;op_banc;op_banc;Traspàs comptes;;False
7137;TradeRep.;Compte;11/09/2026;septiembre;2026;300.0;0.0;op_banc;op_banc;Traspàs comptes;;False
7138;TradeRep.;Dèbit;12/09/2026;septiembre;2026;0.0;12.13;Càrrec;menjar;Dia;;False
7139;TradeRep.;Dèbit;11/09/2026;septiembre;2026;0.0;53.3;Càrrec;restaurant;Restaurant;Buffala. Girona ;False
7140;Efectiu;;12/09/2026;septiembre;2026;0.0;3.0;Càrrec;personal;Jordi;;False
1720;Efectiu;;15/12/2022;diciembre;2022;0.0;11.22;Càrrec;neteja;Clarel;;False
7141;Efectiu;;11/09/2026;septiembre;2026;0.0;1.62;Càrrec;menjar;Fruiteria Deepak;;False
7142;BBVA;Dèbit;11/09/2026;septiembre;2026;0.0;16.8;Càrrec;restaurant;Bar;Gelats Rocambolesc ;False
7143;BBVA;Compte;13/09/2026;septiembre;2026;0.0;40.0;op_banc;op_banc;Reintegre Caixer;;False
1867;Efectiu;;30/01/2023;enero;2023;0.0;10.0;Càrrec;personal;Jordi;;False
7144;Efectiu;;13/09/2026;septiembre;2026;0.0;8.6;Càrrec;menjar;Plaça;;False
7145;Efectiu;;13/09/2026;septiembre;2026;0.0;4.24;Càrrec;menjar;Fruiteria Deepak;;False
7146;BBVA;Compte;14/09/2026;septiembre;2026;0.0;35.9;Càrrec;despesa_general;Lowi;;False
8023;TradeRep.;Dèbit;14/09/2026;septiembre;2026;0.0;31.62;Càrrec;menjar;AreaGuissona;;False
8024;TradeRep.;Dèbit;14/09/2026;septiembre;2026;0.0;13.79;Càrrec;menjar;Novavenda;;False
8025;TradeRep.;Dèbit;14/09/2026;septiembre;2026;0.0;5.1;Càrrec;neteja;Novavenda;;False
8026;TradeRep.;Dèbit;15/09/2026;septiembre;2026;0.0;12.15;Càrrec;menjar;Mercadona;;False
8027;TradeRep.;Dèbit;15/09/2026;septiembre;2026;0.0;17.02;Càrrec;menjar;LIDL;;False
8028;TradeRep.;Dèbit;16/09/2026;septiembre;2026;0.0;24.09;Càrrec;neteja;Clarel;;False
8029;TradeRep.;Dèbit;17/05/2026;mayo;2026;0.0;22.3;Càrrec;menjar;Dia;;False
8030;TradeRep.;Dèbit;16/09/2026;septiembre;2026;0.0;69.62;Càrrec;gasolina;GasolinaAreaGuissona;;False
8031;TradeRep.;Dèbit;17/09/2026;septiembre;2026;0.0;5.4;Càrrec;menjar;Fleca Arnau;;False
8032;TradeRep.;Dèbit;18/09/2026;septiembre;2026;0.0;16.94;Càrrec;menjar;Novavenda;;False
8033;Efectiu;;18/09/2026;septiembre;2026;0.0;7.55;Càrrec;menjar;Peixeteria;;False
8034;BBVA;VISA;18/09/2026;septiembre;2026;0.0;23.35;Càrrec;varis;Impost;Impost CO2 Tívoli ;False
8035;TradeRep.;Dèbit;18/09/2026;septiembre;2026;0.0;22.6;Càrrec;restaurant;Restaurant;Moments. Arbúcies ;False
8036;TradeRep.;Dèbit;19/09/2026;septiembre;2026;0.0;18.9;Càrrec;menjar;Dia;;False
8037;TradeRep.;Dèbit;20/09/2026;septiembre;2026;0.0;5.09;Càrrec;menjar;Condis;;False
8038;Efectiu;;20/09/2026;septiembre;2026;0.0;3.5;Càrrec;menjar;Fleca Arnau;;False
8041;BBVA;Compte;21/09/2026;septiembre;2026;50.0;0.0;Ingrés;ingres_general;Hisenda 50 1;;False
8040;BBVA;Compte;21/09/2026;septiembre;2026;100.0;0.0;Ingrés;ingres_general;Hisenda 100;;False
8039;BBVA;Compte;21/09/2026;septiembre;2026;50.0;0.0;Ingrés;ingres_general;Hisenda 50 2;;False
8042;BBVA;Compte;21/09/2026;septiembre;2026;0.0;200.0;op_banc;op_banc;Traspàs comptes;;False
8043;TradeRep.;Compte;21/09/2026;septiembre;2026;200.0;0.0;op_banc;op_banc;Traspàs comptes;;False
8044;TradeRep.;Dèbit;21/09/2026;septiembre;2026;0.0;29.43;Càrrec;menjar;AreaGuissona;;False
8045;Efectiu;;21/09/2026;septiembre;2026;0.0;5.22;Càrrec;menjar;Novavenda;;False
8046;BBVA;Compte;21/09/2026;septiembre;2026;0.0;110.0;Càrrec;manteniment;Altres mant.;Amazon. TP link Duo M4 x3;False
8047;TradeRep.;Dèbit;22/09/2026;septiembre;2026;0.0;16.14;Càrrec;menjar;Dia;;False
8048;TradeRep.;Dèbit;22/09/2026;septiembre;2026;0.0;5.14;Càrrec;neteja;Dia;;False
8049;TradeRep.;Dèbit;23/09/2026;septiembre;2026;0.0;101.4;Càrrec;restaurant;Restaurant;Cerveceria Catalana. BCN;False
8050;TradeRep.;Dèbit;23/09/2026;septiembre;2026;0.0;22.5;Càrrec;restaurant;Bar;Xocolateria Petritxol.BCN;False
8051;TradeRep.;Dèbit;23/09/2026;septiembre;2026;0.0;28.4;Càrrec;varis;Parking;BCN;False
3473;Efectiu;;02/05/2024;mayo;2024;0.0;7.0;Càrrec;personal;Jordi;;False
8052;T.Moneder;Dèbit;22/09/2026;septiembre;2026;0.0;3.25;Càrrec;menjar;Pastisseria Ayma;;False
8053;Efectiu;;24/09/2026;septiembre;2026;0.0;0.0;Càrrec;menjar;Fleca Arnau;;False
8054;BBVA;Compte;25/09/2026;septiembre;2026;962.5;0.0;Ingrés;ingres_general;Pensió Isabel;;False
8055;BBVA;Compte;25/09/2026;septiembre;2026;940.74;0.0;Ingrés;ingres_general;Pensió Enric;;False
8056;BBVA;Compte;25/09/2026;septiembre;2026;0.0;300.0;op_banc;op_banc;Traspàs comptes;;False
3867;Efectiu;;11/08/2024;agosto;2024;0.0;10.0;Càrrec;personal;Jordi;;False
8057;TradeRep.;Compte;25/09/2026;septiembre;2026;300.0;0.0;op_banc;op_banc;Traspàs comptes;;False
8058;TradeRep.;Dèbit;24/09/2026;septiembre;2026;0.0;5.8;Càrrec;menjar;Fleca Arnau;;False
8059;TradeRep.;Dèbit;22/09/2026;septiembre;2026;0.0;0.3;Càrrec;varis;Parking;Arbúcies;False
8060;BBVA;VISA;22/09/2026;septiembre;2026;0.0;31.0;Càrrec;varis;Expectacles/Teatre;La Pedrera. Barcelona;False
4564;Efectiu;;04/02/2025;febrero;2025;0.0;4.3;Càrrec;neteja;Clarel;;False
4976;BBVA;Dèbit;10/05/2025;mayo;2025;0.0;47.58;Càrrec;menjar;LIDL;;False
5740;BBVA;Compte;12/11/2025;noviembre;2025;0.0;34.69;Càrrec;despesa_general;Lowi;;False
6729;BBVA;Compte;12/06/2026;junio;2026;0.0;283.8;Càrrec;assegurança;Assegurança Cotxe;;False
6716;TradeRep.;Dèbit;08/06/2026;junio;2026;0.0;12.25;Càrrec;menjar;Novavenda;;False
6717;TradeRep.;Dèbit;10/06/2026;junio;2026;0.0;11.2;Càrrec;menjar;Mercadona;;False
6718;TradeRep.;Dèbit;09/06/2026;junio;2026;0.0;8.22;Càrrec;menjar;Fruiterra;;False
6721;TradeRep.;Dèbit;10/06/2026;junio;2026;0.0;5.79;Càrrec;menjar;AreaGuissona;;False
6722;TradeRep.;Dèbit;11/06/2026;junio;2026;0.0;4.4;Càrrec;menjar;Pa i pastisseria;;False
6725;TradeRep.;Dèbit;11/06/2026;junio;2026;0.0;6.03;Càrrec;menjar;Dia;;False
6726;TradeRep.;Dèbit;11/06/2026;junio;2026;0.0;0.95;Càrrec;neteja;Dia;;False
6727;TradeRep.;Dèbit;12/06/2026;junio;2026;0.0;19.32;Càrrec;menjar;AreaGuissona;;False
6733;TradeRep.;Dèbit;12/06/2026;junio;2026;0.0;14.6;Càrrec;restaurant;Bar;Esmorzar Jordi Bayes;False
6715;BBVA;VISA;08/06/2026;junio;2026;0.0;13.56;Càrrec;manteniment;Aliexpress;radial+genollera;False
6723;Efectiu;;10/06/2026;junio;2026;0.0;10.0;Càrrec;personal;Jordi;;False
6724;Efectiu;;10/06/2026;junio;2026;0.0;4.0;Càrrec;menjar;Pa i pastisseria;;False
6728;BBVA;Compte;12/06/2026;junio;2026;0.0;35.9;Càrrec;despesa_general;Lowi;;False
658;BBVA;Compte;28/01/2022;enero;2022;0.0;0.0;Ingrés;assegurança;BBVA Asseg. Casa;;False
592;BBVA;Compte;30/12/2021;diciembre;2021;0.0;0.0;Ingrés;ingrés_general;Hisenda;;False
621;BBVA;Compte;07/01/2022;enero;2022;451.92;0.0;Ingrés;ingrés_general;Abonament Ajuda Isabel;;False
622;BBVA;Compte;07/01/2022;enero;2022;451.92;0.0;Ingrés;ingrés_general;Abonament Ajuda Enric;;False
634;BBVA;Compte;14/01/2022;enero;2022;1156.21;0.0;Ingrés;op_banc;Transferència;Interesos Bsabadell;False
645;BBVA;Compte;21/01/2022;enero;2022;50.0;0.0;Ingrés;ingrés_general;Hisenda;;False
615;BBVA;Compte;05/01/2022;enero;2022;10.0;0.0;Ingrés;ingrés_extra;Promos;;False
619;BBVA;Compte;05/01/2022;enero;2022;10.0;0.0;Ingrés;ingrés_extra;Promos;;False
636;Efectiu;;14/01/2022;enero;2022;13.0;0.0;Ingrés;ingrés_extra;Feina Foto;Olga Coris;False
707;BBVA;Compte;22/02/2022;febrero;2022;0.0;0.0;Ingrés;ingrés_extra;Tiendeo;;False
711;BBVA;Compte;22/02/2022;febrero;2022;10.35;0.0;Ingrés;ingrés_extra;Tiendeo;;False
717;Efectiu;;25/02/2022;febrero;2022;245.0;0.0;Ingrés;ingrés_extra;Xarrup. Estovalles;;False
718;Efectiu;;25/02/2022;febrero;2022;150.0;0.0;Ingrés;ingrés_extra;Casament;Joan-Mariana;False
720;Efectiu;;26/02/2022;febrero;2022;13.0;0.0;Ingrés;ingrés_extra;Feina Foto;Olga Coris;False
765;Efectiu;;10/03/2022;marzo;2022;350.0;0.0;Ingrés;ingrés_extra;Casament;Jaume Rotllan;False
796;Efectiu;;25/03/2022;marzo;2022;280.0;0.0;Ingrés;ingrés_extra;Feina Foto;Lidia Cerrillo;False
797;Efectiu;;25/03/2022;marzo;2022;28.0;0.0;Ingrés;ingrés_extra;Casament;Jaume Rotllan;False
798;Efectiu;;25/03/2022;marzo;2022;15.0;0.0;Ingrés;ingrés_extra;Feina Foto;Olga Coris;False
841;BBVA;Compte;07/04/2022;abril;2022;0.0;0.0;Ingrés;ingrés_extra;Targeta IKEA;;False
860;Efectiu;;18/04/2022;abril;2022;200.0;0.0;Ingrés;ingrés_extra;Xarrup. Setmana Santa;;False
899;BBVA;Compte;30/04/2022;abril;2022;1796.57;0.0;Ingrés;ingrés_extra;Cobro Targeta VISA IKEA;;False
909;Efectiu;;03/05/2022;mayo;2022;65.0;0.0;Ingrés;ingrés_extra;Feina Foto;Olga Coris;False
921;BBVA;Compte;06/05/2022;mayo;2022;463.21;0.0;Ingrés;ingrés_general;Abonament Ajuda Enric;;False
922;BBVA;Compte;06/05/2022;mayo;2022;463.21;0.0;Ingrés;ingrés_general;Abonament Ajuda Isabel;;False
1106;BBVA;Compte;07/07/2022;julio;2022;21.45;0.0;Ingrés;roba;Altre roba;AboutYou abono;False
959;BBVA;Compte;20/05/2022;mayo;2022;100.0;0.0;Ingrés;ingrés_general;Hisenda;;False
1198;BBVA;Compte;22/08/2022;agosto;2022;1.0;0.0;Ingrés;varis;Bizum;Mireia;False
973;BBVA;Compte;25/05/2022;mayo;2022;50.0;0.0;Ingrés;ingrés_general;Hisenda;;False
1163;BBVA;Dèbit;29/07/2022;julio;2022;0.6;0.0;Ingrés;menjar;BonPreu;abono peix;False
974;BBVA;Compte;25/05/2022;mayo;2022;50.0;0.0;Ingrés;ingrés_general;Hisenda;;False
1160;BBVA;Compte;27/07/2022;julio;2022;500.0;0.0;Ingrés;op_banc;Traspàs comptes;;False
1269;BBVA;Compte;05/09/2022;septiembre;2022;193.3;0.0;Ingrés;op_banc;Traspàs comptes;;False
1273;BBVA;Compte;06/09/2022;septiembre;2022;31.55;0.0;Ingrés;op_banc;Traspàs comptes;;False
941;Efectiu;;11/05/2022;mayo;2022;21.0;0.0;Ingrés;ingrés_extra;Feina Foto;Olga Coris;False
981;BBVA;Compte;30/05/2022;mayo;2022;10.0;0.0;Ingrés;ingrés_extra;Tiendeo;;False
982;BBVA;Compte;30/05/2022;mayo;2022;11.85;0.0;Ingrés;ingrés_extra;Tiendeo;;False
986;Efectiu;;30/05/2022;mayo;2022;300.0;0.0;Ingrés;ingrés_extra;Xarrup. Estovalles;;False
987;BBVA;Compte;30/05/2022;mayo;2022;0.0;0.0;Ingrés;ingrés_extra;Tiendeo;;False
994;BBVA;Compte;02/06/2022;junio;2022;82.7;0.0;Ingrés;ingrés_extra;Vinted;;False
996;BBVA;Compte;02/06/2022;junio;2022;0.0;0.0;Ingrés;ingrés_extra;Vinted;;False
1063;Casa;Efectiu;28/06/2022;junio;2022;470.0;0.0;Ingrés;ingrés_extra;Horeca;Cartes Selvatana;False
1095;Casa;Efectiu;06/07/2022;julio;2022;575.0;0.0;Ingrés;ingrés_extra;Casament;Cas Joan-Mariana;False
1272;BBVA;Compte;06/09/2022;septiembre;2022;0.0;0.0;Ingrés;ingrés_extra;Xarrup Sou;Juliol;False
1044;Efectiu;;20/06/2022;junio;2022;100.0;0.0;Ingrés;ingrés_extra;Prèstec Jordi;;False
989;Efectiu;;31/05/2022;mayo;2022;260.0;0.0;Ingrés;ingrés_extra;Feina Foto;Comunió Mireia Martinez;False
1134;BBVA;Compte;01/07/2022;julio;2022;5.0;0.0;Ingrés;op_banc;Gestions banc;Bonificació promoció;False
1296;BBVA;Compte;09/09/2022;septiembre;2022;463.21;0.0;Ingrés;ingrés_general;Abonament Ajuda Isabel;;False
1297;BBVA;Compte;09/09/2022;septiembre;2022;231.6;0.0;Ingrés;ingrés_general;Abonament Ajuda Enric;;False
1398;BBVA;Compte;28/09/2022;septiembre;2022;50.0;0.0;Ingrés;ingrés_general;Hisenda;;False
1288;Casa;;06/09/2022;septiembre;2022;500.0;0.0;Ingrés;ingrés_extra;Casament;Montse Simón;False
1347;BBVA;Compte;12/09/2022;septiembre;2022;0.0;0.0;Ingrés;ingrés_extra;Xarrup Sou;Liquidació;False
1544;BBVA;Dèbit;25/10/2022;octubre;2022;1.0;0.0;Ingrés;menjar;Altres menjar;Abono.Aigua aeroport;False
1707;BBVA;Dèbit;16/12/2022;diciembre;2022;13.94;0.0;Ingrés;neteja;Action Girona;;False
1289;Casa;;06/09/2022;septiembre;2022;2000.0;0.0;Ingrés;ingrés_extra;Xarrup Sou;A cta.;False
1302;BBVA;Compte;09/09/2022;septiembre;2022;0.0;0.0;Ingrés;ingrés_extra;Xarrup Sou;Agost;False
1353;BBVA;Compte;14/01/2022;enero;2022;1129.52;0.0;Ingrés;ingrés_extra;Cobro Banc;Sabadell;False
1401;Casa;;27/09/2022;septiembre;2022;2000.0;0.0;Ingrés;ingrés_extra;Xarrup Sou;Sou+Cartes+estovalles;False
1420;Efectiu;;30/09/2022;septiembre;2022;99.5;0.0;Ingrés;ingrés_extra;Feina Foto;  ;False
1779;BBVA;Compte;10/01/2023;enero;2023;463.21;0.0;Ingrés;ingrés_general;Abonament Ajuda Enric;;False
1780;BBVA;Compte;10/01/2023;enero;2023;463.21;0.0;Ingrés;ingrés_general;Abonament Ajuda Isabel;;False
1808;LaCaixa;Compte;22/12/2022;diciembre;2022;172.07;0.0;Ingrés;ingrés_general;Complement Generalitat;;False
1838;BBVA;Compte;20/01/2023;enero;2023;50.0;0.0;Ingrés;ingrés_general;Hisenda;;False
2084;BBVA;Compte;10/04/2023;abril;2023;200.0;0.0;Ingrés;op_banc;Embargament;;False
1839;BBVA;Compte;20/01/2023;enero;2023;100.0;0.0;Ingrés;ingrés_general;Hisenda;;False
1840;BBVA;Compte;20/01/2023;enero;2023;50.0;0.0;Ingrés;ingrés_general;Hisenda;;False
1940;BBVA;Compte;26/02/2023;febrero;2023;500.0;0.0;Ingrés;op_banc;Traspàs comptes;;False
1980;BBVA;Compte;06/03/2023;marzo;2023;40.0;0.0;Ingrés;op_banc;Traspàs comptes;;False
1786;Efectiu;;31/12/2022;diciembre;2022;100.0;0.0;Ingrés;ingrés_extra;Ingres Extra;Loteria;False
1829;Casa;;14/01/2023;enero;2023;150.0;0.0;Ingrés;ingrés_extra;Feina Foto;Festa Lidia Cerrilo;False
1888;BBVA;Compte;07/02/2023;febrero;2023;10.0;0.0;Ingrés;ingrés_extra;Promos;;False
1895;Efectiu;;06/02/2023;febrero;2023;295.0;0.0;Ingrés;ingrés_extra;Feina Horeca;Caf. Avinguda;False
1930;Casa;;20/02/2023;febrero;2023;500.0;0.0;Ingrés;ingrés_extra;Feina Horeca;A cta. Tramuntana;False
2015;Casa;;17/03/2023;marzo;2023;1300.0;0.0;Ingrés;ingrés_extra;Feina Horeca;L'Olivera;False
2207;Efectiu;;11/05/2023;mayo;2023;350.0;0.0;Ingrés;ingrés_extra;Feina Foto;Casament Montse Simon;False
2208;Efectiu;;11/05/2023;mayo;2023;430.0;0.0;Ingrés;ingrés_extra;Feina Horeca;Cartells L'Olivera;False
2209;Efectiu;;11/05/2023;mayo;2023;325.0;0.0;Ingrés;ingrés_extra;Feina Horeca;Estovalles Xarrup;False
2239;BBVA;Compte;19/05/2023;mayo;2023;130.0;0.0;Ingrés;ingrés_extra;Feina Foto;Lidia Cerillo;False
1819;BBVA;Compte;13/01/2023;enero;2023;156.65;0.0;Ingrés;ingrés_extra;Subvenció;Bo social energètic;False
2108;BBVA;VISA;07/04/2023;abril;2023;3.27;0.0;Ingrés;manteniment;Aliexpress;Devolució cargols nevera;False
1894;Efectiu;;06/02/2023;febrero;2023;50.0;0.0;Ingrés;ingrés_extra;Casament;Video Montse Simón;False
2251;LaCaixa;Compte;25/05/2023;mayo;2023;229.62;0.0;Ingrés;ingrés_general;Complement Generalitat;;False
2341;Efectiu;;24/06/2023;junio;2023;12.0;0.0;Ingrés;Ingres_extra;Feina foto;6 fotos Santi Cugat;False
2252;BBVA;Compte;24/05/2023;mayo;2023;50.0;0.0;Ingrés;ingrés_general;Hisenda;;False
2253;BBVA;Compte;24/05/2023;mayo;2023;50.0;0.0;Ingrés;ingrés_general;Hisenda;;False
2275;BBVA;Compte;30/05/2023;mayo;2023;50.1;0.0;Ingrés;ingrés_general;Cartera DP Gran;;False
2283;BBVA;Compte;31/05/2023;mayo;2023;30.86;0.0;Ingrés;ingrés_general;Cartera DP Petit;;False
2302;BBVA;Compte;10/06/2023;junio;2023;480.0;0.0;Ingrés;ingrés_general;Abonament Ajuda Enric;;False
2303;BBVA;Compte;10/06/2023;junio;2023;480.0;0.0;Ingrés;ingrés_general;Abonament Ajuda Isabel;;False
2628;BBVA;Compte;07/09/2023;septiembre;2023;334.34;0.0;Ingrés;op_banc;Traspàs comptes;;False
2406;BBVA;Compte;11/07/2023;julio;2023;3323.17;0.0;Ingrés;ingrés_extra;Cobro Banc;Retorn Asseg Isabel;False
2407;BBVA;Compte;11/07/2023;julio;2023;3928.71;0.0;Ingrés;ingrés_extra;Cobro Banc;Retorn Asseg Enric;False
2503;BBVA;Compte;04/08/2023;agosto;2023;39.46;0.0;Ingrés;ingrés_extra;Vinted;;False
2543;Casa;;12/08/2023;agosto;2023;280.0;0.0;Ingrés;ingrés_extra;Feina Foto;Festa Lidia Cerrillo;False
2564;BBVA;Compte;19/08/2023;agosto;2023;10.0;0.0;Ingrés;ingrés_extra;Promos;;False
2622;Efectiu;;05/09/2023;septiembre;2023;25.0;0.0;Ingrés;ingrés_extra;Feina Foto;Olga Coris;False
2680;Efectiu;;21/09/2023;septiembre;2023;600.0;0.0;Ingrés;ingrés_extra;Feina Horeca;Calendaris Pepe;False
2790;BBVA;Compte;25/10/2023;octubre;2023;661.85;0.0;Ingrés;ingrés_extra;Subvenció;Energía;False
2807;LaCaixa;Compte;26/10/2023;octubre;2023;183.58;0.0;Ingrés;ingrés_general;Complement Generalitat;;False
2812;BBVA;Compte;30/10/2023;octubre;2023;53.06;0.0;Ingrés;ingrés_general;Cartera DP Gran;;False
2813;BBVA;Compte;30/10/2023;octubre;2023;30.09;0.0;Ingrés;ingrés_general;Cartera DP Petit;;False
2850;BBVA;Compte;10/11/2023;noviembre;2023;480.0;0.0;Ingrés;ingrés_general;Abonament Ajuda Enric;;False
3221;BBVA;Compte;01/03/2024;marzo;2024;340.0;0.0;Ingrés;op_banc;Traspàs comptes;;False
2872;Casa;;18/11/2023;noviembre;2023;320.0;0.0;Ingrés;ingrés_extra;Feina Horeca;Xarrup. Estovalles;False
2885;BBVA;Compte;21/11/2023;noviembre;2023;2.01;0.0;Ingrés;ingrés_extra;Cobro Banc;????;False
2986;BBVA;Compte;20/12/2023;diciembre;2023;20.0;0.0;Ingrés;ingrés_extra;Promos;;False
3011;Efectiu;;19/12/2023;diciembre;2023;45.0;0.0;Ingrés;ingrés_extra;Feina Foto;Calend. Paqui Moreno;False
3019;BBVA;Compte;28/12/2023;diciembre;2023;10.0;0.0;Ingrés;ingrés_extra;Promos;;False
3020;BBVA;Compte;28/12/2023;diciembre;2023;38.0;0.0;Ingrés;ingrés_extra;Vinted;;False
3081;Efectiu;;13/01/2024;enero;2024;50.0;0.0;Ingrés;ingrés_extra;Feina Foto;A cta Festa Lidia Cerrillo;False
3133;Efectiu;;03/02/2024;febrero;2024;15.0;0.0;Ingrés;ingrés_extra;Feina Foto;Fotos Olga Coris;False
2944;Efectiu;;09/12/2023;diciembre;2023;15.0;0.0;Ingrés;ingrés_extra;Feina Foto;Felic. Natàlia Bonilla;False
3306;BBVA;Compte;22/03/2024;marzo;2024;50.0;0.0;Ingrés;ingrés_general;Hisenda 50 2;;False
3320;LaCaixa;Compte;26/03/2024;marzo;2024;151.6;0.0;Ingrés;ingrés_general;Complement Generalitat;;False
3344;BBVA;Compte;31/03/2024;marzo;2024;15.18;0.0;Ingrés;ingrés_general;Cartera DP Petit;;False
3345;BBVA;Compte;31/03/2024;marzo;2024;51.99;0.0;Ingrés;ingrés_general;Cartera DP Gran;;False
3302;BBVA;Compte;22/03/2024;marzo;2024;230.0;0.0;Ingrés;ingrés_extra;Feina Foto;Bizum.Lidia Cerrillo;False
3311;Casa;;22/03/2024;marzo;2024;300.0;0.0;Ingrés;ingrés_extra;Feina Horeca;Estovalles.Xarrup;False
3423;BBVA;Compte;23/04/2024;abril;2024;500.0;0.0;Ingrés;op_banc;Traspàs comptes;;False
3774;BBVA;Compte;17/07/2024;julio;2024;100.0;0.0;Ingrés;op_banc;Traspàs comptes;;False
3577;BBVA;Compte;03/06/2024;junio;2024;1235.0;0.0;Ingrés;ingrés_extra;Ingres Extra;Venda Cotxe;False
3621;BBVA;Compte;10/06/2024;junio;2024;10.0;0.0;Ingrés;ingrés_extra;Promos;;False
3640;Efectiu;;15/06/2024;junio;2024;33.5;0.0;Ingrés;ingrés_extra;Ingres Extra;retorn banderetes carrer;False
3690;Efectiu;;27/06/2024;junio;2024;365.0;0.0;Ingrés;ingrés_extra;Feina Horeca;Cartes Xarrup;False
3691;Efectiu;;27/06/2024;junio;2024;125.0;0.0;Ingrés;ingrés_extra;Feina Horeca;Cartell Xarrup;False
3782;BBVA;Compte;22/07/2024;julio;2024;20.0;0.0;Ingrés;ingrés_extra;Gelt;;False
3383;BBVA;Compte;10/04/2024;abril;2024;152.56;0.0;Ingrés;ingrés_extra;Devolució Hisenda;;False
3811;LaCaixa;Compte;26/07/2024;julio;2024;151.6;0.0;Ingrés;ingrés_general;Complement Generalitat;;False
3899;BBVA;Compte;22/08/2024;agosto;2024;50.0;0.0;Ingrés;ingrés_general;Hisenda 50 1;;False
3900;BBVA;Compte;22/08/2024;agosto;2024;100.0;0.0;Ingrés;ingrés_general;Hisenda 100;;False
3901;BBVA;Compte;22/08/2024;agosto;2024;50.0;0.0;Ingrés;ingrés_general;Hisenda 50 2;;False
3931;LaCaixa;Compte;26/08/2024;agosto;2024;151.6;0.0;Ingrés;ingrés_general;Complement Generalitat;;False
3934;BBVA;Compte;29/08/2024;agosto;2024;13.65;0.0;Ingrés;ingrés_general;Cartera DP Petit;;False
3844;BBVA;Compte;06/08/2024;agosto;2024;46.7;0.0;Ingrés;ingrés_extra;Vinted;;False
3870;Efectiu;;13/08/2024;agosto;2024;280.0;0.0;Ingrés;ingrés_extra;Feina Foto;Festa Lidia Cerrillo;False
3984;BBVA;Compte;16/09/2024;septiembre;2024;22.0;0.0;Ingrés;ingrés_extra;Feina Foto;Olga Coris. Bizum;False
4085;BBVA;Compte;08/10/2024;octubre;2024;10.0;0.0;Ingrés;ingrés_extra;Gelt;;False
4271;Casa;;21/11/2024;noviembre;2024;600.0;0.0;Ingrés;ingrés_extra;Feina Horeca;Calendaris dentista;False
4272;Casa;;25/11/2024;noviembre;2024;300.0;0.0;Ingrés;ingrés_extra;Feina Horeca;Estovalles Xarrup;False
4318;BBVA;Compte;05/12/2024;diciembre;2024;53.0;0.0;Ingrés;ingrés_extra;Feina Foto;Olga Coris;False
4364;BBVA;Compte;18/12/2024;diciembre;2024;36.0;0.0;Ingrés;ingrés_extra;Feina Foto;Felicitacions Bonilla;False
4232;BBVA;Compte;15/11/2024;noviembre;2024;343.31;0.0;Ingrés;ingrés_extra;Subvenció;Bo social energètic;False
4431;BBVA;Compte;31/12/2024;diciembre;2024;15.93;0.0;Ingrés;ingrés_general;Cartera DP Petit;;False
4459;LaCaixa;Compte;23/12/2024;diciembre;2024;151.6;0.0;Ingrés;ingrés_general;Complement Generalitat;;False
4520;BBVA;Compte;22/01/2025;enero;2025;50.0;0.0;Ingrés;ingrés_general;Hisenda 50 1;;False
4521;BBVA;Compte;23/01/2025;enero;2025;100.0;0.0;Ingrés;ingrés_general;Hisenda 100;;False
4522;BBVA;Compte;23/01/2025;enero;2025;50.0;0.0;Ingrés;ingrés_general;Hisenda 50 2;;False
4538;LaCaixa;Compte;28/01/2025;enero;2025;119.67;0.0;Ingrés;ingrés_general;Complement Generalitat;;False
4539;BBVA;Compte;29/01/2025;enero;2025;63.26;0.0;Ingrés;ingrés_general;Cartera DP Gran;;False
5021;Efectiu;;25/05/2025;mayo;2025;33.0;0.0;Ingrés;varis;Ingrés Casa;Regal ve├»na;False
5032;BBVA;Compte;25/05/2025;mayo;2025;11.0;0.0;Ingrés;varis;Ingrés Casa;Regal ve├»na;False
4481;BBVA;Compte;11/01/2025;enero;2025;300.0;0.0;Ingrés;ingrés_extra;Feina Foto;Festa Lidia Cerrillo.BCN;False
4503;Efectiu;;16/01/2025;enero;2025;30.0;0.0;Ingrés;ingrés_extra;Feina Foto;Fotos Paqui Moreno;False
4559;BBVA;Compte;04/02/2025;febrero;2025;1750.0;0.0;Ingrés;ingrés_extra;Venda Articles;Venda or;False
4576;Efectiu;;08/02/2025;febrero;2025;925.0;0.0;Ingrés;ingrés_extra;Venda Articles;Venda Or. Girona;False
4823;BBVA;Compte;05/04/2025;abril;2025;200.0;0.0;Ingrés;op_banc;Traspàs comptes;;False
4777;BBVA;Compte;25/03/2025;marzo;2025;1.65;0.0;Ingrés;ingrés_extra;Ingres Extra;Milka promo;False
4702;BBVA;Compte;10/03/2025;marzo;2025;1.65;0.0;Ingrés;ingrés_extra;Ingres Extra;Promoció Milka;False
5136;BBVA;Compte;18/06/2025;junio;2025;50.0;0.0;Ingrés;ingrés_general;Hisenda 50 1;;False
5137;BBVA;Compte;18/06/2025;junio;2025;50.0;0.0;Ingrés;ingrés_general;Hisenda 50 2;;False
5143;BBVA;Compte;19/06/2025;junio;2025;100.0;0.0;Ingrés;ingrés_general;Hisenda 100;;False
5163;BBVA;Compte;25/06/2025;junio;2025;916.01;0.0;Ingrés;ingrés_general;Paga extra Enric;;False
5165;BBVA;Compte;25/06/2025;junio;2025;926.13;0.0;Ingrés;ingrés_general;Paga extra Isa;;False
5265;BBVA;Compte;18/07/2025;julio;2025;50.0;0.0;Ingrés;ingrés_extra;Feina Foto;74 10x15. Olga Coris;False
5284;Efectiu;;24/07/2025;julio;2025;350.0;0.0;Ingrés;ingrés_extra;Feina Horeca;Estovalles Xarrup;False
5402;BBVA;Compte;21/08/2025;agosto;2025;20.0;0.0;Ingrés;ingrés_extra;Gelt;;False
5501;BBVA;Compte;07/09/2025;septiembre;2025;80.0;0.0;Ingrés;ingrés_extra;Feina Foto;Bizum reste Lidia Cerrillo;False
5172;LaCaixa;Compte;26/06/2025;junio;2025;119.67;0.0;Ingrés;ingrés_general;Complement Generalitat;;False
5598;BBVA;Compte;05/10/2025;octubre;2025;300.0;0.0;Ingrés;op_banc;Traspàs comptes;;False
5502;Casa;;07/09/2025;septiembre;2025;200.0;0.0;Ingrés;ingrés_extra;Feina Foto;efectiu. Lidia Cerrillo;False
5631;BBVA;Compte;15/10/2025;octubre;2025;10.0;0.0;Ingrés;ingrés_extra;Promos;;False
5766;BBVA;Compte;21/11/2025;noviembre;2025;100.0;0.0;Ingrés;ingrés_general;Hisenda 100;;False
5767;BBVA;Compte;21/11/2025;noviembre;2025;50.0;0.0;Ingrés;ingrés_general;Hisenda 50 2;;False
5782;BBVA;Compte;25/11/2025;noviembre;2025;916.01;0.0;Ingrés;ingrés_general;Paga extra Enric;;False
5784;BBVA;Compte;25/11/2025;noviembre;2025;926.13;0.0;Ingrés;ingrés_general;Paga extra Isa;;False
5792;LaCaixa;Compte;26/11/2025;noviembre;2025;119.67;0.0;Ingrés;ingrés_general;Complement Generalitat;;False
5808;BBVA;Compte;30/11/2025;noviembre;2025;15.28;0.0;Ingrés;ingrés_general;Cartera DP Petit;;False
5809;BBVA;Compte;30/11/2025;noviembre;2025;42.01;0.0;Ingrés;ingrés_general;Cartera DP Gran;;False
5904;BBVA;Compte;23/12/2025;diciembre;2025;50.0;0.0;Ingrés;ingrés_general;Hisenda 50 1;;False
5906;BBVA;Compte;23/12/2025;diciembre;2025;50.0;0.0;Ingrés;ingrés_general;Hisenda 50 2;;False
5922;BBVA;Compte;29/12/2025;diciembre;2025;17.7;0.0;Ingrés;ingrés_general;Cartera DP Petit;;False
5917;BBVA;Compte;29/12/2025;diciembre;2025;55.0;0.0;Ingrés;ingrés_extra;Feina Foto;Calendaris Paqui Moreno;False
5924;BBVA;Compte;29/12/2025;diciembre;2025;49.1;0.0;Ingrés;ingrés_extra;Vinted;;False
5945;TradeRep.;Compte;25/12/2025;diciembre;2025;100.0;0.0;Ingrés;ingrés_extra;Ingres Extra;Apertura compte;False
5963;TradeRep.;Compte;31/12/2025;diciembre;2025;15.22;0.0;Ingrés;ingrés_extra;LetyShops;;False
5878;BBVA;Compte;18/12/2025;diciembre;2025;18.0;0.0;Ingrés;ingrés_extra;Feina Foto;Felicitacions Natàlia Bonilla;False
5881;BBVA;Compte;18/12/2025;diciembre;2025;334.9;0.0;Ingrés;ingrés_extra;Subvenció;Bó social energètic;False
5923;BBVA;Compte;29/12/2025;diciembre;2025;42.01;0.0;Ingrés;ingrés_general;Cartera DP Gran;;False
3;BBVA;Compte;01/03/2021;marzo;2021;0.0;21.02;Càrrec;assegurança;Ocaso;;False
2;BBVA;Compte;01/03/2021;marzo;2021;0.0;472.91;Càrrec;despesa_general;Hipoteca;;False
5;BBVA;Compte;01/03/2021;marzo;2021;0.0;100.0;Càrrec;despesa_general;Targeta IKEA;;False
6;BBVA;Compte;01/03/2021;marzo;2021;0.0;58.67;Càrrec;despesa_general;Endesa;;False
8;BBVA;Compte;02/03/2021;marzo;2021;0.0;10.0;Càrrec;assegurança;Agents Comercials;;False
11;BBVA;Compte;04/03/2021;marzo;2021;0.0;27.8;Càrrec;assegurança;BBVA Asseg. Casa;;False
16;BBVA;Compte;05/03/2021;marzo;2021;0.0;11.85;Càrrec;assegurança;DP Morts Enric;;False
18;BBVA;Compte;08/03/2021;marzo;2021;0.0;22.5;Càrrec;assegurança;DP MP Mireia;;False
19;BBVA;Compte;08/03/2021;marzo;2021;0.0;18.64;Càrrec;assegurança;DP Especialistes Mireia;;False
52;BBVA;Compte;01/04/2021;abril;2021;0.0;21.02;Càrrec;assegurança;Ocaso;;False
58;BBVA;Compte;06/04/2021;abril;2021;0.0;27.8;Càrrec;assegurança;BBVA Asseg. Casa;;False
67;BBVA;Compte;07/04/2021;abril;2021;0.0;10.0;Càrrec;assegurança;Agents Comercials;;False
41;BBVA;Compte;30/03/2021;marzo;2021;0.0;100.0;Càrrec;despesa_general;Targeta IKEA;;False
6347;BBVA;Compte;27/03/2026;marzo;2026;45.4;0.0;Ingrés;ingrés_general;Cartera DP Gran;;False
46;BBVA;Compte;30/03/2021;marzo;2021;0.0;51.43;Càrrec;despesa_general;Endesa;;False
50;BBVA;Compte;31/03/2021;marzo;2021;0.0;472.91;Càrrec;despesa_general;Hipoteca;;False
53;BBVA;Compte;01/04/2021;abril;2021;0.0;28.0;Càrrec;despesa_general;Piscina;;False
6353;LaCaixa;Compte;26/03/2026;marzo;2026;68.25;0.0;Ingrés;ingrés_general;Complement Generalitat;;False
6356;BBVA;Compte;27/03/2026;marzo;2026;16.05;0.0;Ingrés;ingrés_general;Cartera DP Petit;;False
6378;BBVA;Compte;31/03/2026;marzo;2026;100.0;0.0;Ingrés;ingrés_general;Hisenda 100;;False
6494;BBVA;Compte;24/04/2026;abril;2026;50.0;0.0;Ingrés;ingrés_general;Hisenda 50 1;;False
66;BBVA;Compte;07/04/2021;abril;2021;0.0;63.55;Càrrec;despesa_general;Masmòvil;;False
15;BBVA;Compte;05/03/2021;marzo;2021;0.0;66.55;Càrrec;despesa_general;Masmòvil;;False
6525;BBVA;Compte;30/04/2026;abril;2026;133.53;0.0;Ingrés;ingrés_extra;Devolució Hisenda;;False
863;BBVA;Dèbit;19/04/2022;abril;2022;0.0;12.25;Càrrec;menjar;Dia;;False
79;BBVA;Dèbit;12/04/2021;abril;2021;0.0;2.5;Càrrec;varis;varis;;False
1;BBVA;Compte;01/03/2021;marzo;2021;0.0;201.11;Càrrec;despesa_general;Prèstec cotxe;;False
49;BBVA;Compte;31/03/2021;marzo;2021;0.0;201.11;Càrrec;despesa_general;Prèstec cotxe;;False
21;BBVA;Dèbit;09/03/2021;marzo;2021;0.0;16.22;Càrrec;menjar;Dia;;False
6495;BBVA;Compte;24/04/2026;abril;2026;50.0;0.0;Ingrés;ingrés_general;Hisenda 50 2;;False
6520;BBVA;Compte;29/04/2026;abril;2026;48.89;0.0;Ingrés;ingrés_general;Cartera DP Gran;;False
6527;LaCaixa;Compte;30/04/2026;abril;2026;68.25;0.0;Ingrés;ingrés_general;Complement Generalitat;;False
6607;BBVA;Compte;21/05/2026;mayo;2026;50.0;0.0;Ingrés;ingrés_general;Hisenda 50 1;;False
6608;BBVA;Compte;21/05/2026;mayo;2026;100.0;0.0;Ingrés;ingrés_general;Hisenda 100;;False
6609;BBVA;Compte;21/05/2026;mayo;2026;50.0;0.0;Ingrés;ingrés_general;Hisenda 50 2;;False
6646;LaCaixa;Compte;26/05/2026;mayo;2026;68.25;0.0;Ingrés;ingrés_general;Complement Generalitat;;False
74;BBVA;Compte;09/04/2021;abril;2021;0.0;22.5;Càrrec;assegurança;DP Especialistes Mireia;;False
75;BBVA;Compte;09/04/2021;abril;2021;0.0;19.92;Càrrec;assegurança;DP Especialistes Mireia;;False
180;BBVA;Compte;04/06/2021;junio;2021;0.0;27.8;Càrrec;assegurança;BBVA Asseg. Casa;;False
142;BBVA;Compte;17/05/2021;mayo;2021;0.0;205.71;Càrrec;assegurança;Assegurança Cotxe;;False
120;BBVA;Compte;05/05/2021;mayo;2021;0.0;11.85;Càrrec;assegurança;DP Morts Enric;;False
117;BBVA;Compte;05/05/2021;mayo;2021;0.0;27.8;Càrrec;assegurança;BBVA Asseg. Casa;;False
102;BBVA;Compte;29/04/2021;abril;2021;0.0;472.91;Càrrec;despesa_general;Hipoteca;;False
106;BBVA;Compte;30/04/2021;abril;2021;0.0;100.0;Càrrec;despesa_general;Targeta IKEA;;False
121;BBVA;Compte;05/05/2021;mayo;2021;0.0;22.5;Càrrec;assegurança;DP MP Mireia;;False
112;BBVA;Compte;03/05/2021;mayo;2021;0.0;28.0;Càrrec;despesa_general;Piscina;;False
113;BBVA;Compte;03/05/2021;mayo;2021;0.0;62.04;Càrrec;despesa_general;Endesa;;False
116;BBVA;Compte;03/05/2021;mayo;2021;0.0;10.0;Càrrec;despesa_general;Agents Comercials;;False
78;BBVA;Compte;12/04/2021;abril;2021;0.0;239.86;Càrrec;despesa_general;Oncolliga;;False
166;BBVA;Compte;31/05/2021;mayo;2021;0.0;201.11;Càrrec;despesa_general;Prèstec cotxe;;False
119;BBVA;Compte;05/05/2021;mayo;2021;0.0;65.58;Càrrec;despesa_general;Masmòvil;;False
173;BBVA;Compte;01/06/2021;junio;2021;0.0;21.02;Càrrec;assegurança;Ocaso;;False
171;BBVA;Compte;31/05/2021;mayo;2021;200.0;0.0;Càrrec;op_banc;Traspàs comptes;;False
175;BBVA;Compte;01/06/2021;junio;2021;0.0;100.0;Càrrec;op_banc;Targeta IKEA;;False
174;BBVA;Compte;01/06/2021;junio;2021;0.0;28.0;Càrrec;despesa_general;Piscina;;False
176;BBVA;Compte;01/06/2021;junio;2021;0.0;10.0;Càrrec;despesa_general;Agents Comercials;;False
133;BBVA;Compte;11/05/2021;mayo;2021;0.0;40.19;Càrrec;despesa_general;Aigua;;False
167;BBVA;Compte;31/05/2021;mayo;2021;0.0;472.91;Càrrec;despesa_general;Hipoteca;;False
168;BBVA;Compte;31/05/2021;mayo;2021;0.0;0.86;Càrrec;ingrés_general;Hisenda;;False
165;BBVA;Compte;31/05/2021;mayo;2021;0.0;0.0;Càrrec;op_banc;Traspàs comptes;;False
122;BBVA;Compte;05/05/2021;mayo;2021;0.0;19.2;Càrrec;assegurança;DP Especialistes Mireia;;False
134;BBVA;Compte;11/05/2021;mayo;2021;0.0;3.5;Càrrec;assegurança;DP Especialistes Mireia;;False
111;BBVA;Compte;03/05/2021;mayo;2021;0.0;21.02;Càrrec;assegurança;Ocaso;;False
137;BBVA;Compte;13/05/2021;mayo;2021;0.0;30.0;Càrrec;assegurança;Gestoria BBVA;;False
234;BBVA;Compte;05/07/2021;julio;2021;0.0;11.85;Càrrec;assegurança;DP Morts Enric;;False
105;BBVA;Compte;30/04/2021;abril;2021;0.0;1.89;Càrrec;despesa_general;Hisenda;Autònoms;False
172;BBVA;Compte;31/05/2021;mayo;2021;0.0;53.16;Càrrec;despesa_general;Endesa;;False
76;BBVA;Dèbit;09/04/2021;abril;2021;0.0;87.96;Càrrec;menjar;LIDL;;False
82;BBVA;Dèbit;14/04/2021;abril;2021;0.0;95.69;Càrrec;menjar;Carrefour;;False
101;BBVA;Compte;29/04/2021;abril;2021;0.0;201.11;Càrrec;despesa_general;Prèstec cotxe;;False
184;BBVA;Compte;04/06/2021;junio;2021;0.0;22.5;Càrrec;assegurança;DP MP Mireia;;False
235;BBVA;Compte;05/07/2021;julio;2021;0.0;22.5;Càrrec;assegurança;DP MP Mireia;;False
189;BBVA;Compte;07/06/2021;junio;2021;0.0;203.76;Càrrec;proveidors;Imprima;;False
183;BBVA;Compte;04/06/2021;junio;2021;0.0;11.85;Càrrec;assegurança;DP Morts Enric;;False
201;BBVA;Compte;16/06/2021;junio;2021;0.0;0.01;Càrrec;despesa_general;Gestoria BBVA;Interesos BBVA;False
185;BBVA;Compte;04/06/2021;junio;2021;0.0;19.2;Càrrec;assegurança;DP Especialistes Mireia;;False
209;BBVA;Compte;25/06/2021;junio;2021;0.0;22.57;Càrrec;despesa_general;Endesa;;False
229;BBVA;Compte;02/07/2021;julio;2021;0.0;10.0;Càrrec;despesa_general;Agents Comercials;;False
241;BBVA;Compte;06/07/2021;julio;2021;0.0;8.07;Càrrec;despesa_general;Masmòvil;;False
249;BBVA;Compte;07/07/2021;julio;2021;0.0;28.27;Càrrec;despesa_general;Endesa;;False
215;BBVA;Compte;30/06/2021;junio;2021;0.0;201.11;Càrrec;despesa_general;Prèstec cotxe;;False
216;BBVA;Compte;30/06/2021;junio;2021;0.0;100.0;Càrrec;op_banc;Targeta IKEA;;False
191;BBVA;Dèbit;08/06/2021;junio;2021;0.0;40.0;Càrrec;gasolina;GasolinaAreaGuissona;;False
188;BBVA;Compte;07/06/2021;junio;2021;0.0;129.96;Càrrec;proveidor;Soloimprenta;;False
219;BBVA;Compte;30/06/2021;junio;2021;0.0;472.91;Càrrec;despesa_general;Hipoteca;;False
208;BBVA;Compte;25/06/2021;junio;2021;0.0;12.0;Càrrec;despesa_general;Pago proveidor;Oncolliga;False
265;BBVA;Compte;16/07/2021;julio;2021;0.0;78.86;Càrrec;proveidor;;PixartPrinting. Avinguda;False
236;BBVA;Compte;05/07/2021;julio;2021;0.0;19.2;Càrrec;assegurança;DP Especialistes Mireia;;False
242;BBVA;Compte;06/07/2021;julio;2021;0.0;66.55;Càrrec;despesa_general;Masmòvil;;False
197;BBVA;Compte;15/06/2021;junio;2021;0.0;30.0;Càrrec;assegurança;Gestoria BBVA;;False
255;BBVA;Compte;13/07/2021;julio;2021;0.0;30.0;Càrrec;assegurança;Gestoria BBVA;;False
292;BBVA;Compte;30/07/2021;julio;2021;0.0;56.65;Càrrec;despesa_general;Endesa;;False
294;BBVA;Compte;02/08/2021;agosto;2021;0.0;472.91;Càrrec;despesa_general;Hipoteca;;False
290;BBVA;Compte;30/07/2021;julio;2021;0.0;1.98;Càrrec;despesa_general;Hisenda;;False
296;BBVA;Compte;02/08/2021;agosto;2021;0.0;28.0;Càrrec;despesa_general;Piscina;;False
227;BBVA;Compte;01/07/2021;julio;2021;0.0;28.0;Càrrec;despesa_general;Piscina;;False
293;BBVA;Compte;02/08/2021;agosto;2021;0.0;199.31;Càrrec;despesa_general;Prèstec cotxe;;False
232;BBVA;Compte;05/07/2021;julio;2021;0.0;27.8;Càrrec;assegurança;BBVA Asseg. Casa;;False
295;BBVA;Compte;02/08/2021;agosto;2021;0.0;21.02;Càrrec;assegurança;Ocaso;;False
228;BBVA;Compte;01/07/2021;julio;2021;0.0;21.02;Càrrec;assegurança;Ocaso;;False
291;BBVA;Compte;30/07/2021;julio;2021;0.0;100.0;Càrrec;op_banc;Targeta IKEA;;False
260;BBVA;Compte;15/07/2021;julio;2021;0.0;2.0;Càrrec;"op_banc
";Gestions banc;Certificat titularitat;False
190;BBVA;Dèbit;07/06/2021;junio;2021;0.0;36.43;Càrrec;varis;Compres: varis;regal Santi;False
318;BBVA;Compte;11/08/2021;agosto;2021;0.0;7.0;Càrrec;assegurança;DP Especialistes Mireia;Copagaments;False
349;BBVA;Compte;31/08/2021;agosto;2021;0.0;2.84;Càrrec;assegurança;Seguretat Social;;False
351;BBVA;Compte;01/09/2021;septiembre;2021;0.0;21.02;Càrrec;assegurança;Ocaso;;False
356;BBVA;Compte;03/09/2021;septiembre;2021;0.0;10.0;Càrrec;assegurança;Agents Comercials;;False
358;BBVA;Compte;03/09/2021;septiembre;2021;0.0;11.85;Càrrec;assegurança;DP Morts Enric;;False
320;BBVA;Compte;11/08/2021;agosto;2021;0.0;40.19;Càrrec;despesa_general;Aigua;;False
359;BBVA;Compte;03/09/2021;septiembre;2021;0.0;22.5;Càrrec;assegurança;DP MP Mireia;;False
322;BBVA;Compte;13/08/2021;agosto;2021;0.0;30.0;Càrrec;despesa_general;Gestoria BBVA;;False
360;BBVA;Compte;03/09/2021;septiembre;2021;0.0;19.2;Càrrec;assegurança;DP Especialistes Mireia;;False
364;BBVA;Compte;06/09/2021;septiembre;2021;0.0;27.8;Càrrec;assegurança;BBVA Asseg. Casa;;False
313;BBVA;Dèbit;09/08/2021;agosto;2021;0.0;11.67;Càrrec;menjar;Dia;;False
298;BBVA;Compte;03/08/2021;agosto;2021;0.0;10.0;Càrrec;despesa_general;Agents Comercials;;False
302;BBVA;Compte;04/08/2021;agosto;2021;0.0;66.55;Càrrec;despesa_general;Masmòvil;;False
331;BBVA;Compte;23/08/2021;agosto;2021;0.0;300.0;Càrrec;varis;Bizum;Mireia;False
332;BBVA;Compte;23/08/2021;agosto;2021;0.0;300.0;Càrrec;varis;Bizum;Berna;False
301;BBVA;Compte;04/08/2021;agosto;2021;0.0;0.1;Càrrec;despesa_general;Masmòvil;;False
300;BBVA;Compte;04/08/2021;agosto;2021;0.0;27.8;Càrrec;assegurança;BBVA Asseg. Casa;;False
305;BBVA;Compte;04/08/2021;agosto;2021;0.0;22.5;Càrrec;assegurança;DP Especialistes Mireia;;False
303;BBVA;Compte;04/08/2021;agosto;2021;0.0;11.85;Càrrec;assegurança;DP Morts Enric;;False
346;BBVA;Compte;30/08/2021;agosto;2021;0.0;35.72;Càrrec;despesa_general;Endesa;;False
348;BBVA;Compte;31/08/2021;agosto;2021;0.0;472.91;Càrrec;despesa_general;Hipoteca;;False
350;BBVA;Compte;31/08/2021;agosto;2021;0.0;100.0;Càrrec;despesa_general;Targeta IKEA;;False
352;BBVA;Compte;01/09/2021;septiembre;2021;0.0;28.0;Càrrec;despesa_general;Piscina;;False
304;BBVA;Compte;04/08/2021;agosto;2021;0.0;19.2;Càrrec;assegurança;DP MP Mireia;;False
306;BBVA;Dèbit;04/08/2021;agosto;2021;0.0;20.0;Càrrec;gasolina;GasolinaAreaGuissona;;False
319;BBVA;Compte;11/08/2021;agosto;2021;0.0;129.97;Càrrec;proveidor;Pago proveidor;Solimprenta.Xarrup.est;False
375;BBVA;Compte;10/09/2021;septiembre;2021;0.0;46.5;Càrrec;proveidor;Exaprint;;False
378;BBVA;Compte;13/09/2021;septiembre;2021;0.0;30.0;Càrrec;despesa_general;Gestoria BBVA;;False
365;BBVA;Compte;06/09/2021;septiembre;2021;0.0;68.28;Càrrec;despesa_general;Masmòvil;;False
347;BBVA;Compte;31/08/2021;agosto;2021;0.0;199.31;Càrrec;despesa_general;Prèstec cotxe;;False
382;BBVA;Compte;16/09/2021;septiembre;2021;0.0;7.3;Càrrec;varis;Interesos;;False
407;BBVA;Compte;30/09/2021;septiembre;2021;0.0;2.84;Càrrec;assegurança;Seguretat Social;;False
410;BBVA;Compte;01/10/2021;octubre;2021;0.0;21.02;Càrrec;assegurança;Ocaso;;False
415;BBVA;Compte;04/10/2021;octubre;2021;0.0;10.0;Càrrec;assegurança;Agents Comercials;;False
392;BBVA;Compte;27/09/2021;septiembre;2021;0.0;100.0;Càrrec;varis;Bizum;Mireia;False
416;BBVA;Compte;05/10/2021;octubre;2021;0.0;27.8;Càrrec;assegurança;BBVA Asseg. Casa;;False
419;BBVA;Compte;05/10/2021;octubre;2021;0.0;11.85;Càrrec;assegurança;DP Morts Enric;;False
420;BBVA;Compte;05/10/2021;octubre;2021;0.0;22.5;Càrrec;assegurança;DP MP Mireia;;False
421;BBVA;Compte;05/10/2021;octubre;2021;0.0;19.2;Càrrec;assegurança;DP Especialistes Mireia;;False
406;BBVA;Compte;30/09/2021;septiembre;2021;0.0;472.91;Càrrec;despesa_general;Hipoteca;;False
408;BBVA;Compte;30/09/2021;septiembre;2021;0.0;100.0;Càrrec;despesa_general;Targeta IKEA;;False
468;BBVA;Compte;02/11/2021;noviembre;2021;0.0;21.02;Càrrec;assegurança;Ocaso;;False
411;BBVA;Compte;01/10/2021;octubre;2021;0.0;28.0;Càrrec;despesa_general;Piscina;;False
412;BBVA;Compte;01/10/2021;octubre;2021;0.0;59.21;Càrrec;despesa_general;Endesa;;False
435;BBVA;Compte;14/10/2021;octubre;2021;0.0;30.0;Càrrec;despesa_general;Gestoria BBVA;;False
466;BBVA;Compte;02/11/2021;noviembre;2021;0.0;472.91;Càrrec;despesa_general;Hipoteca;;False
469;BBVA;Compte;02/11/2021;noviembre;2021;0.0;28.0;Càrrec;despesa_general;Piscina;;False
470;BBVA;Compte;02/11/2021;noviembre;2021;0.0;100.0;Càrrec;despesa_general;Targeta IKEA;;False
471;BBVA;Compte;02/11/2021;noviembre;2021;0.0;67.73;Càrrec;despesa_general;Endesa;;False
418;BBVA;Compte;05/10/2021;octubre;2021;0.0;62.6;Càrrec;despesa_general;Masmòvil;;False
384;BBVA;Dèbit;17/09/2021;septiembre;2021;0.0;4.39;Càrrec;manteniment;Leroymerlin;;False
385;BBVA;Dèbit;20/09/2021;septiembre;2021;0.0;40.0;Càrrec;gasolina;GasolinaAreaGuissona;;False
405;BBVA;Compte;30/09/2021;septiembre;2021;0.0;199.31;Càrrec;despesa_general;Prèstec cotxe;;False
465;BBVA;Compte;02/11/2021;noviembre;2021;0.0;199.31;Càrrec;despesa_general;Prèstec cotxe;;False
472;BBVA;Compte;03/11/2021;noviembre;2021;0.0;10.0;Càrrec;assegurança;Agents Comercials;;False
485;BBVA;Compte;10/11/2021;noviembre;2021;0.0;299.48;Càrrec;proveidor;Trama;Calendaris Pepe;False
486;BBVA;Compte;10/11/2021;noviembre;2021;0.0;54.46;Càrrec;despesa_general;Aigua;;False
475;BBVA;Compte;04/11/2021;noviembre;2021;0.0;27.82;Càrrec;assegurança;BBVA Asseg. Casa;;False
477;BBVA;Compte;04/11/2021;noviembre;2021;0.0;11.85;Càrrec;assegurança;DP Morts Enric;;False
478;BBVA;Compte;04/11/2021;noviembre;2021;0.0;22.5;Càrrec;assegurança;DP MP Mireia;;False
479;BBVA;Compte;04/11/2021;noviembre;2021;0.0;19.2;Càrrec;assegurança;DP Especialistes Mireia;;False
528;BBVA;Compte;01/12/2021;diciembre;2021;0.0;21.02;Càrrec;assegurança;Ocaso;;False
531;BBVA;Compte;01/12/2021;diciembre;2021;0.0;10.0;Càrrec;assegurança;Agents Comercials;;False
534;BBVA;Compte;03/12/2021;diciembre;2021;0.0;22.5;Càrrec;assegurança;DP MP Mireia;;False
498;BBVA;Compte;16/11/2021;noviembre;2021;0.0;30.0;Càrrec;despesa_general;Gestoria BBVA;;False
501;BBVA;Compte;19/11/2021;noviembre;2021;0.0;31.75;Càrrec;despesa_general;Lowi;;False
502;BBVA;Compte;22/11/2021;noviembre;2021;0.0;80.0;Càrrec;varis;Bizum;Mireia Loteria;False
535;BBVA;Compte;03/12/2021;diciembre;2021;0.0;19.2;Càrrec;assegurança;DP Especialistes Mireia;;False
541;BBVA;Compte;07/12/2021;diciembre;2021;0.0;11.85;Càrrec;assegurança;DP Morts Enric;;False
543;BBVA;Compte;07/12/2021;diciembre;2021;0.0;34.2;Càrrec;assegurança;BBVA Asseg. Casa;;False
526;BBVA;Compte;30/11/2021;noviembre;2021;0.0;28.22;Càrrec;despesa_general;Endesa;;False
527;BBVA;Compte;30/11/2021;noviembre;2021;0.0;472.91;Càrrec;despesa_general;Hipoteca;;False
529;BBVA;Compte;01/12/2021;diciembre;2021;0.0;100.0;Càrrec;despesa_general;Targeta IKEA;;False
542;BBVA;Compte;07/12/2021;diciembre;2021;0.0;28.0;Càrrec;despesa_general;Piscina;;False
552;BBVA;Compte;15/12/2021;diciembre;2021;0.0;30.0;Càrrec;despesa_general;Gestoria BBVA;;False
557;BBVA;Compte;17/12/2021;diciembre;2021;0.0;43.9;Càrrec;despesa_general;Masmòvil;;False
476;BBVA;Compte;04/11/2021;noviembre;2021;0.0;31.82;Càrrec;despesa_general;Masmòvil;;False
473;BBVA;Dèbit;03/11/2021;noviembre;2021;0.0;40.0;Càrrec;gasolina;GasolinaAreaGuissona;;False
524;BBVA;Compte;30/11/2021;noviembre;2021;0.0;199.31;Càrrec;despesa_general;Prèstec cotxe;;False
474;BBVA;Dèbit;03/11/2021;noviembre;2021;0.0;6.23;Càrrec;menjar;Fruiteria;;False
604;BBVA;Compte;03/01/2022;enero;2022;0.0;22.62;Càrrec;assegurança;Ocaso;;False
608;BBVA;Compte;04/01/2022;enero;2022;0.0;10.0;Càrrec;assegurança;Agents Comercials;;False
611;BBVA;Compte;05/01/2022;enero;2022;0.0;34.2;Càrrec;assegurança;BBVA Asseg. Casa;;False
613;BBVA;Compte;05/01/2022;enero;2022;0.0;11.85;Càrrec;assegurança;DP Morts Enric;;False
614;BBVA;Compte;05/01/2022;enero;2022;0.0;23.92;Càrrec;assegurança;DP MP Mireia;;False
590;BBVA;Compte;30/12/2021;diciembre;2021;0.0;3.69;Càrrec;proveidor;Hofmann;;False
591;BBVA;Compte;01/01/2022;enero;2022;0.0;100.0;Càrrec;despesa_general;Targeta IKEA;;False
618;BBVA;Compte;05/01/2022;enero;2022;0.0;19.2;Càrrec;assegurança;DP Especialistes Mireia;;False
601;BBVA;Compte;31/12/2021;diciembre;2021;0.0;472.91;Càrrec;despesa_general;Hipoteca;;False
602;BBVA;Compte;01/01/2022;enero;2022;0.0;54.8;Càrrec;despesa_general;Endesa;;False
639;BBVA;Compte;17/01/2022;enero;2022;0.0;43.8;Càrrec;despesa_general;Lowi;;False
640;BBVA;Compte;17/01/2022;enero;2022;0.0;30.0;Càrrec;despesa_general;Gestoria BBVA;;False
642;BBVA;Compte;17/01/2022;enero;2022;0.0;40.0;Càrrec;varis;Bizum;Mireia sabates;False
664;BBVA;Compte;31/01/2022;enero;2022;0.0;472.91;Càrrec;despesa_general;Hipoteca;;False
665;BBVA;Compte;31/01/2022;enero;2022;0.0;3.59;Càrrec;proveidor;Hofmann;;False
574;BBVA;Dèbit;24/12/2021;diciembre;2021;0.0;28.87;Càrrec;menjar;Dialprix;;False
578;BBVA;Dèbit;27/12/2021;diciembre;2021;0.0;12.99;Càrrec;menjar;Dialprix;;False
600;BBVA;Compte;31/12/2021;diciembre;2021;0.0;199.31;Càrrec;despesa_general;Prèstec cotxe;;False
663;BBVA;Compte;31/01/2022;enero;2022;0.0;199.31;Càrrec;despesa_general;Prèstec cotxe;;False
580;BBVA;Dèbit;27/12/2021;diciembre;2021;0.0;14.75;Càrrec;menjar;Dialprix;;False
670;BBVA;Compte;01/02/2022;febrero;2022;0.0;56.0;Càrrec;despesa_general;Piscina;;False
671;BBVA;Compte;01/02/2022;febrero;2022;0.0;100.0;Càrrec;despesa_general;Targeta IKEA;;False
669;BBVA;Compte;01/02/2022;febrero;2022;0.0;22.14;Càrrec;assegurança;Ocaso;;False
680;BBVA;Compte;03/02/2022;febrero;2022;0.0;39.4;Càrrec;despesa_general;Endesa;;False
674;BBVA;Compte;02/02/2022;febrero;2022;0.0;10.0;Càrrec;assegurança;Agents Comercials;;False
676;BBVA;Compte;03/02/2022;febrero;2022;0.0;12.79;Càrrec;assegurança;DP Morts Enric;;False
677;BBVA;Compte;03/02/2022;febrero;2022;0.0;23.5;Càrrec;assegurança;DP MP Mireia;;False
678;BBVA;Compte;03/02/2022;febrero;2022;0.0;19.2;Càrrec;assegurança;DP Especialistes Mireia;;False
682;BBVA;Compte;04/02/2022;febrero;2022;0.0;34.2;Càrrec;assegurança;BBVA Asseg. Casa;;False
701;BBVA;Compte;16/02/2022;febrero;2022;0.0;30.0;Càrrec;assegurança;Gestoria BBVA;;False
724;BBVA;Compte;01/03/2022;marzo;2022;0.0;22.14;Càrrec;assegurança;Ocaso;;False
731;BBVA;Compte;02/03/2022;marzo;2022;0.0;10.0;Càrrec;assegurança;Agents Comercials;;False
694;BBVA;Compte;11/02/2022;febrero;2022;0.0;45.87;Càrrec;despesa_general;Aigua;;False
738;BBVA;Compte;03/03/2022;marzo;2022;0.0;23.5;Càrrec;assegurança;DP MP Mireia;;False
739;BBVA;Compte;03/03/2022;marzo;2022;0.0;19.2;Càrrec;assegurança;DP Especialistes Mireia;;False
743;BBVA;Compte;04/03/2022;marzo;2022;0.0;34.2;Càrrec;assegurança;BBVA Asseg. Casa;;False
745;BBVA;VISA;04/03/2022;marzo;2022;0.0;4.2;Càrrec;varis;Expectacles/Teatre;Llibreria Arbúcies.Paper;False
700;BBVA;Compte;16/02/2022;febrero;2022;0.0;44.0;Càrrec;despesa_general;Lowi;;False
747;Efectiu;;06/03/2022;marzo;2022;0.0;10.0;Càrrec;varis;Expectacles/Teatre;Donació Breda;False
722;BBVA;Compte;28/02/2022;febrero;2022;0.0;3.99;Càrrec;proveidor;Hofmann;;False
723;BBVA;Compte;28/02/2022;febrero;2022;0.0;472.91;Càrrec;despesa_general;Hipoteca;;False
725;BBVA;Compte;01/03/2022;marzo;2022;0.0;56.0;Càrrec;despesa_general;Piscina;;False
726;BBVA;Compte;01/03/2022;marzo;2022;0.0;100.0;Càrrec;despesa_general;Targeta IKEA;;False
730;BBVA;Compte;01/03/2022;marzo;2022;0.0;75.87;Càrrec;despesa_general;Endesa;;False
736;BBVA;VISA;02/03/2022;marzo;2022;0.0;5.99;Càrrec;menjar;LIDL;;False
737;BBVA;VISA;02/03/2022;marzo;2022;0.0;4.76;Càrrec;manteniment;Aliexpress;Pila 2032;False
856;Efectiu;;14/04/2022;abril;2022;0.0;10.0;Càrrec;personal;Jordi;;False
746;BBVA;VISA;04/03/2022;marzo;2022;0.0;5.47;Càrrec;varis;Transport;Correus Mireia;False
668;BBVA;Dèbit;31/01/2022;enero;2022;0.0;8.04;Càrrec;menjar;Dia;;False
721;BBVA;Compte;28/02/2022;febrero;2022;0.0;199.31;Càrrec;despesa_general;Prèstec cotxe;;False
673;BBVA;Dèbit;01/02/2022;febrero;2022;0.0;14.06;Càrrec;neteja;Clarel;;False
753;BBVA;Compte;07/03/2022;marzo;2022;0.0;12.57;Càrrec;assegurança;DP Morts Enric;;False
755;Efectiu;;07/03/2022;marzo;2022;0.0;5.0;Càrrec;personal;Jordi;;False
756;Efectiu;;07/03/2022;marzo;2022;0.0;10.0;Càrrec;menjar;Fruiteria;;False
794;BBVA;Compte;25/03/2022;marzo;2022;0.0;30.0;Càrrec;assegurança;Gestoria BBVA;;False
818;BBVA;Compte;01/04/2022;abril;2022;0.0;22.14;Càrrec;assegurança;Ocaso;;False
823;BBVA;Compte;04/04/2022;abril;2022;0.0;10.0;Càrrec;assegurança;Agents Comercials;;False
825;BBVA;Compte;05/04/2022;abril;2022;0.0;34.2;Càrrec;assegurança;BBVA Asseg. Casa;;False
827;BBVA;Compte;05/04/2022;abril;2022;0.0;12.57;Càrrec;assegurança;DP Morts Enric;;False
828;BBVA;Compte;05/04/2022;abril;2022;0.0;23.5;Càrrec;assegurança;DP Especialistes Mireia;;False
766;Efectiu;;10/03/2022;marzo;2022;0.0;0.0;Càrrec;manteniment;Xino Sta.Coloma;;False
767;BBVA;VISA;10/03/2022;marzo;2022;0.0;4.71;Càrrec;manteniment;Aliexpress;Aire cond.;False
768;BBVA;VISA;10/03/2022;marzo;2022;0.0;1.86;Càrrec;manteniment;Aliexpress;Cargols;False
769;BBVA;VISA;10/03/2022;marzo;2022;0.0;11.27;Càrrec;manteniment;Xino Sta.Coloma;;False
829;BBVA;Compte;05/04/2022;abril;2022;0.0;20.35;Càrrec;assegurança;DP MP Mireia;;False
789;Efectiu;;22/03/2022;marzo;2022;0.0;20.6;Càrrec;butà;Butà Gasolinera;;False
824;BBVA;VISA;04/04/2022;abril;2022;0.0;91.99;Càrrec;manteniment;Back Market;Mòbil Jordi;False
775;Efectiu;;14/03/2022;marzo;2022;0.0;5.78;Càrrec;menjar;Dia;;False
776;Efectiu;;14/03/2022;marzo;2022;0.0;12.0;Càrrec;menjar;Fruiteria;;False
779;BBVA;Compte;16/03/2022;marzo;2022;0.0;43.8;Càrrec;despesa_general;Lowi;;False
787;Efectiu;;22/03/2022;marzo;2022;0.0;8.0;Càrrec;menjar;Dia;;False
788;Efectiu;;22/03/2022;marzo;2022;0.0;15.0;Càrrec;menjar;Can Rinsa;;False
799;Efectiu;;26/03/2022;marzo;2022;0.0;10.0;Càrrec;personal;Jordi;;False
800;Efectiu;;26/03/2022;marzo;2022;0.0;5.0;Càrrec;menjar;Fruiteria;;False
801;Efectiu;;26/03/2022;marzo;2022;0.0;15.71;Càrrec;menjar;AreaGuissona;;False
813;BBVA;Compte;31/03/2022;marzo;2022;0.0;68.16;Càrrec;despesa_general;Consell comarcal Selva;;False
814;Efectiu;;31/03/2022;marzo;2022;0.0;16.0;Càrrec;menjar;Ous casolans;;False
816;BBVA;Compte;01/04/2022;abril;2022;0.0;52.8;Càrrec;despesa_general;Endesa;;False
817;BBVA;Compte;31/03/2022;marzo;2022;0.0;472.91;Càrrec;despesa_general;Hipoteca;;False
819;BBVA;Compte;01/04/2022;abril;2022;0.0;56.0;Càrrec;despesa_general;Piscina;;False
749;BBVA;Dèbit;07/03/2022;marzo;2022;0.0;25.27;Càrrec;menjar;Dia;Ajuda Ucraina;False
811;BBVA;Compte;31/03/2022;marzo;2022;0.0;199.31;Càrrec;despesa_general;Prèstec cotxe;;False
760;BBVA;Dèbit;08/03/2022;marzo;2022;0.0;86.58;Càrrec;varis;Extra;Renovar Conduir EXV;False
830;BBVA;VISA;05/04/2022;abril;2022;0.0;8.92;Càrrec;menjar;LIDL;;False
831;BBVA;VISA;05/04/2022;abril;2022;0.0;3.89;Càrrec;manteniment;Xino Sta.Coloma;;False
834;Efectiu;;06/04/2022;abril;2022;0.0;9.0;Càrrec;menjar;Can Rinsa;;False
835;Efectiu;;06/04/2022;abril;2022;0.0;5.0;Càrrec;personal;Jordi;;False
836;BBVA;VISA;06/04/2022;abril;2022;0.0;1.88;Càrrec;manteniment;Aliexpress;Interruptor;False
837;Efectiu;;06/04/2022;abril;2022;0.0;10.0;Càrrec;restaurant;Bar;vermut Casino;False
844;BBVA;VISA;09/04/2022;abril;2022;0.0;10.15;Càrrec;restaurant;Bar;Viena. Vic;False
851;BBVA;Compte;13/04/2022;abril;2022;0.0;30.0;Càrrec;assegurança;Gestoria BBVA;;False
904;BBVA;Compte;02/05/2022;mayo;2022;0.0;22.14;Càrrec;assegurança;Ocaso;;False
840;BBVA;Compte;07/04/2022;abril;2022;0.0;66.45;Càrrec;assegurança;Imp. Circulació Palamós;;False
854;LaCaixa;Compte;13/04/2022;abril;2022;0.0;178.54;Càrrec;varis;Multa;Tràfic;False
861;Efectiu;;18/04/2022;abril;2022;0.0;35.0;Càrrec;menjar;Altres menjar;Setmana Santa Palamós;False
869;BBVA;VISA;21/04/2022;abril;2022;0.0;24.6;Càrrec;proveidor;Concord;Àlbums Comunió;False
857;Efectiu;;14/04/2022;abril;2022;0.0;10.0;Càrrec;personal;Enric;;False
858;Efectiu;;14/04/2022;abril;2022;0.0;10.0;Càrrec;rebost;Altres menjar;Taronges Cisco;False
862;Efectiu;;18/04/2022;abril;2022;0.0;20.0;Càrrec;varis;Expectacles/Teatre;Llibre Isabel (Piscina);False
864;BBVA;VISA;19/04/2022;abril;2022;0.0;46.99;Càrrec;manteniment;LIDL;Fresadora;False
865;BBVA;Compte;20/04/2022;abril;2022;0.0;43.8;Càrrec;despesa_general;Lowi;;False
867;BBVA;VISA;20/04/2022;abril;2022;0.0;7.65;Càrrec;varis;Transport;Rosa Mireia;False
878;Efectiu;;22/04/2022;abril;2022;0.0;8.9;Càrrec;restaurant;Bar;BCN. Teatre;False
883;BBVA;VISA;25/04/2022;abril;2022;0.0;10.02;Càrrec;manteniment;Aliexpress;bateria D300;False
886;BBVA;VISA;26/04/2022;abril;2022;0.0;5.85;Càrrec;manteniment;Xino Sta.Coloma;;False
887;Efectiu;;26/04/2022;abril;2022;0.0;6.0;Càrrec;menjar;Dia;;False
888;Efectiu;;26/04/2022;abril;2022;0.0;12.0;Càrrec;menjar;Can Rinsa;;False
892;Efectiu;;28/04/2022;abril;2022;0.0;1.4;Càrrec;restaurant;Bar;;False
901;Efectiu;;30/04/2022;abril;2022;0.0;16.0;Càrrec;menjar;Ous casolans;;False
905;BBVA;Compte;02/05/2022;mayo;2022;0.0;6.11;Càrrec;proveidor;Hofmann;;False
906;BBVA;Compte;02/05/2022;mayo;2022;0.0;56.0;Càrrec;despesa_general;Piscina;;False
833;Efectiu;;06/04/2022;abril;2022;0.0;14.5;Càrrec;menjar;Plaça;;False
832;BBVA;Dèbit;06/04/2022;abril;2022;0.0;13.49;Càrrec;menjar;Dia;;False
900;BBVA;Compte;30/04/2022;abril;2022;0.0;199.28;Càrrec;despesa_general;Prèstec cotxe;;False
842;BBVA;Dèbit;07/04/2022;abril;2022;0.0;60.73;Càrrec;gasolina;GasolinaAreaGuissona;;False
843;BBVA;Dèbit;07/04/2022;abril;2022;0.0;111.38;Càrrec;menjar;LIDL;;False
912;Efectiu;;04/05/2022;mayo;2022;0.0;2.63;Càrrec;menjar;Dia;;False
913;BBVA;VISA;04/05/2022;mayo;2022;0.0;23.6;Càrrec;menjar;LIDL;;False
914;BBVA;Compte;30/04/2022;abril;2022;0.0;472.91;Càrrec;despesa_general;Hipoteca;;False
919;Efectiu;;05/05/2022;mayo;2022;0.0;9.0;Càrrec;menjar;Can Rinsa;;False
920;Efectiu;;05/05/2022;mayo;2022;0.0;7.5;Càrrec;menjar;Peixeteria;;False
923;BBVA;Compte;06/05/2022;mayo;2022;0.0;50.61;Càrrec;despesa_general;Endesa;;False
911;BBVA;Compte;04/05/2022;mayo;2022;0.0;34.2;Càrrec;assegurança;BBVA Asseg. Casa;;False
926;BBVA;VISA;06/05/2022;mayo;2022;0.0;1.4;Càrrec;restaurant;Bar;;False
928;Efectiu;;08/05/2022;mayo;2022;0.0;10.0;Càrrec;menjar;Can Rinsa;;False
929;Efectiu;;08/05/2022;mayo;2022;0.0;8.0;Càrrec;menjar;Ous casolans;;False
930;Efectiu;;08/05/2022;mayo;2022;0.0;10.0;Càrrec;menjar;Fruiteria;;False
931;Efectiu;;08/05/2022;mayo;2022;0.0;24.0;Càrrec;varis;Expectacles/Teatre;Cursa primavera;False
916;BBVA;Compte;05/05/2022;mayo;2022;0.0;12.57;Càrrec;assegurança;DP Morts Enric;;False
917;BBVA;Compte;05/05/2022;mayo;2022;0.0;23.5;Càrrec;assegurança;DP Especialistes Mireia;;False
918;BBVA;Compte;05/05/2022;mayo;2022;0.0;19.79;Càrrec;assegurança;DP MP Mireia;;False
937;BBVA;VISA;10/05/2022;mayo;2022;0.0;10.86;Càrrec;manteniment;Aliexpress;Expansor aire;False
944;BBVA;Compte;13/05/2022;mayo;2022;0.0;30.0;Càrrec;assegurança;Gestoria BBVA;;False
992;BBVA;Compte;01/06/2022;junio;2022;0.0;22.14;Càrrec;assegurança;Ocaso;;False
940;BBVA;Compte;11/05/2022;mayo;2022;0.0;45.62;Càrrec;despesa_general;Aigua;;False
942;Efectiu;;11/05/2022;mayo;2022;0.0;20.0;Càrrec;personal;Jordi;;False
955;BBVA;Compte;18/05/2022;mayo;2022;0.0;148.64;Càrrec;assegurança;Assegurança Cotxe;;False
910;BBVA;VISA;03/05/2022;mayo;2022;0.0;97.99;Càrrec;manteniment;Back Market;Mòbil Enric;False
927;Efectiu;;06/05/2022;mayo;2022;0.0;37.0;Càrrec;restaurant;Restaurant;Gasolinera Arbúcies;False
951;BBVA;Compte;16/05/2022;mayo;2022;0.0;44.18;Càrrec;despesa_general;Lowi;;False
952;Efectiu;;16/05/2022;mayo;2022;0.0;5.63;Càrrec;menjar;Dia;;False
953;Efectiu;;16/05/2022;mayo;2022;0.0;4.75;Càrrec;menjar;AreaGuissona;;False
958;Efectiu;;19/05/2022;mayo;2022;0.0;153.27;Càrrec;proveidor;Soloimprenta;Xarrup.estovalles;False
962;Efectiu;;21/05/2022;mayo;2022;0.0;12.4;Càrrec;menjar;Dia;;False
963;Efectiu;;21/05/2022;mayo;2022;0.0;7.0;Càrrec;menjar;Fruiteria;;False
964;Efectiu;;21/05/2022;mayo;2022;0.0;8.9;Càrrec;menjar;Peixeteria;;False
965;Efectiu;;22/05/2022;mayo;2022;0.0;10.19;Càrrec;menjar;Can Rinsa;;False
966;Efectiu;;22/05/2022;mayo;2022;0.0;8.0;Càrrec;menjar;Ous casolans;;False
980;BBVA;Compte;30/05/2022;mayo;2022;0.0;10.38;Càrrec;proveidor;Hofmann;;False
990;BBVA;Compte;01/06/2022;junio;2022;0.0;30.22;Càrrec;despesa_general;Endesa;;False
991;BBVA;Compte;31/05/2022;mayo;2022;0.0;472.91;Càrrec;despesa_general;Hipoteca;;False
993;BBVA;Compte;01/06/2022;junio;2022;0.0;56.0;Càrrec;despesa_general;Piscina;;False
946;Efectiu;;15/05/2022;mayo;2022;0.0;15.0;Càrrec;menjar;Plaça;;False
924;BBVA;Dèbit;06/05/2022;mayo;2022;0.0;6.49;Càrrec;menjar;Dia;;False
1001;BBVA;VISA;03/06/2022;junio;2022;0.0;40.0;Càrrec;gasolina;GasolinaAreaGuissona;;False
1002;BBVA;VISA;04/06/2022;junio;2022;0.0;55.44;Càrrec;restaurant;Restaurant;Xino buffet Platja d'Aro;False
1003;Efectiu;;05/06/2022;junio;2022;0.0;4.0;Càrrec;menjar;Dia;;False
1005;Efectiu;;05/06/2022;junio;2022;0.0;4.0;Càrrec;menjar;Ous casolans;;False
1006;Efectiu;;05/06/2022;junio;2022;0.0;20.0;Càrrec;personal;Jordi;;False
1008;BBVA;VISA;06/06/2022;junio;2022;0.0;40.0;Càrrec;gasolina;GasolinaAreaGuissona;;False
1013;BBVA;VISA;08/06/2022;junio;2022;0.0;52.2;Càrrec;menjar;LIDL;;False
1014;BBVA;VISA;09/06/2022;junio;2022;0.0;40.0;Càrrec;gasolina;GasolinaAreaGuissona;;False
998;BBVA;Compte;03/06/2022;junio;2022;0.0;12.57;Càrrec;assegurança;DP Morts Enric;;False
999;BBVA;Compte;03/06/2022;junio;2022;0.0;23.5;Càrrec;assegurança;DP Especialistes Mireia;;False
1000;BBVA;Compte;03/06/2022;junio;2022;0.0;19.79;Càrrec;assegurança;DP MP Mireia;;False
1025;Efectiu;;13/06/2022;junio;2022;0.0;266.2;Càrrec;proveidor;Imprima;La Selvatana;False
1010;BBVA;Compte;07/06/2022;junio;2022;0.0;34.2;Càrrec;assegurança;BBVA Asseg. Casa;;False
1031;BBVA;Compte;16/06/2022;junio;2022;0.0;30.0;Càrrec;assegurança;Gestoria BBVA;;False
1032;BBVA;Compte;16/06/2022;junio;2022;0.0;0.01;Càrrec;assegurança;Gestoria BBVA;;False
1029;Efectiu;;15/06/2022;junio;2022;0.0;9.0;Càrrec;restaurant;Bar;Creps. Enrramades;False
1030;Efectiu;;15/06/2022;junio;2022;0.0;11.0;Càrrec;restaurant;Bar;Can Torres;False
1074;BBVA;Compte;01/07/2022;julio;2022;0.0;22.14;Càrrec;assegurança;Ocaso;;False
1034;Efectiu;;16/06/2022;junio;2022;0.0;6.5;Càrrec;menjar;Mercadona;;False
1036;Efectiu;;16/06/2022;junio;2022;0.0;17.0;Càrrec;restaurant;Restaurant;Butifarrada+ gelats;False
1037;BBVA;Compte;17/06/2022;junio;2022;0.0;43.8;Càrrec;despesa_general;Lowi;;False
1038;Efectiu;;17/06/2022;junio;2022;0.0;9.0;Càrrec;menjar;Fruiteria;;False
1039;Efectiu;;18/06/2022;junio;2022;0.0;40.0;Càrrec;varis;Expectacles/Teatre;;False
1040;Efectiu;;19/06/2022;junio;2022;0.0;10.0;Càrrec;personal;Enric;;False
1083;BBVA;Compte;05/07/2022;julio;2022;0.0;34.2;Càrrec;assegurança;BBVA Asseg. Casa;;False
1045;Efectiu;;20/06/2022;junio;2022;0.0;15.0;Càrrec;menjar;Can Rinsa;;False
1046;Efectiu;;20/06/2022;junio;2022;0.0;4.0;Càrrec;menjar;Ous casolans;;False
1047;Efectiu;;20/06/2022;junio;2022;0.0;13.5;Càrrec;menjar;Fruiteria;;False
1085;BBVA;Compte;05/07/2022;julio;2022;0.0;23.5;Càrrec;assegurança;DP MP Mireia;;False
1035;Efectiu;;16/06/2022;junio;2022;0.0;20.0;Càrrec;butà;Butà reparto;;False
1057;BBVA;Compte;27/06/2022;junio;2022;0.0;12.0;Càrrec;despesa_general;Oncolliga;;False
1007;Efectiu;;05/06/2022;junio;2022;0.0;20.0;Càrrec;restaurant;Restaurant;Pizza Palamós + gelats;False
1070;BBVA;Compte;30/06/2022;junio;2022;0.0;20.84;Càrrec;proveidor;Hofmann;;False
1072;Efectiu;;30/06/2022;junio;2022;0.0;8.0;Càrrec;menjar;Ous casolans;;False
1073;BBVA;Compte;30/06/2022;junio;2022;0.0;472.91;Càrrec;despesa_general;Hipoteca;;False
1075;BBVA;Compte;01/07/2022;julio;2022;0.0;56.0;Càrrec;despesa_general;Piscina;;False
1004;Efectiu;;05/06/2022;junio;2022;0.0;7.0;Càrrec;menjar;Plaça;;False
1017;BBVA;Dèbit;10/06/2022;junio;2022;0.0;16.14;Càrrec;manteniment;Norauto;anticong. G13;False
1018;BBVA;Dèbit;10/06/2022;junio;2022;0.0;3.9;Càrrec;restaurant;Bar;;False
1019;BBVA;Dèbit;10/06/2022;junio;2022;0.0;3.55;Càrrec;varis;Parking;;False
1087;BBVA;Compte;05/07/2022;julio;2022;0.0;34.75;Càrrec;despesa_general;Endesa;;False
1088;BBVA;VISA;02/07/2022;julio;2022;0.0;11.99;Càrrec;roba;Altre roba;H&M;False
1089;BBVA;VISA;02/07/2022;julio;2022;0.0;6.95;Càrrec;roba;Altre roba;Punto Roma;False
1090;BBVA;VISA;02/07/2022;julio;2022;0.0;34.95;Càrrec;roba;Altre roba;sabateria Marlos;False
1091;BBVA;VISA;05/07/2022;julio;2022;0.0;68.11;Càrrec;gasolina;GasolinaAreaGuissona;;False
1092;Casa;Efectiu;01/07/2022;julio;2022;0.0;20.0;Càrrec;varis;Perruqueria;Jordi;False
1096;Casa;Efectiu;06/07/2022;julio;2022;0.0;265.0;Càrrec;proveidor;Soloimprenta;Xarrup.Cartes;False
1097;Casa;Efectiu;06/07/2022;julio;2022;0.0;10.56;Càrrec;menjar;LIDL;;False
1098;Casa;Efectiu;06/07/2022;julio;2022;0.0;27.2;Càrrec;menjar;Mercadona;;False
1101;Efectiu;;06/07/2022;julio;2022;0.0;5.0;Càrrec;menjar;Fruiteria;;False
1103;Efectiu;;07/07/2022;julio;2022;0.0;6.23;Càrrec;manteniment;Xino Sta.Coloma;;False
1104;Efectiu;;07/07/2022;julio;2022;0.0;15.5;Càrrec;restaurant;Restaurant;Rostisseria Sta.Coloma;False
1105;Efectiu;;07/07/2022;julio;2022;0.0;45.9;Càrrec;menjar;LIDL;;False
1107;BBVA;VISA;08/07/2022;julio;2022;0.0;50.42;Càrrec;proveidor;SelfPrinting;Forex Xarrup;False
1109;Efectiu;;11/07/2022;julio;2022;0.0;40.0;Càrrec;varis;Perruqueria;Isa;False
1110;Efectiu;;11/07/2022;julio;2022;0.0;10.0;Càrrec;personal;Jordi;;False
1111;Efectiu;;11/07/2022;julio;2022;0.0;20.0;Càrrec;personal;Enric;;False
1112;Efectiu;;11/07/2022;julio;2022;0.0;5.0;Càrrec;personal;Jordi;kebab;False
1113;Efectiu;;11/07/2022;julio;2022;0.0;16.0;Càrrec;menjar;AreaGuissona;;False
1114;Efectiu;;11/07/2022;julio;2022;0.0;5.0;Càrrec;menjar;Fruiteria;;False
1086;BBVA;Compte;05/07/2022;julio;2022;0.0;19.79;Càrrec;assegurança;DP Especialistes Mireia;;False
1099;BBVA;Compte;06/07/2022;julio;2022;0.0;12.57;Càrrec;assegurança;DP Morts Enric;;False
1120;BBVA;Compte;14/07/2022;julio;2022;0.0;30.0;Càrrec;assegurança;Gestoria BBVA;;False
1102;Efectiu;;07/07/2022;julio;2022;0.0;6.5;Càrrec;farmàcia;Farmàcia;Almax;False
1093;Casa;Efectiu;03/07/2022;julio;2022;0.0;90.0;Càrrec;varis;Extra;Comunió Nuria;False
1094;Casa;Efectiu;03/07/2022;julio;2022;0.0;20.0;Càrrec;restaurant;Restaurant;Pirata.Palamós;False
1147;Efectiu;;18/07/2022;julio;2022;0.0;10.0;Càrrec;restaurant;Restaurant;Pizza Palamós;False
1135;Efectiu;;16/07/2022;julio;2022;0.0;8.79;Càrrec;menjar;BonPreu;;False
1136;Efectiu;;18/07/2022;julio;2022;0.0;31.72;Càrrec;menjar;BonPreu;;False
1137;Efectiu;;01/07/2022;julio;2022;0.0;16.92;Càrrec;menjar;AreaGuissona;;False
1138;Efectiu;;16/07/2022;julio;2022;0.0;10.0;Càrrec;menjar;Past. Ayma;;False
1139;Efectiu;;16/07/2022;julio;2022;0.0;6.0;Càrrec;menjar;Fruiteria;;False
1140;Efectiu;;21/07/2022;julio;2022;0.0;17.37;Càrrec;menjar;AreaGuissona;;False
1141;Efectiu;;21/07/2022;julio;2022;0.0;5.0;Càrrec;personal;Jordi;;False
1142;Efectiu;;21/07/2022;julio;2022;0.0;3.0;Càrrec;menjar;BonPreu;;False
1143;Efectiu;;21/07/2022;julio;2022;0.0;3.56;Càrrec;menjar;Altres menjar;Condis;False
1144;Efectiu;;21/07/2022;julio;2022;0.0;4.8;Càrrec;menjar;Fruiteria;;False
1145;Efectiu;;22/07/2022;julio;2022;0.0;1.39;Càrrec;menjar;BonPreu;;False
1146;Efectiu;;18/07/2022;julio;2022;0.0;10.85;Càrrec;menjar;Dia;;False
1148;Efectiu;;18/07/2022;julio;2022;0.0;5.0;Càrrec;personal;Jordi;gelats;False
1149;Efectiu;;18/07/2022;julio;2022;0.0;15.0;Càrrec;personal;Jordi;esmorzar i gelats;False
1150;Efectiu;;18/07/2022;julio;2022;0.0;8.0;Càrrec;menjar;Dia;;False
1151;Casa;Efectiu;03/07/2022;julio;2022;0.0;100.0;Càrrec;personal;Enric;Regal Nuria;False
1152;Efectiu;;18/07/2022;julio;2022;0.0;14.0;Càrrec;menjar;BonPreu;;False
1153;Efectiu;;26/07/2022;julio;2022;0.0;20.0;Càrrec;menjar;Ous casolans;;False
1154;Efectiu;;18/07/2022;julio;2022;0.0;24.0;Càrrec;restaurant;Restaurant;Gent Gran;False
1155;Efectiu;;18/07/2022;julio;2022;0.0;10.0;Càrrec;restaurant;Restaurant;kebab Jordi;False
1118;BBVA;Dèbit;12/07/2022;julio;2022;0.0;73.12;Càrrec;gasolina;GasolinaAreaGuissona;;False
1121;BBVA;Dèbit;15/07/2022;julio;2022;0.0;75.2;Càrrec;restaurant;Restaurant;Juanan;False
1165;BBVA;Compte;29/07/2022;julio;2022;0.0;35.52;Càrrec;despesa_general;Endesa;;False
1167;BBVA;Compte;30/07/2022;julio;2022;0.0;472.91;Càrrec;despesa_general;Hipoteca;;False
1169;BBVA;Compte;01/08/2022;agosto;2022;0.0;56.0;Càrrec;despesa_general;Piscina;;False
1171;BBVA;Compte;01/08/2022;agosto;2022;0.0;21.94;Càrrec;varis;Compres: varis;Amazon.Llibre Mireia;False
1168;BBVA;Compte;01/08/2022;agosto;2022;0.0;22.14;Càrrec;assegurança;Ocaso;;False
1184;BBVA;Compte;08/08/2022;agosto;2022;0.0;45.12;Càrrec;despesa_general;Aigua;;False
1174;BBVA;Compte;02/08/2022;agosto;2022;0.0;30.0;Càrrec;assegurança;Gestoria BBVA;;False
1178;BBVA;Compte;03/08/2022;agosto;2022;0.0;12.57;Càrrec;assegurança;DP Morts Enric;;False
1179;BBVA;Compte;03/08/2022;agosto;2022;0.0;23.5;Càrrec;assegurança;DP MP Mireia;;False
1180;BBVA;Compte;03/08/2022;agosto;2022;0.0;19.79;Càrrec;assegurança;DP Especialistes Mireia;;False
1182;BBVA;Compte;04/08/2022;agosto;2022;0.0;34.2;Càrrec;assegurança;BBVA Asseg. Casa;;False
1172;BBVA;Dèbit;01/08/2022;agosto;2022;0.0;67.14;Càrrec;gasolina;Gasolina altres;esclat Palamós;False
1195;BBVA;Compte;18/08/2022;agosto;2022;0.0;44.72;Càrrec;despesa_general;Lowi;;False
1214;Efectiu;;01/08/2022;agosto;2022;0.0;25.0;Càrrec;personal;Jordi;Autobús Girona Jordi;False
1222;Efectiu;;12/08/2022;agosto;2022;0.0;20.0;Càrrec;personal;Jordi;Autobús Girona Jordi;False
1228;Efectiu;;12/08/2022;agosto;2022;0.0;24.0;Càrrec;varis;Compres: varis;Mercat Palamós;False
1207;BBVA;VISA;10/08/2022;agosto;2022;0.0;19.89;Càrrec;manteniment;Altres mant.;Amazon. Carregador ;False
1210;Efectiu;;27/07/2022;julio;2022;0.0;8.13;Càrrec;menjar;Altres menjar;La Sirena;False
1211;Efectiu;;01/08/2022;agosto;2022;0.0;13.28;Càrrec;menjar;BonPreu;;False
1213;Efectiu;;01/08/2022;agosto;2022;0.0;8.0;Càrrec;menjar;Peixeteria;;False
1215;Efectiu;;02/08/2022;agosto;2022;0.0;12.0;Càrrec;menjar;BonPreu;;False
1216;Efectiu;;02/08/2022;agosto;2022;0.0;10.0;Càrrec;menjar;Dia;;False
1217;Efectiu;;02/08/2022;agosto;2022;0.0;2.58;Càrrec;menjar;Aldi;;False
1223;Efectiu;;12/08/2022;agosto;2022;0.0;12.5;Càrrec;menjar;AreaGuissona;;False
1224;Efectiu;;12/08/2022;agosto;2022;0.0;11.7;Càrrec;menjar;BonPreu;;False
1225;Efectiu;;12/08/2022;agosto;2022;0.0;3.5;Càrrec;menjar;Dia;;False
1226;Efectiu;;12/08/2022;agosto;2022;0.0;2.05;Càrrec;manteniment;Xino Sta.Coloma;;False
1227;Efectiu;;12/08/2022;agosto;2022;0.0;8.33;Càrrec;restaurant;Bar;;False
1230;Efectiu;;13/08/2022;agosto;2022;0.0;6.61;Càrrec;menjar;AreaGuissona;;False
1231;Efectiu;;13/08/2022;agosto;2022;0.0;7.92;Càrrec;neteja;Clarel;;False
1232;Efectiu;;13/08/2022;agosto;2022;0.0;8.92;Càrrec;menjar;BonPreu;;False
1234;Efectiu;;16/08/2022;agosto;2022;0.0;3.5;Càrrec;menjar;Dia;;False
1212;Efectiu;;01/08/2022;agosto;2022;0.0;9.0;Càrrec;menjar;Plaça;;False
1218;Efectiu;;02/08/2022;agosto;2022;0.0;5.99;Càrrec;menjar;Plaça;;False
1220;Efectiu;;06/08/2022;agosto;2022;0.0;5.66;Càrrec;menjar;Plaça;;False
1166;BBVA;Dèbit;01/08/2022;agosto;2022;0.0;6.86;Càrrec;menjar;BonPreu;;False
1170;BBVA;Dèbit;01/08/2022;agosto;2022;0.0;10.18;Càrrec;neteja;Clarel;;False
1176;BBVA;Dèbit;02/08/2022;agosto;2022;0.0;13.66;Càrrec;menjar;Mercadona;;False
1177;BBVA;Dèbit;03/08/2022;agosto;2022;0.0;49.5;Càrrec;restaurant;Restaurant;Can Moni;False
1235;Efectiu;;16/08/2022;agosto;2022;0.0;5.37;Càrrec;menjar;AreaGuissona;;False
1236;Efectiu;;19/08/2022;agosto;2022;0.0;15.45;Càrrec;menjar;AreaGuissona;;False
1237;Efectiu;;19/08/2022;agosto;2022;0.0;4.59;Càrrec;menjar;AreaGuissona;;False
1238;Efectiu;;18/08/2022;agosto;2022;0.0;5.31;Càrrec;menjar;Peixeteria;;False
1239;Efectiu;;19/08/2022;agosto;2022;0.0;19.95;Càrrec;menjar;Fruiteria;;False
1240;Efectiu;;23/08/2022;agosto;2022;0.0;18.96;Càrrec;menjar;Can Rinsa;;False
1241;Efectiu;;23/08/2022;agosto;2022;0.0;10.0;Càrrec;menjar;Fruiteria;;False
1242;Efectiu;;23/08/2022;agosto;2022;0.0;12.0;Càrrec;menjar;Ous casolans;;False
1260;BBVA;Compte;01/09/2022;septiembre;2022;0.0;22.14;Càrrec;assegurança;Ocaso;;False
1267;BBVA;Compte;05/09/2022;septiembre;2022;0.0;34.2;Càrrec;assegurança;BBVA Asseg. Casa;;False
1268;BBVA;Compte;05/09/2022;septiembre;2022;0.0;23.5;Càrrec;assegurança;DP MP Mireia;;False
1270;BBVA;Compte;06/09/2022;septiembre;2022;0.0;12.57;Càrrec;assegurança;DP Morts Enric;;False
1271;BBVA;Compte;06/09/2022;septiembre;2022;0.0;19.79;Càrrec;assegurança;DP Especialistes Mireia;;False
1258;BBVA;Compte;31/08/2022;agosto;2022;0.0;472.91;Càrrec;despesa_general;Hipoteca;;False
1259;BBVA;Compte;01/09/2022;septiembre;2022;0.0;7.22;Càrrec;despesa_general;Endesa;;False
1261;BBVA;Compte;01/09/2022;septiembre;2022;0.0;56.0;Càrrec;despesa_general;Piscina;;False
1262;BBVA;Compte;01/09/2022;septiembre;2022;0.0;4.39;Càrrec;despesa_general;Endesa;;False
1313;Efectiu;;27/01/2022;enero;2022;0.0;18.2;Càrrec;butà;Butà reparto;;False
1322;Efectiu;;25/02/2022;febrero;2022;0.0;3.0;Càrrec;menjar;Peixeteria;;False
1311;Efectiu;;07/01/2022;enero;2022;0.0;7.0;Càrrec;farmàcia;Farmàcia;;False
1284;Efectiu;;30/08/2022;agosto;2022;0.0;14.0;Càrrec;restaurant;Restaurant;Can Nicanor Palamós;False
1274;BBVA;VISA;16/08/2022;agosto;2022;0.0;168.04;Càrrec;proveidor;Soloimprenta;Xarrup estovalles;False
1275;BBVA;VISA;25/08/2022;agosto;2022;0.0;53.98;Càrrec;gasolina;GasolinaAreaGuissona;;False
1276;BBVA;VISA;04/09/2022;septiembre;2022;0.0;15.0;Càrrec;restaurant;Restaurant;La Mar Morena;False
1277;BBVA;VISA;05/09/2022;septiembre;2022;0.0;47.79;Càrrec;restaurant;Restaurant;Wok Platja d'Aro;False
1278;BBVA;VISA;05/09/2022;septiembre;2022;0.0;37.96;Càrrec;roba;Decatlon;;False
1283;Efectiu;;02/09/2022;septiembre;2022;0.0;5.06;Càrrec;menjar;AreaGuissona;;False
1285;Efectiu;;06/09/2022;septiembre;2022;0.0;13.63;Càrrec;menjar;AreaGuissona;;False
1286;Efectiu;;05/09/2022;septiembre;2022;0.0;17.28;Càrrec;menjar;Dia;;False
1287;Efectiu;;05/09/2022;septiembre;2022;0.0;2.65;Càrrec;menjar;Dia;;False
1292;Casa;;06/09/2022;septiembre;2022;0.0;40.0;Càrrec;personal;Enric;Pelu+ sortir;False
1293;Casa;;06/09/2022;septiembre;2022;0.0;20.0;Càrrec;personal;Isa;;False
1303;Efectiu;;09/09/2022;septiembre;2022;0.0;2.5;Càrrec;menjar;Past. Ayma;;False
1304;Efectiu;;31/01/2022;enero;2022;0.0;12.0;Càrrec;menjar;Ous casolans;;False
1306;Efectiu;;31/01/2022;enero;2022;0.0;29.65;Càrrec;menjar;Dia;;False
1307;Efectiu;;31/01/2022;enero;2022;0.0;7.3;Càrrec;menjar;Fruiteria;;False
1308;Efectiu;;06/01/2022;enero;2022;0.0;20.0;Càrrec;menjar;Altres menjar;Tortell reis;False
1309;Efectiu;;15/01/2022;enero;2022;0.0;9.3;Càrrec;menjar;Peixeteria;;False
1310;Efectiu;;21/01/2022;enero;2022;0.0;9.59;Càrrec;menjar;Fruiteria;;False
1312;BBVA;VISA;19/01/2022;enero;2022;0.0;15.54;Càrrec;menjar;LIDL;;False
1314;Efectiu;;27/01/2022;enero;2022;0.0;20.0;Càrrec;personal;Jordi;;False
1315;Efectiu;;07/01/2022;enero;2022;0.0;4.05;Càrrec;varis;Autopista;;False
1305;Efectiu;;31/01/2022;enero;2022;0.0;47.81;Càrrec;menjar;Plaça;;False
1249;BBVA;Dèbit;29/08/2022;agosto;2022;0.0;15.0;Càrrec;restaurant;Restaurant;Moni;False
1316;Efectiu;;28/02/2022;febrero;2022;0.0;16.0;Càrrec;menjar;Ous casolans;;False
1317;BBVA;VISA;07/02/2022;febrero;2022;0.0;8.25;Càrrec;menjar;Mercadona;;False
1318;Efectiu;;05/02/2022;febrero;2022;0.0;13.0;Càrrec;menjar;Can Rinsa;;False
1320;Efectiu;;28/02/2022;febrero;2022;0.0;22.0;Càrrec;menjar;Fruiteria;;False
1321;Efectiu;;15/02/2022;febrero;2022;0.0;16.75;Càrrec;menjar;AreaGuissona;;False
1323;Efectiu;;27/02/2022;febrero;2022;0.0;14.75;Càrrec;menjar;Dia;;False
1324;Efectiu;;15/02/2022;febrero;2022;0.0;27.0;Càrrec;rebost;Altres menjar;Cisco:Taronges i Buti;False
1325;Efectiu;;20/02/2022;febrero;2022;0.0;15.0;Càrrec;menjar;Altres menjar;Pollastre a l'ast;False
1326;Efectiu;;27/02/2022;febrero;2022;0.0;12.0;Càrrec;menjar;Past. Ayma;;False
1328;BBVA;VISA;08/02/2022;febrero;2022;0.0;1.5;Càrrec;manteniment;Aliexpress;pinces electr.;False
1329;BBVA;VISA;08/02/2022;febrero;2022;0.0;4.74;Càrrec;manteniment;Aliexpress;portabroques;False
1330;BBVA;VISA;08/02/2022;febrero;2022;0.0;1.91;Càrrec;manteniment;Aliexpress;interruptor;False
1331;BBVA;VISA;08/02/2022;febrero;2022;0.0;3.42;Càrrec;manteniment;Aliexpress;eina cafetera;False
1332;BBVA;VISA;08/02/2022;febrero;2022;0.0;4.91;Càrrec;manteniment;Aliexpress;aire cond.;False
1333;BBVA;VISA;08/02/2022;febrero;2022;0.0;3.73;Càrrec;manteniment;Aliexpress;manetes;False
1334;Efectiu;;28/02/2022;febrero;2022;0.0;26.0;Càrrec;personal;Jordi;;False
1335;Efectiu;;28/02/2022;febrero;2022;0.0;20.0;Càrrec;personal;Enric;;False
1336;Efectiu;;26/02/2022;febrero;2022;0.0;25.0;Càrrec;restaurant;Restaurant;Can Moni;False
1348;BBVA;Compte;14/09/2022;septiembre;2022;0.0;30.0;Càrrec;assegurança;Gestoria BBVA;;False
1338;Efectiu;;17/02/2022;febrero;2022;0.0;138.67;Càrrec;proveidor;Soloimprenta;Xarrup;False
1339;Efectiu;;28/02/2022;febrero;2022;0.0;5.0;Càrrec;proveidor;Prolab;;False
1341;BBVA;VISA;18/02/2022;febrero;2022;0.0;126.82;Càrrec;manteniment;Altres mant.;Objectiu 18-55mm;False
1342;Efectiu;;11/03/2022;marzo;2022;0.0;52.0;Càrrec;proveidor;Prolab;Album Juame Rotllan;False
1343;Efectiu;;25/03/2022;marzo;2022;0.0;52.0;Càrrec;proveidor;Prolab;Album Lidia Cerrillo;False
1344;Efectiu;;26/03/2022;marzo;2022;0.0;10.0;Càrrec;rebost;Altres menjar;Cisco: Taronges;False
1373;Efectiu;;21/09/2022;septiembre;2022;0.0;7.0;Càrrec;menjar;Altres menjar;Mongetes veí;False
1356;BBVA;Compte;16/09/2022;septiembre;2022;0.0;43.8;Càrrec;despesa_general;Lowi;;False
1351;Efectiu;;15/09/2022;septiembre;2022;0.0;19.8;Càrrec;butà;Butà reparto;;False
1327;Efectiu;;15/02/2022;febrero;2022;0.0;5.9;Càrrec;farmàcia;Farmàcia;;False
1340;Efectiu;;25/02/2022;febrero;2022;0.0;1.4;Càrrec;restaurant;Bar;Cafè Arbúcies;False
1366;Efectiu;;21/09/2022;septiembre;2022;0.0;15.0;Càrrec;varis;Expectacles/Teatre;Circ Arbúcies;False
1361;Efectiu;;21/09/2022;septiembre;2022;0.0;20.0;Càrrec;personal;Jordi;Autobus Sta. Coloma;False
1362;Efectiu;;21/09/2022;septiembre;2022;0.0;10.0;Càrrec;menjar;Fruiteria;;False
1364;Efectiu;;21/09/2022;septiembre;2022;0.0;16.77;Càrrec;menjar;Peixeteria;;False
1365;Efectiu;;21/09/2022;septiembre;2022;0.0;10.0;Càrrec;menjar;Fruiteria;;False
1368;Efectiu;;21/09/2022;septiembre;2022;0.0;16.0;Càrrec;varis;Expectacles/Teatre;Cursa Oncolliga;False
1367;Efectiu;;21/09/2022;septiembre;2022;0.0;44.0;Càrrec;restaurant;Restaurant;Foodtrack Arbúcies;False
1370;Efectiu;;21/09/2022;septiembre;2022;0.0;7.0;Càrrec;menjar;Fruiteria;;False
1371;Efectiu;;21/09/2022;septiembre;2022;0.0;3.0;Càrrec;menjar;Past. Ayma;;False
1378;BBVA;VISA;16/09/2022;septiembre;2022;0.0;5.98;Càrrec;manteniment;Aliexpress;Ofertes;False
1380;Efectiu;;19/09/2022;septiembre;2022;0.0;30.0;Càrrec;personal;Jordi;Colonies;False
1319;Efectiu;;28/02/2022;febrero;2022;0.0;17.0;Càrrec;menjar;Plaça;;False
1363;Efectiu;;21/09/2022;septiembre;2022;0.0;10.0;Càrrec;menjar;Plaça;;False
1345;BBVA;Dèbit;12/09/2022;septiembre;2022;0.0;141.08;Càrrec;menjar;LIDL;;False
1346;BBVA;Dèbit;12/09/2022;septiembre;2022;0.0;51.13;Càrrec;neteja;Action Girona;;False
1349;BBVA;Dèbit;14/09/2022;septiembre;2022;0.0;15.4;Càrrec;neteja;Clarel;;False
1390;Efectiu;;23/09/2022;septiembre;2022;0.0;6.8;Càrrec;menjar;Altres menjar;Pà Arnau;False
1451;T.CorteInglés;T.CorteInglés;13/10/2022;octubre;2022;0.0;63.06;Càrrec;menjar;El Corte Inglés;;False
1433;BBVA;Compte;03/10/2022;octubre;2022;0.0;22.14;Càrrec;assegurança;Ocaso;;False
1387;Efectiu;;23/09/2022;septiembre;2022;0.0;50.18;Càrrec;menjar;Mercadona;;False
1388;Efectiu;;23/09/2022;septiembre;2022;0.0;15.46;Càrrec;menjar;Aldi;;False
1389;Efectiu;;23/09/2022;septiembre;2022;0.0;65.0;Càrrec;restaurant;Restaurant;Sushi Vic;False
1391;Efectiu;;23/09/2022;septiembre;2022;0.0;10.0;Càrrec;menjar;Fruiteria;;False
1392;Efectiu;;23/09/2022;septiembre;2022;0.0;8.26;Càrrec;menjar;Dia;;False
1393;Efectiu;;23/09/2022;septiembre;2022;0.0;24.42;Càrrec;rebost;Altres menjar;Cal Gall embotit;False
1394;Efectiu;;24/09/2022;septiembre;2022;0.0;10.0;Càrrec;menjar;AreaGuissona;;False
1440;BBVA;Compte;05/10/2022;octubre;2022;0.0;12.57;Càrrec;assegurança;DP Morts Enric;;False
1441;BBVA;Compte;05/10/2022;octubre;2022;0.0;23.5;Càrrec;assegurança;DP MP Mireia;;False
1442;BBVA;Compte;05/10/2022;octubre;2022;0.0;19.79;Càrrec;assegurança;DP Especialistes Mireia;;False
1402;BBVA;VISA;22/09/2022;septiembre;2022;0.0;5.97;Càrrec;manteniment;Aliexpress;Ofertes;False
1403;BBVA;VISA;22/09/2022;septiembre;2022;0.0;1.13;Càrrec;manteniment;Aliexpress;Ofertes;False
1404;BBVA;VISA;22/09/2022;septiembre;2022;0.0;2.54;Càrrec;manteniment;Aliexpress;Ofertes;False
1405;BBVA;VISA;22/09/2022;septiembre;2022;0.0;2.47;Càrrec;manteniment;Aliexpress;Ofertes;False
1406;BBVA;Compte;01/10/2022;octubre;2022;0.0;26.58;Càrrec;despesa_general;Endesa;;False
1410;Efectiu;;29/09/2022;septiembre;2022;0.0;60.0;Càrrec;roba;Altre roba;sabates oferta Isa;False
1411;Efectiu;;30/09/2022;septiembre;2022;0.0;55.0;Càrrec;proveidor;Prolab;;False
1412;Efectiu;;27/09/2022;septiembre;2022;0.0;66.0;Càrrec;menjar;Can Rinsa;;False
1414;Efectiu;;29/09/2022;septiembre;2022;0.0;7.9;Càrrec;manteniment;Xino Sta.Coloma;;False
1415;Efectiu;;27/09/2022;septiembre;2022;0.0;5.0;Càrrec;menjar;Past. Ayma;;False
1416;Efectiu;;27/09/2022;septiembre;2022;0.0;6.5;Càrrec;menjar;Fruiteria;;False
1417;Efectiu;;27/09/2022;septiembre;2022;0.0;19.53;Càrrec;menjar;Dia;;False
1418;Efectiu;;27/09/2022;septiembre;2022;0.0;4.24;Càrrec;menjar;AreaGuissona;;False
1421;BBVA;Compte;30/09/2022;septiembre;2022;0.0;472.91;Càrrec;despesa_general;Hipoteca;;False
1422;BBVA;Compte;30/09/2022;septiembre;2022;0.0;12.0;Càrrec;varis;Jubilats Isa;;False
1423;BBVA;Compte;30/09/2022;septiembre;2022;0.0;12.0;Càrrec;varis;Jubilats Enric;;False
1413;Efectiu;;27/09/2022;septiembre;2022;0.0;4.9;Càrrec;farmàcia;Farmàcia;;False
1427;Efectiu;;30/09/2022;septiembre;2022;0.0;1.59;Càrrec;manteniment;LeroyMerlin;;False
1428;Efectiu;;30/09/2022;septiembre;2022;0.0;32.45;Càrrec;restaurant;Restaurant;Xino Platja d'Aro;False
1429;Efectiu;;30/09/2022;septiembre;2022;0.0;1.99;Càrrec;roba;Decatlon;;False
1430;Efectiu;;30/09/2022;septiembre;2022;0.0;42.64;Càrrec;menjar;Aldi;;False
1431;Efectiu;;01/10/2022;octubre;2022;0.0;3.06;Càrrec;menjar;Dia;;False
1432;BBVA;Compte;03/10/2022;octubre;2022;0.0;0.0;Càrrec;personal;Jordi;;False
1434;BBVA;Compte;03/10/2022;octubre;2022;0.0;56.0;Càrrec;despesa_general;Piscina;;False
1435;BBVA;Compte;03/10/2022;octubre;2022;0.0;12.0;Càrrec;personal;Jordi; ;False
1382;BBVA;Dèbit;23/09/2022;septiembre;2022;0.0;1.4;Càrrec;restaurant;Bar;Cafè Arbúcies;False
1437;BBVA;VISA;01/10/2022;octubre;2022;0.0;5.98;Càrrec;manteniment;Aliexpress;oferta;False
1443;BBVA;VISA;05/10/2022;octubre;2022;0.0;55.8;Càrrec;varis;Viatges;Ryanair a Mallorca;False
1444;BBVA;VISA;05/10/2022;octubre;2022;0.0;35.52;Càrrec;varis;Viatges;Vueling Tornada Mallorca;False
1445;BBVA;VISA;05/10/2022;octubre;2022;0.0;136.67;Càrrec;varis;Viatges;Lloguer cotxe Mallorca;False
1452;Efectiu;;08/10/2022;octubre;2022;0.0;11.53;Càrrec;menjar;Fruiteria;;False
1454;Efectiu;;08/10/2022;octubre;2022;0.0;5.0;Càrrec;menjar;Plaça;;False
1381;BBVA;Dèbit;22/09/2022;septiembre;2022;0.0;13.48;Càrrec;menjar;Dia;;False
1455;Efectiu;;08/10/2022;octubre;2022;0.0;8.0;Càrrec;menjar;Fruiteria;;False
1456;Efectiu;;08/10/2022;octubre;2022;0.0;7.05;Càrrec;menjar;Novavenda;;False
1457;Efectiu;;08/10/2022;octubre;2022;0.0;7.37;Càrrec;menjar;AreaGuissona;;False
1458;Efectiu;;08/10/2022;octubre;2022;0.0;20.0;Càrrec;personal;Jordi;;False
1459;Efectiu;;08/10/2022;octubre;2022;0.0;6.0;Càrrec;menjar;Past. Ayma;;False
1460;Efectiu;;08/10/2022;octubre;2022;0.0;6.0;Càrrec;menjar;Fruiteria;;False
1465;BBVA;Compte;17/10/2022;octubre;2022;0.0;45.94;Càrrec;despesa_general;Lowi;;False
1463;BBVA;Compte;14/10/2022;octubre;2022;0.0;30.0;Càrrec;assegurança;Gestoria BBVA;;False
1469;Efectiu;;15/10/2022;octubre;2022;0.0;10.0;Càrrec;menjar;Dia;;False
1471;Efectiu;;18/10/2022;octubre;2022;0.0;6.68;Càrrec;menjar;Fruiteria;;False
1472;Efectiu;;18/10/2022;octubre;2022;0.0;16.0;Càrrec;menjar;Ous casolans;;False
1470;Efectiu;;18/10/2022;octubre;2022;0.0;4.0;Càrrec;farmàcia;Farmàcia;;False
1476;Efectiu;;18/10/2022;octubre;2022;0.0;7.0;Càrrec;menjar;Dia;;False
1477;Efectiu;;18/10/2022;octubre;2022;0.0;4.39;Càrrec;neteja;Clarel;;False
1479;Efectiu;;19/10/2022;octubre;2022;0.0;50.0;Càrrec;varis;Dentista;EXV;False
1480;Efectiu;;19/10/2022;octubre;2022;0.0;6.97;Càrrec;manteniment;LIDL;;False
1481;Efectiu;;19/10/2022;octubre;2022;0.0;8.19;Càrrec;menjar;Novavenda;;False
1474;Efectiu;;14/10/2022;octubre;2022;0.0;67.1;Càrrec;restaurant;Restaurant;Tomàquet;False
1489;Efectiu;;21/10/2022;octubre;2022;0.0;17.0;Càrrec;menjar;Altres menjar;Super Alcúdia;False
1490;Efectiu;;21/10/2022;octubre;2022;0.0;68.7;Càrrec;restaurant;Restaurant;Pizzeria Alcúdia;False
1493;Efectiu;;21/10/2022;octubre;2022;0.0;26.3;Càrrec;restaurant;Bar;Copes Alcúdia;False
1491;Efectiu;;21/10/2022;octubre;2022;0.0;28.0;Càrrec;varis;Viatges;Parkandfly;False
1492;Efectiu;;21/10/2022;octubre;2022;0.0;6.65;Càrrec;restaurant;Bar;Aeroport Palma;False
1495;Efectiu;;22/10/2022;octubre;2022;0.0;87.35;Càrrec;restaurant;Restaurant;La Granja. Soller;False
1497;Efectiu;;23/10/2022;octubre;2022;0.0;83.3;Càrrec;restaurant;Restaurant;Sa Fonda. Manacor;False
1498;Efectiu;;23/10/2022;octubre;2022;0.0;2.1;Càrrec;varis;Parking;Formentor;False
1500;Efectiu;;24/10/2022;octubre;2022;0.0;4.0;Càrrec;varis;Parking;Valldemosa;False
1501;Efectiu;;24/10/2022;octubre;2022;0.0;10.0;Càrrec;restaurant;Bar;Valldemosa.;False
1502;Efectiu;;23/10/2022;octubre;2022;0.0;10.0;Càrrec;restaurant;Bar;Coves del darc;False
1503;Efectiu;;24/10/2022;octubre;2022;0.0;15.0;Càrrec;menjar;Altres menjar;Ensaimades;False
1504;Efectiu;;24/10/2022;octubre;2022;0.0;12.1;Càrrec;menjar;Altres menjar;La Pajarita.Sobrassada;False
1505;Efectiu;;24/10/2022;octubre;2022;0.0;15.0;Càrrec;restaurant;Bar;Aeroport;False
1506;Efectiu;;24/10/2022;octubre;2022;0.0;54.35;Càrrec;gasolina;Gasolina altres;Palma. Goldcar;False
1507;Efectiu;;25/10/2022;octubre;2022;0.0;150.0;Càrrec;rebost;Altres menjar;Oli. Ma.Carmen;False
1509;Efectiu;;20/10/2022;octubre;2022;0.0;1.49;Càrrec;neteja;Clarel;;False
1510;Efectiu;;26/10/2022;octubre;2022;0.0;48.17;Càrrec;menjar;Mercadona;;False
1511;Efectiu;;26/10/2022;octubre;2022;0.0;7.0;Càrrec;menjar;Altres menjar;Mongetes;False
1494;Efectiu;;22/10/2022;octubre;2022;0.0;3.9;Càrrec;varis;Parking;Pollença;False
1515;Efectiu;;28/10/2022;octubre;2022;0.0;50.14;Càrrec;neteja;Action Girona;30? Regal Rosa Morillas;False
1516;Efectiu;;28/10/2022;octubre;2022;0.0;46.3;Càrrec;restaurant;Restaurant;Can Roca;False
1496;Efectiu;;22/10/2022;octubre;2022;0.0;50.15;Càrrec;restaurant;Restaurant;Sa Portassa. Alcúdia;False
1499;Efectiu;;24/10/2022;octubre;2022;0.0;123.0;Càrrec;restaurant;Restaurant;Delito. Port Alcúdia;False
1519;Efectiu;;28/10/2022;octubre;2022;0.0;24.0;Càrrec;personal;Jordi;Fires Girona;False
1464;BBVA;Dèbit;14/10/2022;octubre;2022;0.0;20.0;Càrrec;gasolina;Gasolina altres;Girona;False
1466;BBVA;Dèbit;17/10/2022;octubre;2022;0.0;58.02;Càrrec;neteja;Action Girona;;False
1468;BBVA;Dèbit;18/10/2022;octubre;2022;0.0;44.33;Càrrec;gasolina;GasolinaAreaGuissona;;False
1524;BBVA;Compte;31/10/2022;octubre;2022;0.0;472.91;Càrrec;despesa_general;Hipoteca;;False
1525;BBVA;Compte;31/10/2022;octubre;2022;0.0;6.28;Càrrec;proveidor;Hofmann;;False
1558;Efectiu;;04/11/2022;noviembre;2022;0.0;8.8;Càrrec;farmàcia;Farmàcia;;False
1531;Efectiu;;30/10/2022;octubre;2022;0.0;6.9;Càrrec;menjar;Past. Ayma;;False
1533;Efectiu;;31/10/2022;octubre;2022;0.0;6.4;Càrrec;menjar;Fruiteria;;False
1535;BBVA;Compte;02/11/2022;noviembre;2022;0.0;56.0;Càrrec;despesa_general;Piscina;;False
1536;BBVA;Compte;02/11/2022;noviembre;2022;0.0;28.51;Càrrec;despesa_general;Endesa;;False
1537;Efectiu;;02/11/2022;noviembre;2022;0.0;9.29;Càrrec;menjar;LIDL;;False
1538;Efectiu;;02/11/2022;noviembre;2022;0.0;3.5;Càrrec;menjar;Altres menjar;mongetes;False
1539;BBVA;VISA;03/11/2022;noviembre;2022;0.0;70.49;Càrrec;Parallar;Altres mobles;Electromueble.Campana;False
1550;BBVA;VISA;03/11/2022;noviembre;2022;0.0;30.93;Càrrec;manteniment;Aliexpress;Depiladora laser;False
1529;T.CorteInglés;T.CorteInglés;28/10/2022;octubre;2022;0.0;12.0;Càrrec;manteniment;Altres mant.;Funda llit;False
1554;Efectiu;;02/11/2022;noviembre;2022;0.0;7.34;Càrrec;menjar;AreaGuissona;;False
1555;Efectiu;;29/10/2022;octubre;2022;0.0;7.88;Càrrec;menjar;Dia;;False
1556;Efectiu;;04/11/2022;noviembre;2022;0.0;4.0;Càrrec;personal;Jordi;;False
1557;Efectiu;;04/11/2022;noviembre;2022;0.0;11.0;Càrrec;menjar;Fruiteria;;False
1559;Efectiu;;01/11/2022;noviembre;2022;0.0;20.0;Càrrec;varis;Extra;Loteria nadal;False
1561;Efectiu;;01/11/2022;noviembre;2022;0.0;347.88;Càrrec;proveidor;Trama;Calendaris Pepe;False
1562;BBVA;Compte;04/11/2022;noviembre;2022;0.0;60.0;Càrrec;varis;Bizum;Mireia Loteria Nadal;False
1534;BBVA;Compte;02/11/2022;noviembre;2022;0.0;22.14;Càrrec;assegurança;Ocaso;;False
1565;Efectiu;;05/11/2022;noviembre;2022;0.0;25.0;Càrrec;menjar;Altres menjar;Fira bolets;False
1566;Efectiu;;05/11/2022;noviembre;2022;0.0;21.19;Càrrec;menjar;Can Rinsa;;False
1567;Efectiu;;05/11/2022;noviembre;2022;0.0;35.0;Càrrec;menjar;Altres menjar;varis fira bolet;False
1540;BBVA;Compte;03/11/2022;noviembre;2022;0.0;12.57;Càrrec;assegurança;DP Morts Enric;;False
1569;Efectiu;;05/11/2022;noviembre;2022;0.0;13.47;Càrrec;neteja;Clarel;;False
1570;Efectiu;;07/11/2022;noviembre;2022;0.0;10.0;Càrrec;personal;Enric;;False
1571;Efectiu;;07/11/2022;noviembre;2022;0.0;11.78;Càrrec;menjar;BonPreu;;False
1541;BBVA;Compte;03/11/2022;noviembre;2022;0.0;19.79;Càrrec;assegurança;DP Especialistes Mireia;;False
1542;BBVA;Compte;03/11/2022;noviembre;2022;0.0;23.5;Càrrec;assegurança;DP MP Mireia;;False
1575;BBVA;Compte;09/11/2022;noviembre;2022;0.0;44.14;Càrrec;despesa_general;Aigua;;False
1551;BBVA;Compte;04/11/2022;noviembre;2022;0.0;34.16;Càrrec;assegurança;BBVA Asseg. Casa;;False
1587;BBVA;Compte;14/11/2022;noviembre;2022;0.0;30.0;Càrrec;assegurança;Gestoria BBVA;;False
1530;Efectiu;;30/10/2022;octubre;2022;0.0;20.0;Càrrec;personal;Isa;Dinar Palamós;False
1584;Casa;;11/11/2022;noviembre;2022;0.0;300.0;Càrrec;proveidor;Miratge;Cas Joan-Mariana;False
1585;Efectiu;;11/11/2022;noviembre;2022;0.0;12.4;Càrrec;proveidor;Prolab;30x40 Ferriol;False
1532;Efectiu;;30/10/2022;octubre;2022;0.0;15.0;Càrrec;restaurant;Bar;gelats Palamós;False
1591;Efectiu;;14/11/2022;noviembre;2022;0.0;4.6;Càrrec;restaurant;Bar;Espai Gironés;False
1593;Efectiu;;13/11/2022;noviembre;2022;0.0;6.46;Càrrec;menjar;Novavenda;;False
1595;Efectiu;;13/11/2022;noviembre;2022;0.0;8.0;Càrrec;menjar;Fruiteria;;False
1596;Efectiu;;14/11/2022;noviembre;2022;0.0;10.0;Càrrec;personal;Jordi;;False
1597;Efectiu;;15/11/2022;noviembre;2022;0.0;16.0;Càrrec;menjar;Ous casolans;;False
1572;Efectiu;;06/11/2022;noviembre;2022;0.0;8.0;Càrrec;menjar;Plaça;;False
1594;Efectiu;;13/11/2022;noviembre;2022;0.0;7.0;Càrrec;menjar;Plaça;;False
1543;BBVA;Dèbit;03/11/2022;noviembre;2022;0.0;28.3;Càrrec;menjar;BonPreu;;False
1545;BBVA;Dèbit;25/10/2022;octubre;2022;0.0;1.0;Càrrec;menjar;Altres menjar;Aigua aeroport;False
1600;BBVA;Compte;16/11/2022;noviembre;2022;0.0;44.0;Càrrec;despesa_general;Lowi;;False
1655;T.CorteInglés;T.CorteInglés;30/11/2022;noviembre;2022;100.91;0.0;Càrrec;op_banc;op_banc;;False
1657;BBVA;Compte;01/12/2022;diciembre;2022;0.0;22.14;Càrrec;assegurança;Ocaso;;False
1663;BBVA;Compte;05/12/2022;diciembre;2022;0.0;35.4;Càrrec;assegurança;BBVA Asseg. Casa;;False
1607;Efectiu;;18/11/2022;noviembre;2022;0.0;47.35;Càrrec;restaurant;Restaurant;Buffet Xino Platja d'aro;False
1609;Efectiu;;18/11/2022;noviembre;2022;0.0;2.29;Càrrec;manteniment;LeroyMerlin;portalampares;False
1610;Efectiu;;18/11/2022;noviembre;2022;0.0;0.4;Càrrec;manteniment;Altres mant.;4 cargols.Cateura;False
1611;Efectiu;;18/11/2022;noviembre;2022;0.0;20.0;Càrrec;Parallar;Jysk;A cta. Taula;False
1612;Efectiu;;18/11/2022;noviembre;2022;0.0;90.0;Càrrec;Parallar;Jysk;Cadira Jordi;False
1615;Efectiu;;19/11/2022;noviembre;2022;0.0;22.0;Càrrec;Parallar;Jysk;cotxins;False
1665;BBVA;Compte;05/12/2022;diciembre;2022;0.0;12.57;Càrrec;assegurança;DP Morts Enric;;False
1617;Efectiu;;18/11/2022;noviembre;2022;0.0;10.0;Càrrec;roba;Altre roba;mercat platja d'aro;False
1618;Efectiu;;19/11/2022;noviembre;2022;0.0;10.0;Càrrec;personal;Jordi;;False
1619;Efectiu;;20/11/2022;noviembre;2022;0.0;10.24;Càrrec;menjar;Dia;;False
1620;Efectiu;;20/11/2022;noviembre;2022;0.0;10.0;Càrrec;menjar;Fruiteria;;False
1666;BBVA;Compte;05/12/2022;diciembre;2022;0.0;23.5;Càrrec;assegurança;DP MP Mireia;;False
1667;BBVA;Compte;05/12/2022;diciembre;2022;0.0;19.79;Càrrec;assegurança;DP Especialistes Mireia;;False
1623;Efectiu;;19/11/2022;noviembre;2022;0.0;6.4;Càrrec;farmàcia;Farmàcia;;False
1649;BBVA;Compte;29/11/2022;noviembre;2022;14.01;0.0;Càrrec;ingrés_general;Cartera DP Petit;;False
1633;BBVA;Compte;23/11/2022;noviembre;2022;0.0;500.0;Càrrec;varis;Bizum;Mireia. Rentaplats;False
1603;Efectiu;;16/11/2022;noviembre;2022;0.0;1.4;Càrrec;restaurant;Bar;Cafè Charlie;False
1638;Efectiu;;24/11/2022;noviembre;2022;0.0;150.0;Càrrec;proveidor;Miratge;Cas Montse Simón;False
1644;Efectiu;;28/11/2022;noviembre;2022;0.0;6.0;Càrrec;varis;Extra;loteria Creu Roja;False
1645;Efectiu;;27/11/2022;noviembre;2022;0.0;10.0;Càrrec;varis;Expectacles/Teatre;Cal xic;False
1646;Efectiu;;27/11/2022;noviembre;2022;0.0;7.26;Càrrec;menjar;Fruiteria;;False
1647;BBVA;VISA;29/11/2022;noviembre;2022;0.0;143.37;Càrrec;Parallar;Altres mobles;Portes armari. Mg Serra;False
1643;BBVA;VISA;28/11/2022;noviembre;2022;0.0;68.38;Càrrec;varis;Transport;Àlbum Joan.Anglaterra;False
1669;Efectiu;;04/12/2022;diciembre;2022;0.0;70.0;Càrrec;restaurant;Restaurant;Can Paco. Palamós;False
1652;BBVA;Compte;30/11/2022;noviembre;2022;0.0;472.91;Càrrec;despesa_general;Hipoteca;;False
1653;BBVA;Compte;30/11/2022;noviembre;2022;0.0;6.75;Càrrec;proveidor;Hofmann;;False
1656;BBVA;Compte;01/12/2022;diciembre;2022;0.0;17.28;Càrrec;despesa_general;Endesa;;False
1658;BBVA;Compte;01/12/2022;diciembre;2022;0.0;56.0;Càrrec;despesa_general;Piscina;;False
1670;Efectiu;;04/12/2022;diciembre;2022;0.0;10.0;Càrrec;restaurant;Restaurant;gelats;False
1654;BBVA;Compte;30/11/2022;noviembre;2022;0.0;100.91;Càrrec;menjar;Pago ElCorteInglés;;False
1608;Efectiu;;18/11/2022;noviembre;2022;0.0;17.0;Càrrec;menjar;Plaça;Rovellons;False
1621;Efectiu;;20/11/2022;noviembre;2022;0.0;18.0;Càrrec;menjar;Plaça;+ pollastre;False
1599;BBVA;Dèbit;15/11/2022;noviembre;2022;0.0;29.99;Càrrec;manteniment;LIDL;Radial;False
1601;BBVA;Dèbit;16/11/2022;noviembre;2022;0.0;57.64;Càrrec;gasolina;GasolinaAreaGuissona;;False
1671;Efectiu;;04/12/2022;diciembre;2022;0.0;0.0;Càrrec;menjar;Dia;;False
1672;Efectiu;;05/12/2022;diciembre;2022;0.0;66.0;Càrrec;restaurant;Restaurant;Barcares. Nadal;False
1697;BBVA;Compte;13/12/2022;diciembre;2022;0.0;31.8;Càrrec;assegurança;Gestoria BBVA;final;False
1719;Efectiu;;19/12/2022;diciembre;2022;0.0;20.0;Càrrec;varis;Advocat;Consulta Albert Soms;False
1677;Efectiu;;05/12/2022;diciembre;2022;0.0;16.87;Càrrec;menjar;Dia;;False
1678;Efectiu;;07/12/2022;diciembre;2022;0.0;25.0;Càrrec;rebost;Altres menjar;Butifarres Marta;False
1679;Efectiu;;07/12/2022;diciembre;2022;0.0;18.0;Càrrec;menjar;Fruiteria;;False
1680;Efectiu;;08/12/2022;diciembre;2022;0.0;120.0;Càrrec;menjar;Vents i Marees;;False
1681;Efectiu;;08/12/2022;diciembre;2022;0.0;6.4;Càrrec;menjar;Past. Ayma;;False
1684;Efectiu;;04/12/2022;diciembre;2022;0.0;50.0;Càrrec;Parallar;Jysk;Reste taula;False
1691;Efectiu;;10/12/2022;diciembre;2022;0.0;140.0;Càrrec;roba;Altre roba;Mercat Vic. Jaquetes + cart;False
1692;Efectiu;;10/12/2022;diciembre;2022;0.0;26.0;Càrrec;restaurant;Restaurant;Dinar mercat Vic;False
1693;Efectiu;;12/12/2022;diciembre;2022;0.0;10.0;Càrrec;personal;Jordi;Campllong;False
1694;Efectiu;;11/12/2022;diciembre;2022;0.0;10.0;Càrrec;menjar;Fruiteria;;False
1695;Efectiu;;11/12/2022;diciembre;2022;0.0;18.33;Càrrec;menjar;BonPreu;;False
1696;Efectiu;;11/12/2022;diciembre;2022;0.0;4.36;Càrrec;menjar;Dia;;False
1700;Efectiu;;13/12/2022;diciembre;2022;0.0;175.0;Càrrec;varis;Llenya;;False
1704;BBVA;Compte;16/12/2022;diciembre;2022;0.0;43.9;Càrrec;despesa_general;Lowi;;False
1721;Efectiu;;18/12/2022;diciembre;2022;0.0;11.08;Càrrec;menjar;AreaGuissona;;False
1722;Efectiu;;17/12/2022;diciembre;2022;0.0;31.85;Càrrec;menjar;Altres menjar;Xocolateria Vic;False
1723;Efectiu;;17/12/2022;diciembre;2022;0.0;25.0;Càrrec;rebost;Altres menjar;Fuets Vic;False
1724;Efectiu;;19/12/2022;diciembre;2022;0.0;15.0;Càrrec;menjar;Fruiteria;;False
1725;Efectiu;;19/12/2022;diciembre;2022;0.0;12.9;Càrrec;menjar;Can Rinsa;;False
1726;Efectiu;;19/12/2022;diciembre;2022;0.0;10.0;Càrrec;personal;Jordi;;False
1727;Efectiu;;19/12/2022;diciembre;2022;0.0;32.0;Càrrec;menjar;Ous casolans;;False
1674;BBVA;Dèbit;07/12/2022;diciembre;2022;0.0;125.1;Càrrec;restaurant;Restaurant;Can Roca. Girona;False
1759;BBVA;Compte;02/01/2023;enero;2023;0.0;24.58;Càrrec;assegurança;Ocaso;;False
1764;BBVA;Compte;04/01/2023;enero;2023;0.0;35.4;Càrrec;assegurança;BBVA Asseg. Casa;;False
1765;BBVA;Compte;04/01/2023;enero;2023;0.0;12.57;Càrrec;assegurança;DP Morts Enric;;False
1766;BBVA;Compte;04/01/2023;enero;2023;0.0;19.79;Càrrec;assegurança;DP MP Mireia;;False
1745;BBVA;Dèbit;26/12/2022;diciembre;2022;0.0;22.47;Càrrec;Parallar;Altres mobles;Media Mark. Bàscula;False
1791;Efectiu;;29/12/2022;diciembre;2022;0.0;5.1;Càrrec;menjar;Fruiteria;Múrcia;False
1757;BBVA;Compte;31/12/2022;diciembre;2022;0.0;472.91;Càrrec;despesa_general;Hipoteca;;False
1760;BBVA;Compte;02/01/2023;enero;2023;0.0;56.0;Càrrec;despesa_general;Piscina;;False
1762;BBVA;Compte;02/01/2023;enero;2023;0.0;31.2;Càrrec;despesa_general;Endesa;;False
1787;Efectiu;;21/12/2022;diciembre;2022;0.0;11.62;Càrrec;menjar;Dia;;False
1788;Efectiu;;21/12/2022;diciembre;2022;0.0;4.64;Càrrec;menjar;AreaGuissona;;False
1789;Efectiu;;22/12/2022;diciembre;2022;0.0;0.0;Càrrec;menjar;Fruiteria;;False
1790;Efectiu;;22/12/2022;diciembre;2022;0.0;30.03;Càrrec;menjar;AreaGuissona;;False
1792;Efectiu;;29/12/2022;diciembre;2022;0.0;14.0;Càrrec;menjar;Altres menjar;Pulpo. El Pilar;False
1793;Efectiu;;29/12/2022;diciembre;2022;0.0;26.0;Càrrec;menjar;Fruiteria;San javier;False
1794;Efectiu;;29/12/2022;diciembre;2022;0.0;10.0;Càrrec;menjar;Past. Ayma;La Torre;False
1795;Efectiu;;28/12/2022;diciembre;2022;0.0;68.6;Càrrec;restaurant;Restaurant;New Vintage;False
1796;Efectiu;;30/12/2022;diciembre;2022;0.0;12.18;Càrrec;menjar;Dialprix;;False
1797;Efectiu;;27/12/2022;diciembre;2022;0.0;12.2;Càrrec;manteniment;Altres mant.;xino La Torre;False
1798;Efectiu;;26/12/2022;diciembre;2022;0.0;9.38;Càrrec;menjar;Dialprix;;False
1799;Efectiu;;26/12/2022;diciembre;2022;0.0;75.85;Càrrec;restaurant;Restaurant;Asia Ya Mi. El Pilar;False
1800;Efectiu;;30/12/2022;diciembre;2022;0.0;20.5;Càrrec;menjar;Altres menjar;Pepco;False
1801;Efectiu;;31/12/2022;diciembre;2022;0.0;1.7;Càrrec;manteniment;Altres mant.;xino La Torre;False
1802;Efectiu;;26/12/2022;diciembre;2022;0.0;9.6;Càrrec;varis;Compres: varis;Primark;False
1803;Efectiu;;05/01/2023;enero;2023;0.0;7.34;Càrrec;menjar;Fruiteria;;False
1804;Efectiu;;03/01/2023;enero;2023;0.0;2.9;Càrrec;manteniment;Altres mant.;xino La Torre;False
1805;Efectiu;;07/01/2023;enero;2023;0.0;13.3;Càrrec;menjar;Dialprix;;False
1806;Efectiu;;08/01/2023;enero;2023;0.0;6.3;Càrrec;menjar;Fruiteria;La Zenia;False
1809;Efectiu;;05/01/2023;enero;2023;0.0;80.0;Càrrec;varis;Fisioteràpia;;False
1761;BBVA;Compte;02/01/2023;enero;2023;0.0;43.72;Càrrec;menjar;Pago ElCorteInglés;;False
1746;BBVA;Dèbit;27/12/2022;diciembre;2022;0.0;19.0;Càrrec;varis;Compres: varis;Soloptical;False
1821;Efectiu;;14/01/2023;enero;2023;0.0;12.0;Càrrec;rebost;Altres menjar;Taronges Cisco;False
1823;Efectiu;;16/01/2023;enero;2023;0.0;10.0;Càrrec;personal;Jordi;;False
1824;Efectiu;;16/01/2023;enero;2023;0.0;16.0;Càrrec;menjar;Ous casolans;;False
1826;Efectiu;;15/01/2023;enero;2023;0.0;15.4;Càrrec;menjar;Fruiteria;;False
1828;BBVA;Compte;16/01/2023;enero;2023;0.0;43.9;Càrrec;despesa_general;Lowi;;False
1870;T.CorteInglés;T.CorteInglés;27/01/2023;enero;2023;0.0;55.71;Càrrec;menjar;El Corte Inglés;;False
1875;BBVA;Compte;01/02/2023;febrero;2023;0.0;23.98;Càrrec;assegurança;Ocaso;;False
1880;BBVA;Compte;03/02/2023;febrero;2023;0.0;13.79;Càrrec;assegurança;DP Morts Enric;;False
1881;BBVA;Compte;03/02/2023;febrero;2023;0.0;19.79;Càrrec;assegurança;DP MP Mireia;;False
1836;Efectiu;;18/01/2023;enero;2023;0.0;3.54;Càrrec;menjar;AreaGuissona;;False
1837;Efectiu;;18/01/2023;enero;2023;0.0;4.0;Càrrec;menjar;Past. Ayma;;False
1886;BBVA;Compte;06/02/2023;febrero;2023;0.0;35.4;Càrrec;assegurança;BBVA Asseg. Casa;;False
1822;Efectiu;;12/01/2023;enero;2023;0.0;19.9;Càrrec;butà;Butà reparto;;False
1844;Efectiu;;21/01/2023;enero;2023;0.0;3.9;Càrrec;menjar;Fruiteria;;False
1847;Efectiu;;22/01/2023;enero;2023;0.0;32.43;Càrrec;menjar;Dia;;False
1848;Efectiu;;22/01/2023;enero;2023;0.0;10.0;Càrrec;personal;Jordi;;False
1845;Efectiu;;21/01/2023;enero;2023;0.0;5.4;Càrrec;farmàcia;Farmàcia;;False
1889;BBVA;VISA;06/02/2023;febrero;2023;0.0;3.2;Càrrec;manteniment;Aliexpress;Cinta métrica adhesiva;False
1852;Efectiu;;20/01/2023;enero;2023;0.0;360.0;Càrrec;varis;Dentista;;False
1854;Efectiu;;24/01/2023;enero;2023;0.0;3.95;Càrrec;manteniment;Xino Sta.Coloma;;False
1857;BBVA;Compte;26/01/2023;enero;2023;0.0;120.0;Càrrec;proveidor;Exaprint;Bizum Mireia;False
1864;BBVA;Compte;30/01/2023;enero;2023;0.0;6.0;Càrrec;varis;Bizum;Mireia. Mica microones;False
1865;Efectiu;;27/01/2023;enero;2023;0.0;4.03;Càrrec;menjar;Novavenda;;False
1866;Efectiu;;27/01/2023;enero;2023;0.0;4.0;Càrrec;varis;Parking;Sta.Caterina;False
1868;Efectiu;;30/01/2023;enero;2023;0.0;5.0;Càrrec;personal;Enric;;False
1869;Efectiu;;30/01/2023;enero;2023;0.0;5.0;Càrrec;menjar;Peixeteria;;False
1873;BBVA;Compte;31/01/2023;enero;2023;0.0;472.91;Càrrec;despesa_general;Hipoteca;;False
1874;BBVA;Compte;01/02/2023;febrero;2023;0.0;6.02;Càrrec;proveidor;Hofmann;;False
1876;BBVA;Compte;01/02/2023;febrero;2023;0.0;56.0;Càrrec;despesa_general;Piscina;;False
1877;Efectiu;;31/01/2023;enero;2023;0.0;10.0;Càrrec;personal;Jordi;;False
1878;Efectiu;;31/01/2023;enero;2023;0.0;11.82;Càrrec;menjar;Fruiteria;;False
1879;Efectiu;;31/01/2023;enero;2023;0.0;2.5;Càrrec;menjar;Pa i pastisseria;;False
1883;Efectiu;;02/02/2023;febrero;2023;0.0;44.0;Càrrec;restaurant;Restaurant;Can Guix;False
1885;BBVA;Compte;03/02/2023;febrero;2023;0.0;9.32;Càrrec;despesa_general;Endesa;;False
1887;BBVA;Compte;06/02/2023;febrero;2023;0.0;44.14;Càrrec;despesa_general;Aigua;;False
2005;Efectiu;;14/03/2023;marzo;2023;0.0;9.1;Càrrec;menjar;Fruiteria;;False
1890;BBVA;VISA;06/02/2023;febrero;2023;0.0;21.66;Càrrec;menjar;Dia;;False
1891;Efectiu;;06/02/2023;febrero;2023;0.0;90.0;Càrrec;manteniment;Escuraximeneies;;False
1892;Efectiu;;06/02/2023;febrero;2023;0.0;12.0;Càrrec;rebost;Altres menjar;Taronges Cisco;False
1899;Efectiu;;07/02/2023;febrero;2023;0.0;49.3;Càrrec;menjar;Mercadona;;False
1900;Efectiu;;07/02/2023;febrero;2023;0.0;8.84;Càrrec;menjar;LIDL;;False
1825;Efectiu;;15/01/2023;enero;2023;0.0;7.8;Càrrec;menjar;Plaça;;False
1820;BBVA;Dèbit;14/01/2023;enero;2023;0.0;22.38;Càrrec;menjar;Dia;;False
1846;BBVA;Dèbit;22/01/2023;enero;2023;0.0;10.74;Càrrec;menjar;Dia;;False
1901;Efectiu;;05/02/2023;febrero;2023;0.0;31.33;Càrrec;menjar;AreaGuissona;;False
1903;Efectiu;;06/02/2023;febrero;2023;0.0;10.0;Càrrec;menjar;Fruiteria;;False
1904;Efectiu;;10/02/2023;febrero;2023;0.0;16.0;Càrrec;menjar;Ous casolans;;False
1905;Efectiu;;09/02/2023;febrero;2023;0.0;2.0;Càrrec;menjar;Pa i pastisseria;;False
1954;BBVA;Compte;01/03/2023;marzo;2023;0.0;23.98;Càrrec;assegurança;Ocaso;;False
1964;BBVA;Compte;03/03/2023;marzo;2023;0.0;13.47;Càrrec;assegurança;DP Morts Enric;;False
1911;BBVA;Compte;15/02/2023;febrero;2023;0.0;43.9;Càrrec;despesa_general;Lowi;;False
1913;Efectiu;;15/02/2023;febrero;2023;0.0;3.0;Càrrec;menjar;Fruiteria;;False
1965;BBVA;Compte;03/03/2023;marzo;2023;0.0;19.79;Càrrec;assegurança;DP MP Mireia;;False
1916;Efectiu;;15/02/2023;febrero;2023;0.0;11.02;Càrrec;menjar;Dia;;False
1918;Efectiu;;17/02/2023;febrero;2023;0.0;182.0;Càrrec;varis;Llenya;;False
1920;Efectiu;;16/02/2023;febrero;2023;0.0;40.0;Càrrec;restaurant;Restaurant;Dijous gras Vic;False
1919;Efectiu;;16/02/2023;febrero;2023;0.0;17.7;Càrrec;butà;Butà reparto;;False
1914;Efectiu;;10/02/2023;febrero;2023;0.0;8.9;Càrrec;farmàcia;Farmàcia;;False
1925;Efectiu;;21/02/2023;febrero;2023;0.0;2.04;Càrrec;menjar;AreaGuissona;;False
1926;Efectiu;;17/02/2023;febrero;2023;0.0;11.12;Càrrec;menjar;AreaGuissona;;False
1927;Efectiu;;22/02/2023;febrero;2023;0.0;7.8;Càrrec;menjar;Fruiteria;;False
1928;Efectiu;;21/02/2023;febrero;2023;0.0;20.0;Càrrec;manteniment;Reparacions;motoserra;False
1972;Efectiu;;05/03/2023;marzo;2023;0.0;9.44;Càrrec;farmàcia;Farmàcia;;False
1932;Efectiu;;22/02/2023;febrero;2023;0.0;1.96;Càrrec;menjar;Dia;;False
1933;Efectiu;;20/02/2023;febrero;2023;0.0;50.0;Càrrec;restaurant;Restaurant;Can Moni;False
1934;BBVA;Compte;23/02/2023;febrero;2023;0.0;300.0;Càrrec;proveidor;Imprima;Bizum Mireia;False
1935;Efectiu;;22/02/2023;febrero;2023;0.0;1.96;Càrrec;menjar;Dia;;False
1936;Efectiu;;20/02/2023;febrero;2023;0.0;20.0;Càrrec;personal;Enric;;False
1937;Efectiu;;20/02/2023;febrero;2023;0.0;10.0;Càrrec;personal;Jordi;;False
1938;Efectiu;;20/02/2023;febrero;2023;0.0;20.0;Càrrec;personal;Isa;;False
1941;BBVA;VISA;26/02/2023;febrero;2023;0.0;12.68;Càrrec;manteniment;Aliexpress;Riells + fresa;False
1947;BBVA;Compte;27/02/2023;febrero;2023;0.0;300.0;Càrrec;proveidor;Imprima; Bizum Mireia. Imprima 290?;False
1948;BBVA;VISA;27/02/2023;febrero;2023;0.0;88.04;Càrrec;proveidor;Exaprint;Tramuntana;False
1949;BBVA;VISA;27/02/2023;febrero;2023;0.0;70.86;Càrrec;proveidor;Pixarprinting;Tramuntana;False
1951;BBVA;Compte;28/02/2023;febrero;2023;0.0;472.91;Càrrec;despesa_general;Hipoteca;;False
1952;BBVA;Compte;28/02/2023;febrero;2023;0.0;5.66;Càrrec;proveidor;Hofmann;;False
1955;BBVA;Compte;01/03/2023;marzo;2023;0.0;56.0;Càrrec;despesa_general;Piscina;;False
1962;BBVA;Compte;01/03/2023;marzo;2023;0.0;31.15;Càrrec;despesa_general;Endesa;;False
1963;BBVA;VISA;01/03/2023;marzo;2023;0.0;5.61;Càrrec;manteniment;Aliexpress;Cargol fresadora;False
1966;BBVA;VISA;03/03/2023;marzo;2023;0.0;22.21;Càrrec;neteja;Clarel;;False
1970;BBVA;VISA;04/03/2023;marzo;2023;0.0;77.0;Càrrec;manteniment;Norauto;Bateria 60A Blanes;False
1973;Efectiu;;03/03/2023;marzo;2023;0.0;4.0;Càrrec;menjar;Fruiteria;;False
1974;Efectiu;;03/03/2023;marzo;2023;0.0;12.0;Càrrec;rebost;Altres menjar;Taronges Cisco;False
1975;Efectiu;;04/03/2023;marzo;2023;0.0;16.0;Càrrec;menjar;Ous casolans;;False
1976;Efectiu;;03/03/2023;marzo;2023;0.0;2.89;Càrrec;menjar;Dia;;False
1978;Efectiu;;04/03/2023;marzo;2023;0.0;10.0;Càrrec;personal;Jordi;Kebab;False
1979;Efectiu;;05/03/2023;marzo;2023;0.0;19.47;Càrrec;menjar;Dia;;False
1902;Efectiu;;05/02/2023;febrero;2023;0.0;10.0;Càrrec;menjar;Plaça;;False
1946;Efectiu;;26/02/2023;febrero;2023;0.0;15.0;Càrrec;menjar;Plaça;;False
1906;BBVA;Dèbit;10/02/2023;febrero;2023;0.0;25.68;Càrrec;menjar;Dia;;False
1907;BBVA;Dèbit;13/02/2023;febrero;2023;0.0;56.48;Càrrec;gasolina;GasolinaAreaGuissona;;False
1908;BBVA;Dèbit;13/02/2023;febrero;2023;0.0;72.1;Càrrec;menjar;BonPreu;;False
1984;Efectiu;;06/03/2023;marzo;2023;0.0;8.0;Càrrec;restaurant;Bar;xocolata Girona;False
1985;Efectiu;;06/03/2023;marzo;2023;0.0;15.0;Càrrec;menjar;Action Girona;;False
1986;Efectiu;;06/03/2023;marzo;2023;0.0;15.2;Càrrec;neteja;Action Girona;;False
1987;Efectiu;;05/03/2023;marzo;2023;0.0;7.0;Càrrec;menjar;Fruiteria;;False
1988;Efectiu;;07/03/2023;marzo;2023;0.0;2.97;Càrrec;manteniment;Xino Sta.Coloma;cable llum;False
1989;Efectiu;;06/03/2023;marzo;2023;0.0;20.0;Càrrec;gasolina;Gasolina altres;Esclat Sant Coloma;False
1991;BBVA;VISA;07/03/2023;marzo;2023;0.0;6.98;Càrrec;manteniment;Aliexpress;ofertes;False
1982;BBVA;Compte;06/03/2023;marzo;2023;0.0;35.4;Càrrec;assegurança;BBVA Asseg. Casa;;False
2032;Efectiu;;22/03/2023;marzo;2023;0.0;2.58;Càrrec;farmàcia;Farmàcia;;False
1983;Efectiu;;06/03/2023;marzo;2023;0.0;67.6;Càrrec;restaurant;Restaurant;Tomàquet;False
2006;Efectiu;;14/03/2023;marzo;2023;0.0;5.9;Càrrec;varis;Transport;Autobús a Girona;False
2021;Efectiu;;17/03/2023;marzo;2023;0.0;4.5;Càrrec;restaurant;Bar;Deluxe Palamós;False
1981;BBVA;Dèbit;06/03/2023;marzo;2023;0.0;3.0;Càrrec;varis;Expectacles/Teatre;Banys Àrabs;False
2001;BBVA;VISA;14/03/2023;marzo;2023;0.0;20.0;Càrrec;menjar;Action Girona;;False
2002;BBVA;VISA;14/03/2023;marzo;2023;0.0;16.94;Càrrec;neteja;Action Girona;;False
2003;Efectiu;;13/03/2023;marzo;2023;0.0;11.0;Càrrec;menjar;Pa i pastisseria;;False
2004;Efectiu;;13/03/2023;marzo;2023;0.0;8.84;Càrrec;menjar;Fruiteria;;False
2009;BBVA;Compte;15/03/2023;marzo;2023;0.0;44.65;Càrrec;despesa_general;Lowi;;False
2011;Efectiu;;15/03/2023;marzo;2023;0.0;10.62;Càrrec;menjar;AreaGuissona;;False
2018;Efectiu;;17/03/2023;marzo;2023;0.0;48.23;Càrrec;restaurant;Restaurant;Buffet Xino Platja d'Aro;False
2019;Efectiu;;17/03/2023;marzo;2023;0.0;48.36;Càrrec;menjar;LIDL;;False
2020;Efectiu;;17/03/2023;marzo;2023;0.0;15.0;Càrrec;Parallar;Jysk;Catifa;False
2024;BBVA;VISA;12/03/2023;marzo;2023;0.0;3.88;Càrrec;manteniment;Aliexpress;Cable corda;False
2025;Efectiu;;19/03/2023;marzo;2023;0.0;5.99;Càrrec;menjar;Dia;;False
2027;Efectiu;;19/03/2023;marzo;2023;0.0;3.0;Càrrec;personal;Jordi;;False
2028;Efectiu;;19/03/2023;marzo;2023;0.0;6.0;Càrrec;menjar;Fruiteria;;False
2029;Efectiu;;20/03/2023;marzo;2023;0.0;8.0;Càrrec;menjar;AreaGuissona;;False
2033;Efectiu;;22/03/2023;marzo;2023;0.0;7.28;Càrrec;menjar;Fruiteria;;False
2040;Efectiu;;24/03/2023;marzo;2023;0.0;9.1;Càrrec;menjar;Fruiteria;;False
2043;BBVA;VISA;23/03/2023;marzo;2023;0.0;17.69;Càrrec;manteniment;Aliexpress;Arduino;False
2044;BBVA;VISA;24/03/2023;marzo;2023;0.0;5.5;Càrrec;manteniment;Aliexpress;Cargol 13cm M5;False
2048;Efectiu;;26/03/2023;marzo;2023;0.0;9.78;Càrrec;menjar;Fruiteria;;False
2049;Efectiu;;25/03/2023;marzo;2023;0.0;3.23;Càrrec;menjar;Dia;;False
2050;BBVA;Compte;27/03/2023;marzo;2023;0.0;12.0;Càrrec;varis;Jubilats Isa;;False
2051;BBVA;Compte;27/03/2023;marzo;2023;0.0;12.0;Càrrec;varis;Jubilats Enric;;False
2052;Efectiu;;28/03/2023;marzo;2023;0.0;13.29;Càrrec;menjar;Dia;;False
2053;Efectiu;;28/03/2023;marzo;2023;0.0;31.3;Càrrec;menjar;Altres menjar;Cal Gall;False
2057;BBVA;Compte;01/04/2023;abril;2023;0.0;23.85;Càrrec;despesa_general;Endesa;;False
2058;BBVA;VISA;28/03/2023;marzo;2023;0.0;3.35;Càrrec;manteniment;Aliexpress;;False
2026;Efectiu;;19/03/2023;marzo;2023;0.0;16.0;Càrrec;menjar;Plaça;;False
1994;BBVA;Dèbit;10/03/2023;marzo;2023;0.0;14.35;Càrrec;menjar;Dia;;False
2059;BBVA;VISA;28/03/2023;marzo;2023;0.0;2.19;Càrrec;manteniment;Aliexpress;;False
2060;BBVA;VISA;29/03/2023;marzo;2023;0.0;3.79;Càrrec;manteniment;Aliexpress;Pega;False
2061;BBVA;Compte;31/03/2023;marzo;2023;0.0;472.91;Càrrec;despesa_general;Hipoteca;;False
2064;Efectiu;;01/04/2023;abril;2023;0.0;7.83;Càrrec;menjar;AreaGuissona;;False
2065;Efectiu;;01/04/2023;abril;2023;0.0;3.95;Càrrec;menjar;Fruiteria;;False
2068;BBVA;Compte;03/04/2023;abril;2023;0.0;56.0;Càrrec;despesa_general;Piscina;;False
2067;BBVA;Compte;03/04/2023;abril;2023;0.0;23.98;Càrrec;assegurança;Ocaso;;False
2077;Efectiu;;01/04/2023;abril;2023;0.0;16.0;Càrrec;menjar;Ous casolans;;False
2079;Efectiu;;03/04/2023;abril;2023;0.0;10.51;Càrrec;neteja;Clarel;;False
2080;Efectiu;;05/04/2023;abril;2023;0.0;26.0;Càrrec;rebost;Altres menjar;Taronges Cisco;False
2081;Efectiu;;05/04/2023;abril;2023;0.0;11.02;Càrrec;menjar;Dia;;False
2091;Efectiu;;08/04/2023;abril;2023;0.0;5.1;Càrrec;menjar;Dia;;False
2092;Efectiu;;09/04/2023;abril;2023;0.0;9.51;Càrrec;menjar;Dia;;False
2093;Efectiu;;07/04/2023;abril;2023;0.0;40.0;Càrrec;restaurant;Restaurant;El Sorrall. Blanes;False
2095;Efectiu;;09/04/2023;abril;2023;0.0;10.0;Càrrec;personal;Jordi;;False
2097;Efectiu;;09/04/2023;abril;2023;0.0;20.0;Càrrec;varis;Compres: varis;regal cumple Pepe;False
2098;Efectiu;;10/04/2023;abril;2023;0.0;2.59;Càrrec;manteniment;Xino Sta.Coloma;esmalt negre;False
2104;Efectiu;;10/04/2023;abril;2023;0.0;1.28;Càrrec;menjar;Fruiteria;;False
2105;Efectiu;;10/04/2023;abril;2023;0.0;10.29;Càrrec;menjar;AreaGuissona;;False
2071;BBVA;Compte;05/04/2023;abril;2023;0.0;35.4;Càrrec;assegurança;BBVA Asseg. Casa;;False
2073;BBVA;Compte;05/04/2023;abril;2023;0.0;13.47;Càrrec;assegurança;DP Morts Enric;;False
2109;Efectiu;;12/04/2023;abril;2023;0.0;13.57;Càrrec;menjar;AreaGuissona;;False
2110;Efectiu;;12/04/2023;abril;2023;0.0;10.8;Càrrec;menjar;Can Rinsa;;False
2111;Efectiu;;15/04/2023;abril;2023;0.0;3.86;Càrrec;menjar;Dia;;False
2074;BBVA;Compte;05/04/2023;abril;2023;0.0;21.01;Càrrec;assegurança;DP MP Mireia;;False
2113;BBVA;Compte;17/04/2023;abril;2023;0.0;45.16;Càrrec;despesa_general;Lowi;;False
2082;BBVA;Compte;06/04/2023;abril;2023;0.0;66.45;Càrrec;assegurança;Imp. Circulació Palamós;;False
2115;Efectiu;;15/04/2023;abril;2023;0.0;5.19;Càrrec;menjar;AreaGuissona;;False
2078;Efectiu;;04/04/2023;abril;2023;0.0;6.94;Càrrec;farmàcia;Farmàcia;;False
2117;Efectiu;;17/04/2023;abril;2023;0.0;6.94;Càrrec;menjar;Dia;;False
2083;BBVA;VISA;06/04/2023;abril;2023;0.0;6.97;Càrrec;manteniment;Aliexpress;ofertes domòtica;False
2120;BBVA;VISA;16/04/2023;abril;2023;0.0;6.37;Càrrec;manteniment;Aliexpress;;False
2121;BBVA;VISA;17/04/2023;abril;2023;0.0;16.45;Càrrec;varis;Extra;Rosa Mireia. Sant Jordi;False
2122;BBVA;VISA;18/04/2023;abril;2023;0.0;4.09;Càrrec;manteniment;Aliexpress;Bat LI2032;False
2123;BBVA;VISA;18/04/2023;abril;2023;0.0;3.68;Càrrec;manteniment;Aliexpress;carregador LI2032;False
2124;BBVA;VISA;19/04/2023;abril;2023;0.0;51.33;Càrrec;proveidor;Moldiber;L'olivera;False
2125;BBVA;Compte;19/04/2023;abril;2023;0.0;90.0;Càrrec;proveidor;Pixarprinting;Bizum Mireia.L'olivera;False
2127;Efectiu;;20/04/2023;abril;2023;0.0;11.81;Càrrec;neteja;Clarel;;False
2128;Efectiu;;20/04/2023;abril;2023;0.0;4.25;Càrrec;menjar;Dia;;False
2094;Efectiu;;09/04/2023;abril;2023;0.0;40.0;Càrrec;restaurant;Restaurant;Pizza Palamós;False
2096;Efectiu;;09/04/2023;abril;2023;0.0;20.0;Càrrec;restaurant;Restaurant;gelats Palamós;False
2063;Efectiu;;02/04/2023;abril;2023;0.0;17.95;Càrrec;menjar;Plaça;;False
2090;Efectiu;;09/04/2023;abril;2023;0.0;9.8;Càrrec;menjar;Plaça;;False
2066;BBVA;Dèbit;03/04/2023;abril;2023;0.0;11.65;Càrrec;menjar;Dia;;False
2075;BBVA;Dèbit;05/04/2023;abril;2023;0.0;22.3;Càrrec;menjar;Mercadona;;False
2085;BBVA;Dèbit;10/04/2023;abril;2023;0.0;41.65;Càrrec;gasolina;GasolinaAreaGuissona;;False
2099;BBVA;VISA;10/04/2023;abril;2023;0.0;5.98;Càrrec;manteniment;Aliexpress;domòtica;False
2100;BBVA;VISA;10/04/2023;abril;2023;0.0;7.97;Càrrec;manteniment;Aliexpress;domòtica;False
2101;BBVA;VISA;10/04/2023;abril;2023;0.0;5.96;Càrrec;manteniment;Aliexpress;domòtica;False
2161;BBVA;Compte;02/05/2023;mayo;2023;0.0;23.98;Càrrec;assegurança;Ocaso;;False
2138;Efectiu;;23/04/2023;abril;2023;0.0;25.0;Càrrec;restaurant;Restaurant;gelats+ altres. Girona;False
2139;Efectiu;;23/04/2023;abril;2023;0.0;8.0;Càrrec;restaurant;Bar;Xocolateria Girona;False
2140;Efectiu;;23/04/2023;abril;2023;0.0;2.0;Càrrec;varis;Compres: varis;Rosa St. Jordi;False
2141;Efectiu;;24/04/2023;abril;2023;0.0;8.0;Càrrec;Parallar;Altres mobles;vidre bany;False
2142;Efectiu;;23/04/2023;abril;2023;0.0;6.47;Càrrec;menjar;Fruiteria;;False
2144;Efectiu;;24/04/2023;abril;2023;0.0;5.0;Càrrec;personal;Jordi;;False
2169;BBVA;Compte;04/05/2023;mayo;2023;0.0;35.4;Càrrec;assegurança;BBVA Asseg. Casa;;False
2170;BBVA;Compte;04/05/2023;mayo;2023;0.0;13.47;Càrrec;assegurança;DP Morts Enric;;False
2171;BBVA;Compte;04/05/2023;mayo;2023;0.0;20.38;Càrrec;assegurança;DP MP Mireia;;False
2186;Efectiu;;03/05/2023;mayo;2023;0.0;8.29;Càrrec;farmàcia;Farmàcia;;False
2151;Efectiu;;26/04/2023;abril;2023;0.0;4.46;Càrrec;menjar;Fruiteria;;False
2152;Efectiu;;26/04/2023;abril;2023;0.0;3.25;Càrrec;menjar;Novavenda;;False
2153;Efectiu;;25/04/2023;abril;2023;0.0;1.48;Càrrec;menjar;Dia;;False
2154;Efectiu;;29/04/2023;abril;2023;0.0;110.0;Càrrec;Parallar;Altres mobles;Deshumificador;False
2129;Efectiu;;20/04/2023;abril;2023;0.0;25.8;Càrrec;restaurant;Restaurant;Llar Jubilats Arbúcies;False
2143;Efectiu;;24/04/2023;abril;2023;0.0;1.4;Càrrec;restaurant;Bar;Cafè Girona;False
2185;Efectiu;;03/05/2023;mayo;2023;0.0;146.5;Càrrec;restaurant;Restaurant;Tomàquet;False
2187;Efectiu;;04/05/2023;mayo;2023;0.0;35.0;Càrrec;restaurant;Restaurant;Pizza Palamós;False
2159;BBVA;Compte;30/04/2023;abril;2023;0.0;472.91;Càrrec;despesa_general;Hipoteca;;False
2188;Efectiu;;04/05/2023;mayo;2023;0.0;10.0;Càrrec;restaurant;Bar;Palamós;False
2162;BBVA;Compte;02/05/2023;mayo;2023;0.0;56.0;Càrrec;despesa_general;Piscina;;False
2167;BBVA;Compte;03/05/2023;mayo;2023;0.0;14.88;Càrrec;despesa_general;Endesa;;False
2178;Efectiu;;03/05/2023;mayo;2023;0.0;150.0;Càrrec;proveidor;Soloimprenta;Xarrup. Estovalles;False
2179;Efectiu;;01/05/2023;mayo;2023;0.0;6.67;Càrrec;menjar;Dia;;False
2180;Efectiu;;01/05/2023;mayo;2023;0.0;8.65;Càrrec;menjar;Fruiteria;;False
2182;Efectiu;;01/05/2023;mayo;2023;0.0;10.4;Càrrec;menjar;Can Rinsa;;False
2183;Efectiu;;02/05/2023;mayo;2023;0.0;15.0;Càrrec;menjar;Pa i pastisseria;;False
2184;Efectiu;;02/05/2023;mayo;2023;0.0;14.34;Càrrec;menjar;Dia;;False
2189;Efectiu;;04/05/2023;mayo;2023;0.0;10.0;Càrrec;personal;Jordi;;False
2190;Efectiu;;06/05/2023;mayo;2023;0.0;93.23;Càrrec;restaurant;Restaurant;Buffet xino Platja d'aro;False
2192;Efectiu;;07/05/2023;mayo;2023;0.0;9.0;Càrrec;menjar;Pa i pastisseria;;False
2193;Efectiu;;07/05/2023;mayo;2023;0.0;12.09;Càrrec;menjar;Dia;;False
2194;Efectiu;;07/05/2023;mayo;2023;0.0;28.0;Càrrec;menjar;Ous casolans;3 dozenes Mireia;False
2195;BBVA;VISA;28/04/2023;abril;2023;2.19;0.0;Càrrec;manteniment;Aliexpress;Abonament. Interruptor;False
2196;BBVA;VISA;26/04/2023;abril;2023;0.0;9.98;Càrrec;manteniment;Aliexpress;;False
2197;BBVA;VISA;28/04/2023;abril;2023;0.0;3.9;Càrrec;manteniment;Aliexpress;;False
2198;BBVA;VISA;02/05/2023;mayo;2023;0.0;11.04;Càrrec;manteniment;Aliexpress;llums led;False
2201;BBVA;Compte;09/05/2023;mayo;2023;0.0;57.64;Càrrec;despesa_general;Aigua;;False
2181;Efectiu;;01/05/2023;mayo;2023;0.0;20.6;Càrrec;menjar;Plaça;;False
2191;Efectiu;;07/05/2023;mayo;2023;0.0;18.0;Càrrec;menjar;Plaça;;False
2134;BBVA;Dèbit;21/04/2023;abril;2023;0.0;15.26;Càrrec;menjar;Dia;;False
2137;BBVA;Dèbit;24/04/2023;abril;2023;0.0;35.56;Càrrec;menjar;LIDL;;False
2280;BBVA;Compte;01/06/2023;junio;2023;0.0;23.98;Càrrec;assegurança;Ocaso;;False
2212;Efectiu;;11/05/2023;mayo;2023;0.0;10.0;Càrrec;personal;Enric;;False
2249;BBVA;Compte;23/05/2023;mayo;2023;0.0;156.07;Càrrec;assegurança;Assegurança Cotxe;DP;False
2216;Efectiu;;12/05/2023;mayo;2023;0.0;10.53;Càrrec;menjar;Dia;;False
2217;Efectiu;;14/05/2023;mayo;2023;0.0;6.57;Càrrec;menjar;Fruiteria;;False
2257;Efectiu;;25/05/2023;mayo;2023;0.0;16.0;Càrrec;butà;Butà reparto;;False
2211;Efectiu;;11/05/2023;mayo;2023;0.0;52.0;Càrrec;proveidor;Prolab;Àlbum Lidia Cerrillo;False
2222;BBVA;Compte;17/05/2023;mayo;2023;0.0;43.8;Càrrec;despesa_general;Lowi;;False
2224;BBVA;VISA;15/05/2023;mayo;2023;0.0;6.37;Càrrec;manteniment;Aliexpress;lamina fusta noguera;False
2225;BBVA;VISA;16/05/2023;mayo;2023;0.0;2.16;Càrrec;manteniment;Aliexpress;burlet finestra;False
2234;Efectiu;;18/05/2023;mayo;2023;0.0;186.0;Càrrec;rebost;Altres menjar;Oli Ma Carmen;False
2235;Efectiu;;15/05/2023;mayo;2023;0.0;3.97;Càrrec;menjar;Dia;;False
2236;Efectiu;;18/05/2023;mayo;2023;0.0;4.0;Càrrec;personal;Jordi;;False
2237;Efectiu;;18/05/2023;mayo;2023;0.0;3.6;Càrrec;restaurant;Bar;BCN;False
2238;Efectiu;;19/05/2023;mayo;2023;0.0;26.0;Càrrec;rebost;Altres menjar;Butifarres Cisco;False
2241;Efectiu;;21/05/2023;mayo;2023;0.0;3.83;Càrrec;menjar;Fruiteria;;False
2243;Efectiu;;21/05/2023;mayo;2023;0.0;3.2;Càrrec;menjar;Pa i pastisseria;;False
2244;Efectiu;;19/05/2023;mayo;2023;0.0;5.29;Càrrec;menjar;Fruiteria;;False
2256;Efectiu;;25/05/2023;mayo;2023;0.0;8.0;Càrrec;varis;Compres: varis;Banderetes Enramades;False
2258;Efectiu;;25/05/2023;mayo;2023;0.0;16.67;Càrrec;menjar;Can Rinsa;;False
2259;Efectiu;;25/05/2023;mayo;2023;0.0;2.0;Càrrec;menjar;Pa i pastisseria;;False
2260;Efectiu;;25/05/2023;mayo;2023;0.0;6.9;Càrrec;menjar;Fruiteria;;False
2264;BBVA;VISA;29/05/2023;mayo;2023;0.0;5.97;Càrrec;manteniment;Aliexpress;Antirata-penjar ducha;False
2265;BBVA;VISA;29/05/2023;mayo;2023;0.0;17.9;Càrrec;manteniment;Aliexpress;Teclat Gaming Jordi;False
2266;Efectiu;;25/05/2023;mayo;2023;0.0;6.42;Càrrec;menjar;Fruiteria;;False
2267;Efectiu;;27/05/2023;mayo;2023;0.0;14.11;Càrrec;menjar;Mercadona;;False
2276;BBVA;Compte;01/06/2023;junio;2023;0.0;12.0;Càrrec;despesa_general;Endesa;;False
2277;BBVA;Compte;31/05/2023;mayo;2023;0.0;472.91;Càrrec;despesa_general;Hipoteca;;False
2242;Efectiu;;21/05/2023;mayo;2023;0.0;4.85;Càrrec;menjar;Plaça;;False
2268;Efectiu;;28/05/2023;mayo;2023;0.0;10.37;Càrrec;menjar;Plaça;;False
2206;BBVA;Dèbit;10/05/2023;mayo;2023;0.0;16.98;Càrrec;menjar;Dia;;False
2214;BBVA;Dèbit;15/05/2023;mayo;2023;0.0;13.35;Càrrec;menjar;Dia;;False
2215;BBVA;Dèbit;15/05/2023;mayo;2023;0.0;33.58;Càrrec;menjar;Dia;;False
2221;BBVA;Dèbit;16/05/2023;mayo;2023;0.0;23.15;Càrrec;menjar;Dia;;False
2223;BBVA;Dèbit;17/05/2023;mayo;2023;0.0;6.42;Càrrec;menjar;Dia;;False
2226;BBVA;Dèbit;18/05/2023;mayo;2023;0.0;36.77;Càrrec;gasolina;GasolinaAreaGuissona;;False
2227;BBVA;Dèbit;18/05/2023;mayo;2023;0.0;82.88;Càrrec;menjar;Aldi;;False
2281;BBVA;Compte;01/06/2023;junio;2023;0.0;56.0;Càrrec;despesa_general;Piscina;;False
2285;Efectiu;;01/06/2023;junio;2023;0.0;132.4;Càrrec;rebost;Vents i Marees;;False
2286;Efectiu;;29/05/2023;mayo;2023;0.0;9.18;Càrrec;menjar;Dia;;False
2287;Efectiu;;02/06/2023;junio;2023;0.0;3.33;Càrrec;menjar;Fruiteria;;False
2295;Efectiu;;06/06/2023;junio;2023;0.0;4.96;Càrrec;menjar;Fruiteria;;False
2296;Efectiu;;05/06/2023;junio;2023;0.0;27.07;Càrrec;menjar;Dia;;False
2291;BBVA;Compte;05/06/2023;junio;2023;0.0;35.4;Càrrec;assegurança;BBVA Asseg. Casa;;False
2298;Efectiu;;08/06/2023;junio;2023;0.0;0.7;Càrrec;menjar;Pa i pastisseria;;False
2299;Efectiu;;08/06/2023;junio;2023;0.0;12.5;Càrrec;varis;Compres: varis;Axa. Past.Mir;False
2300;Efectiu;;06/06/2023;junio;2023;0.0;7.69;Càrrec;menjar;Novavenda;;False
2293;BBVA;Compte;05/06/2023;junio;2023;0.0;13.47;Càrrec;assegurança;DP Morts Enric;;False
2306;BBVA;VISA;13/06/2023;junio;2023;0.0;0.1;Càrrec;manteniment;Aliexpress;Ulleres Isa;False
2294;BBVA;Compte;05/06/2023;junio;2023;0.0;20.38;Càrrec;assegurança;DP MP Mireia;;False
2322;Efectiu;;18/06/2023;junio;2023;0.0;3.9;Càrrec;farmàcia;Farmàcia;;False
2309;BBVA;VISA;13/06/2023;junio;2023;0.0;5.02;Càrrec;manteniment;Aliexpress;broques.lupa.angle;False
2310;Efectiu;;15/06/2023;junio;2023;0.0;15.69;Càrrec;menjar;Dia;;False
2311;Efectiu;;15/06/2023;junio;2023;0.0;7.06;Càrrec;rebost;Dia;Tonyina.Blat de moro;False
2312;BBVA;VISA;16/06/2023;junio;2023;0.0;41.0;Càrrec;varis;Llibres;Iberlibro. 5 Fundación;False
2315;Efectiu;;17/06/2023;junio;2023;0.0;10.0;Càrrec;personal;Enric;;False
2316;Efectiu;;17/06/2023;junio;2023;0.0;5.0;Càrrec;personal;Jordi;;False
2319;BBVA;Compte;16/06/2023;junio;2023;0.0;43.8;Càrrec;despesa_general;Lowi;;False
2317;Efectiu;;16/06/2023;junio;2023;0.0;17.0;Càrrec;restaurant;Restaurant;Dinar Gimnàs Isa;False
2340;Efectiu;;24/06/2023;junio;2023;0.0;1.2;Càrrec;restaurant;Bar;Cafè jubilats;False
2324;Efectiu;;18/06/2023;junio;2023;0.0;16.0;Càrrec;menjar;Ous casolans;;False
2325;Efectiu;;18/06/2023;junio;2023;0.0;6.0;Càrrec;menjar;Fruiteria;;False
2326;Efectiu;;18/06/2023;junio;2023;0.0;9.31;Càrrec;menjar;Novavenda;;False
2344;Efectiu;Efectiu;25/06/2023;junio;2023;0.0;10.0;Càrrec;restaurant;Restaurant;Gelats Palamós;False
2345;Efectiu;;26/06/2023;junio;2023;0.0;24.0;Càrrec;menjar;Altres menjar;Dinar família;False
2334;Efectiu;;23/06/2023;junio;2023;0.0;7.4;Càrrec;menjar;Fruiteria;;False
2335;Efectiu;;23/06/2023;junio;2023;0.0;7.6;Càrrec;menjar;Pa i pastisseria;;False
2339;Efectiu;;09/06/2023;junio;2023;0.0;11.93;Càrrec;menjar;Dia;;False
2342;Efectiu;;24/06/2023;junio;2023;0.0;91.0;Càrrec;restaurant;Restaurant;Juanan;False
2346;Efectiu;;26/06/2023;junio;2023;0.0;5.0;Càrrec;personal;Jordi;;False
2352;BBVA;Compte;27/06/2023;junio;2023;0.0;12.0;Càrrec;despesa_general;Oncolliga;;False
2354;Efectiu;;27/06/2023;junio;2023;0.0;75.0;Càrrec;varis;Compres: varis;Regal Jon;False
2357;BBVA;Compte;30/06/2023;junio;2023;0.0;472.91;Càrrec;despesa_general;Hipoteca;;False
2305;Efectiu;;11/06/2023;junio;2023;0.0;14.0;Càrrec;menjar;Plaça;;False
2323;Efectiu;;18/06/2023;junio;2023;0.0;9.8;Càrrec;menjar;Plaça;;False
2282;BBVA;Dèbit;01/06/2023;junio;2023;0.0;49.8;Càrrec;gasolina;GasolinaAreaGuissona;;False
2289;BBVA;Dèbit;02/06/2023;junio;2023;0.0;10.79;Càrrec;menjar;Dia;;False
2290;BBVA;Dèbit;05/06/2023;junio;2023;0.0;20.4;Càrrec;restaurant;Bar;Casino. Enrramades;False
2369;BBVA;Compte;03/07/2023;julio;2023;0.0;23.98;Càrrec;assegurança;Ocaso;;False
2388;BBVA;Compte;05/07/2023;julio;2023;0.0;35.4;Càrrec;assegurança;BBVA Asseg. Casa;;False
2365;Efectiu;;30/06/2023;junio;2023;0.0;9.98;Càrrec;menjar;Fruiteria;;False
2366;Efectiu;;02/07/2023;julio;2023;0.0;20.0;Càrrec;menjar;Ous casolans;;False
2368;Efectiu;;30/06/2023;junio;2023;0.0;6.0;Càrrec;personal;Jordi;;False
2370;BBVA;Compte;03/07/2023;julio;2023;0.0;56.0;Càrrec;despesa_general;Piscina;;False
2371;Efectiu;;02/07/2023;julio;2023;0.0;9.57;Càrrec;menjar;Can Rinsa;La Taverna;False
2372;Efectiu;;02/07/2023;julio;2023;0.0;4.23;Càrrec;menjar;Fruiteria;;False
2375;BBVA;Compte;03/07/2023;julio;2023;0.0;400.0;Càrrec;proveidor;Trama;Bizum. Trama 363?;False
2390;BBVA;Compte;05/07/2023;julio;2023;0.0;13.47;Càrrec;assegurança;DP Morts Enric;;False
2378;Efectiu;;03/07/2023;julio;2023;0.0;14.3;Càrrec;menjar;Dia;;False
2391;BBVA;Compte;05/07/2023;julio;2023;0.0;20.38;Càrrec;assegurança;DP MP Mireia;;False
2359;BBVA;Compte;30/06/2023;junio;2023;0.0;-6.0;Càrrec;varis;Llibres;Devolució Asimov;False
2367;Efectiu;;02/07/2023;julio;2023;0.0;4.0;Càrrec;menjar;Altres menjar;Mogetes veí;False
2419;BBVA;VISA;14/07/2023;julio;2023;0.0;404.91;Càrrec;Parallar;Altres mobles;Emma matalàs;False
2412;Efectiu;;11/07/2023;julio;2023;0.0;20.0;Càrrec;personal;Enric;Excurció Sant Marçal;False
2404;BBVA;VISA;10/07/2023;julio;2023;0.0;2.18;Càrrec;manteniment;Aliexpress;Globus+pinçes+auricul;False
2392;BBVA;VISA;05/07/2023;julio;2023;0.0;206.21;Càrrec;proveidor;Exaprint;3000 estovalles Xarrup;False
2395;Efectiu;;05/07/2023;julio;2023;0.0;1.3;Càrrec;menjar;Pa i pastisseria;;False
2396;Efectiu;;05/07/2023;julio;2023;0.0;5.0;Càrrec;personal;Jordi;;False
2397;Efectiu;;05/07/2023;julio;2023;0.0;8.0;Càrrec;menjar;Altres menjar;Mongetes;False
2398;Efectiu;;05/07/2023;julio;2023;0.0;7.73;Càrrec;menjar;Fruiteria;;False
2413;Efectiu;;12/07/2023;julio;2023;0.0;20.0;Càrrec;varis;Compres: varis;Pantalons Enric;False
2414;Efectiu;;12/07/2023;julio;2023;0.0;20.0;Càrrec;personal;Jordi;;False
2415;Efectiu;;11/07/2023;julio;2023;0.0;10.0;Càrrec;menjar;Fruiteria;;False
2418;BBVA;VISA;14/07/2023;julio;2023;0.0;66.99;Càrrec;manteniment;Back Market;Pantalla Jordi;False
2360;BBVA;Dèbit;30/06/2023;junio;2023;0.0;11.14;Càrrec;menjar;Dia;;False
2361;BBVA;Dèbit;03/07/2023;julio;2023;0.0;20.09;Càrrec;roba;Mango;;False
2432;BBVA;Compte;17/07/2023;julio;2023;0.0;45.28;Càrrec;despesa_general;Lowi;;False
2489;BBVA;Compte;01/08/2023;agosto;2023;0.0;23.98;Càrrec;assegurança;Ocaso;;False
2444;Efectiu;;19/07/2023;julio;2023;0.0;10.0;Càrrec;roba;Altre roba;Sabateria Arbúcies;False
2462;BBVA;Compte;24/07/2023;julio;2023;0.0;475.37;Càrrec;varis;Advocat;Minuta BBVA Vida;False
2463;BBVA;Compte;24/07/2023;julio;2023;0.0;402.1;Càrrec;varis;Advocat;Minuta BBVA Vida;False
2437;Efectiu;;17/07/2023;julio;2023;0.0;10.76;Càrrec;menjar;Fruiteria;;False
2438;Efectiu;;13/07/2023;julio;2023;0.0;11.95;Càrrec;varis;Llibres;Asimov;False
2439;Efectiu;;18/07/2023;julio;2023;0.0;8.0;Càrrec;menjar;Dia;;False
2440;Efectiu;;18/07/2023;julio;2023;0.0;8.0;Càrrec;personal;Jordi;;False
2441;Efectiu;;16/07/2023;julio;2023;0.0;4.61;Càrrec;menjar;BonPreu;;False
2442;Efectiu;Efectiu;19/07/2023;julio;2023;0.0;26.0;Càrrec;menjar;Fruiteria;Moro;False
2443;Efectiu;;19/07/2023;julio;2023;0.0;9.0;Càrrec;menjar;Fruiteria;Moro.Mel;False
2447;BBVA;Compte;20/07/2023;julio;2023;0.0;868.0;Càrrec;varis;Compres: varis;Matricula Opos Mireia;False
2585;Efectiu;;28/08/2023;agosto;2023;0.0;11.0;Càrrec;menjar;Fruiteria;;False
2448;BBVA;Compte;20/07/2023;julio;2023;0.0;187.0;Càrrec;varis;Compres: varis;Matricula Opos Mireia;False
2452;Efectiu;;21/07/2023;julio;2023;0.0;26.0;Càrrec;rebost;Altres menjar;Butifarres Cisco;False
2453;Efectiu;;21/07/2023;julio;2023;0.0;2.0;Càrrec;menjar;Fruiteria;;False
2464;Efectiu;;23/07/2023;julio;2023;0.0;4.79;Càrrec;menjar;Peixeteria;;False
2465;Efectiu;;23/07/2023;julio;2023;0.0;4.75;Càrrec;menjar;Pa i pastisseria;;False
2479;BBVA;Compte;31/07/2023;julio;2023;0.0;472.91;Càrrec;despesa_general;Hipoteca;;False
2480;BBVA;Compte;31/07/2023;julio;2023;0.0;3.5;Càrrec;proveidor;Hofmann;;False
2485;BBVA;Compte;01/08/2023;agosto;2023;0.0;17.93;Càrrec;despesa_general;Endesa;;False
2490;BBVA;Compte;01/08/2023;agosto;2023;0.0;56.0;Càrrec;despesa_general;Piscina;;False
2431;BBVA;Dèbit;17/07/2023;julio;2023;0.0;5.53;Càrrec;menjar;LIDL;;False
2499;BBVA;Compte;04/08/2023;agosto;2023;0.0;35.4;Càrrec;assegurança;BBVA Asseg. Casa;;False
2502;BBVA;Compte;04/08/2023;agosto;2023;0.0;20.38;Càrrec;assegurança;DP MP Mireia;;False
2512;BBVA;Compte;07/08/2023;agosto;2023;0.0;13.47;Càrrec;assegurança;DP Morts Enric;;False
2561;Efectiu;;17/08/2023;agosto;2023;0.0;15.4;Càrrec;butà;Butà reparto;;False
2555;LaCaixa;Compte;27/07/2023;julio;2023;183.58;0.0;Càrrec;ingrés_general;Complement Generalitat;;False
2562;Efectiu;;17/08/2023;agosto;2023;0.0;20.0;Càrrec;menjar;Fruiteria;Veí Moro;False
2516;BBVA;Compte;08/08/2023;agosto;2023;0.0;17.13;Càrrec;menjar;Altres menjar;Carniceria Matilde;False
2517;BBVA;Compte;08/08/2023;agosto;2023;0.0;48.03;Càrrec;despesa_general;Aigua;;False
2559;BBVA;Compte;16/08/2023;agosto;2023;0.0;25.0;Càrrec;varis;Llibres;Bizum Mireia.Jubilació;False
2526;Efectiu;;26/07/2023;julio;2023;0.0;2.83;Càrrec;menjar;Dia;;False
2527;Efectiu;;03/08/2023;agosto;2023;0.0;1.9;Càrrec;manteniment;LeroyMerlin;;False
2528;Efectiu;;28/07/2023;julio;2023;0.0;13.1;Càrrec;menjar;Altres menjar;Pepco;False
2529;Efectiu;;26/07/2023;julio;2023;0.0;8.75;Càrrec;menjar;AreaGuissona;;False
2530;Efectiu;;09/08/2023;agosto;2023;0.0;24.16;Càrrec;menjar;Altres menjar;Super Villa-Teresa;False
2531;Efectiu;;27/07/2023;julio;2023;0.0;2.32;Càrrec;menjar;Fruiteria;;False
2532;Efectiu;;27/07/2023;julio;2023;0.0;12.0;Càrrec;menjar;Ous casolans;Extra Mireia;False
2533;Efectiu;;27/07/2023;julio;2023;0.0;9.0;Càrrec;menjar;Pa i pastisseria;Arnau;False
2534;Efectiu;;27/07/2023;julio;2023;0.0;14.0;Càrrec;menjar;Fruiteria;;False
2535;Efectiu;;09/08/2023;agosto;2023;0.0;7.19;Càrrec;menjar;Altres menjar;;False
2536;Efectiu;;09/08/2023;agosto;2023;0.0;15.0;Càrrec;menjar;Fruiteria;;False
2537;Efectiu;;08/08/2023;agosto;2023;0.0;5.5;Càrrec;menjar;Altres menjar;Xurros;False
2538;Efectiu;;07/08/2023;agosto;2023;0.0;12.3;Càrrec;menjar;Peixeteria;;False
2539;Efectiu;;08/08/2023;agosto;2023;0.0;3.0;Càrrec;menjar;Fruiteria;;False
2540;Efectiu;;08/08/2023;agosto;2023;0.0;12.2;Càrrec;restaurant;Bar;gelats;False
2542;Efectiu;;08/08/2023;agosto;2023;0.0;115.0;Càrrec;varis;Extra;Neteja cara. El Pilar;False
2558;Efectiu;;14/08/2023;agosto;2023;0.0;3.64;Càrrec;menjar;Novavenda;;False
2504;BBVA;Dèbit;04/08/2023;agosto;2023;0.0;14.93;Càrrec;menjar;Dialprix;;False
2505;BBVA;Dèbit;07/08/2023;agosto;2023;0.0;10.77;Càrrec;manteniment;Altres mant.;terrapilar.Revoco;False
2506;BBVA;Dèbit;07/08/2023;agosto;2023;0.0;15.67;Càrrec;menjar;Mercadona;;False
2567;Efectiu;;18/08/2023;agosto;2023;0.0;-3.0;Càrrec;roba;Altre roba;ALDI. Error ticket;False
2602;BBVA;Compte;01/09/2023;septiembre;2023;0.0;23.98;Càrrec;assegurança;Ocaso;;False
2570;Efectiu;;15/08/2023;agosto;2023;0.0;5.0;Càrrec;personal;Jordi;;False
2616;BBVA;Compte;05/09/2023;septiembre;2023;0.0;35.4;Càrrec;assegurança;BBVA Asseg. Casa;;False
2620;BBVA;Compte;06/09/2023;septiembre;2023;0.0;13.47;Càrrec;assegurança;DP Morts Enric;;False
2621;BBVA;Compte;06/09/2023;septiembre;2023;0.0;20.38;Càrrec;assegurança;DP MP Mireia;;False
2635;Efectiu;;08/09/2023;septiembre;2023;0.0;5.6;Càrrec;farmàcia;Farmàcia;;False
2589;BBVA;Compte;29/08/2023;agosto;2023;48.6;0.0;Càrrec;ingrés_general;Cartera DP Gran;;False
2577;Efectiu;;22/08/2023;agosto;2023;0.0;-9.0;Càrrec;roba;Altre roba;Devolució Aldi;False
2583;Efectiu;;25/08/2023;agosto;2023;0.0;4.63;Càrrec;menjar;Dia;;False
2584;Efectiu;;25/08/2023;agosto;2023;0.0;5.0;Càrrec;menjar;Fruiteria;;False
2595;Efectiu;;29/08/2023;agosto;2023;0.0;6.5;Càrrec;varis;Papereria;fotocòpies;False
2588;BBVA;Compte;29/08/2023;agosto;2023;0.0;-13.08;Càrrec;roba;Altre roba;Leggins;False
2598;BBVA;VISA;29/08/2023;agosto;2023;0.0;7.95;Càrrec;manteniment;Aliexpress;ratolí+pulidora+temperat;False
2604;Efectiu;;01/09/2023;septiembre;2023;0.0;22.0;Càrrec;menjar;Fruiteria;Vehí Moro;False
2592;Efectiu;;29/08/2023;agosto;2023;0.0;8.3;Càrrec;menjar;Can Rinsa;;False
2593;Efectiu;;28/08/2023;agosto;2023;0.0;5.97;Càrrec;menjar;Dia;;False
2594;Efectiu;;28/08/2023;agosto;2023;0.0;4.3;Càrrec;menjar;Fruiteria;;False
2599;BBVA;Compte;01/09/2023;septiembre;2023;0.0;11.7;Càrrec;despesa_general;Endesa;;False
2626;BBVA;VISA;07/09/2023;septiembre;2023;0.0;-404.91;Càrrec;Parallar;Altres mobles;Abono matalàs ;False
2601;BBVA;Compte;31/08/2023;agosto;2023;0.0;472.91;Càrrec;despesa_general;Hipoteca;;False
2603;BBVA;Compte;01/09/2023;septiembre;2023;0.0;56.0;Càrrec;despesa_general;Piscina;;False
2605;Efectiu;;01/09/2023;septiembre;2023;0.0;5.4;Càrrec;menjar;Novavenda;;False
2606;Efectiu;;01/09/2023;septiembre;2023;0.0;7.96;Càrrec;rebost;Novavenda;Tonyina 4;False
2568;BBVA;Dèbit;18/08/2023;agosto;2023;0.0;17.28;Càrrec;manteniment;LeroyMerlin;Imprimació + cargols;False
2625;BBVA;VISA;05/09/2023;septiembre;2023;0.0;62.62;Càrrec;gasolina;GasolinaAreaGuissona;;False
2630;Efectiu;;30/08/2023;agosto;2023;0.0;24.0;Càrrec;menjar;Ous casolans;;False
2631;Efectiu;;01/09/2023;septiembre;2023;0.0;24.0;Càrrec;menjar;Ous casolans;;False
2632;Efectiu;;10/09/2023;septiembre;2023;0.0;5.0;Càrrec;personal;Jordi;;False
2634;Efectiu;;08/09/2023;septiembre;2023;0.0;4.27;Càrrec;menjar;Fruiteria;;False
2636;Efectiu;;08/09/2023;septiembre;2023;0.0;4.2;Càrrec;menjar;Fruiteria;;False
2633;Efectiu;;08/09/2023;septiembre;2023;0.0;5.0;Càrrec;menjar;Plaça;;False
2571;BBVA;Dèbit;21/08/2023;agosto;2023;0.0;12.95;Càrrec;menjar;Dia;;False
2707;BBVA;Compte;02/10/2023;octubre;2023;0.0;23.98;Càrrec;assegurança;Ocaso;;False
2637;Efectiu;;09/09/2023;septiembre;2023;0.0;7.9;Càrrec;manteniment;Altres mant.;Xino Arbúcies. Sabatilles;False
2643;BBVA;VISA;11/09/2023;septiembre;2023;0.0;8.97;Càrrec;manteniment;Aliexpress;fresa,llàpis i bossa gran;False
2673;Efectiu;;18/09/2023;septiembre;2023;0.0;20.0;Càrrec;menjar;Altres menjar;Vehí moro;False
2646;Efectiu;;13/09/2023;septiembre;2023;0.0;1.59;Càrrec;manteniment;Xino Sta.Coloma;disc multifulles;False
2648;BBVA;Compte;15/09/2023;septiembre;2023;0.0;43.9;Càrrec;despesa_general;Lowi;;False
2664;Efectiu;;19/09/2023;septiembre;2023;0.0;4.6;Càrrec;menjar;Dia;;False
2665;Efectiu;;17/09/2023;septiembre;2023;0.0;13.5;Càrrec;restaurant;Restaurant;Creps fira;False
2666;Efectiu;;20/09/2023;septiembre;2023;0.0;4.87;Càrrec;menjar;Fruiteria;;False
2667;Efectiu;;19/09/2023;septiembre;2023;0.0;15.0;Càrrec;personal;Jordi;;False
2668;Efectiu;;19/09/2023;septiembre;2023;0.0;10.3;Càrrec;menjar;Fruiteria;;False
2669;Efectiu;;19/09/2023;septiembre;2023;0.0;16.76;Càrrec;menjar;Can Rinsa;;False
2670;Efectiu;;17/09/2023;septiembre;2023;0.0;24.0;Càrrec;varis;Extra;Oncolliga Joanet;False
2671;Efectiu;;16/09/2023;septiembre;2023;0.0;20.0;Càrrec;restaurant;Restaurant;Creps fira + beguda;False
2672;Efectiu;;16/09/2023;septiembre;2023;0.0;10.0;Càrrec;varis;Expectacles/Teatre;MIMAA. ;False
2674;Efectiu;;17/09/2023;septiembre;2023;0.0;5.9;Càrrec;menjar;Pa i pastisseria;postre;False
2675;Efectiu;;20/09/2023;septiembre;2023;0.0;5.9;Càrrec;menjar;Fruiteria;;False
2676;Efectiu;;19/09/2023;septiembre;2023;0.0;8.21;Càrrec;menjar;Dia;;False
2681;Efectiu;;21/09/2023;septiembre;2023;0.0;50.0;Càrrec;varis;Dentista;Jordi;False
2694;BBVA;VISA;27/09/2023;septiembre;2023;0.0;25.84;Càrrec;manteniment;Aliexpress;Bidet;False
2695;Efectiu;;25/09/2023;septiembre;2023;0.0;5.0;Càrrec;personal;Jordi;;False
2696;Efectiu;;20/09/2023;septiembre;2023;0.0;4.37;Càrrec;menjar;Fruiteria;;False
2697;Efectiu;;21/09/2023;septiembre;2023;0.0;3.33;Càrrec;menjar;Dia;;False
2698;Efectiu;;24/09/2023;septiembre;2023;0.0;6.12;Càrrec;menjar;Dia;;False
2699;Efectiu;;24/09/2023;septiembre;2023;0.0;6.0;Càrrec;menjar;Pa i pastisseria;;False
2700;Efectiu;;24/09/2023;septiembre;2023;0.0;3.2;Càrrec;menjar;Altres menjar;Bayes. Fuet;False
2702;Efectiu;;27/09/2023;septiembre;2023;0.0;5.88;Càrrec;menjar;Dia;;False
2704;BBVA;Compte;30/09/2023;septiembre;2023;0.0;472.91;Càrrec;despesa_general;Hipoteca;;False
2663;Efectiu;;18/09/2023;septiembre;2023;0.0;6.65;Càrrec;menjar;El Corte Inglés;;False
2638;BBVA;Dèbit;11/09/2023;septiembre;2023;0.0;21.88;Càrrec;menjar;BonPreu;;False
2708;BBVA;Compte;02/10/2023;octubre;2023;0.0;56.0;Càrrec;despesa_general;Piscina;;False
2712;Efectiu;;01/10/2023;octubre;2023;0.0;2.33;Càrrec;menjar;dia;;False
2714;Efectiu;;29/09/2023;septiembre;2023;0.0;8.84;Càrrec;menjar;AreaGuissona;;False
2715;Efectiu;;29/09/2023;septiembre;2023;0.0;15.18;Càrrec;menjar;Xarcut. La taverna;;False
2716;Efectiu;;01/10/2023;octubre;2023;0.0;1.97;Càrrec;menjar;Fruiteria Deepak;;False
2718;Efectiu;;02/10/2023;octubre;2023;0.0;4.0;Càrrec;menjar;Fruiteria Bayes;;False
2719;Efectiu;;29/09/2023;septiembre;2023;0.0;10.0;Càrrec;personal;Jordi;;False
2720;Efectiu;;29/09/2023;septiembre;2023;0.0;6.3;Càrrec;menjar;Fruiteria Deepak;;False
2721;Efectiu;;02/10/2023;octubre;2023;0.0;24.0;Càrrec;menjar;Ous casolans;;False
2722;BBVA;Compte;02/10/2023;octubre;2023;0.0;17.5;Càrrec;despesa_general;Endesa;;False
2724;Efectiu;;04/10/2023;octubre;2023;0.0;4.42;Càrrec;menjar;AreaGuissona;;False
2725;Efectiu;;03/10/2023;octubre;2023;0.0;5.0;Càrrec;personal;Jordi;;False
2726;Efectiu;;03/10/2023;octubre;2023;0.0;1.8;Càrrec;menjar;Pa i pastisseria;;False
2728;Efectiu;;04/10/2023;octubre;2023;0.0;2.9;Càrrec;menjar;Fruiteria Deepak;;False
2731;BBVA;Compte;04/10/2023;octubre;2023;0.0;200.0;Càrrec;despesa_general;PJ Isabel;;False
2729;BBVA;Compte;04/10/2023;octubre;2023;0.0;35.4;Càrrec;assegurança;BBVA Asseg. Casa;;False
2735;Efectiu;;05/10/2023;octubre;2023;0.0;9.66;Càrrec;menjar;Carrefour;;False
2730;BBVA;Compte;04/10/2023;octubre;2023;0.0;13.47;Càrrec;assegurança;DP Morts Enric;;False
2732;BBVA;Compte;04/10/2023;octubre;2023;0.0;20.38;Càrrec;assegurança;DP MP Mireia;;False
2748;Efectiu;;08/10/2023;octubre;2023;0.0;0.99;Càrrec;farmàcia;Farmàcia;Esparadrap;False
2733;BBVA;Compte;04/10/2023;octubre;2023;0.0;100.0;Càrrec;varis;Bizum;Mireia.Tenerife Anglès;False
2742;Efectiu;;05/10/2023;octubre;2023;0.0;2.98;Càrrec;menjar;Fruiteria Deepak;;False
2746;Efectiu;;08/10/2023;octubre;2023;0.0;1.16;Càrrec;menjar;Fruiteria Deepak;;False
2750;Efectiu;;10/10/2023;octubre;2023;0.0;2.8;Càrrec;menjar;Pa i pastisseria;;False
2751;Efectiu;;09/10/2023;octubre;2023;0.0;5.0;Càrrec;personal;Jordi;;False
2755;BBVA;VISA;01/10/2023;octubre;2023;0.0;5.97;Càrrec;manteniment;Aliexpress;eines dents+ ungles;False
2756;BBVA;VISA;09/10/2023;octubre;2023;0.0;0.0;Càrrec;varis;Compres: varis;Amazon AWS;False
2759;Efectiu;;11/10/2023;octubre;2023;0.0;2.14;Càrrec;menjar;Fruiteria Deepak;;False
2760;Efectiu;;11/10/2023;octubre;2023;0.0;1.58;Càrrec;menjar;Altres menjar;;False
2762;Efectiu;;11/10/2023;octubre;2023;0.0;50.0;Càrrec;varis;Curs;escriptura creativa;False
2768;Efectiu;;16/10/2023;octubre;2023;0.0;5.5;Càrrec;menjar;Fruiteria Deepak;;False
2769;Efectiu;;15/10/2023;octubre;2023;0.0;4.59;Càrrec;menjar;Dia;;False
2770;Efectiu;;16/10/2023;octubre;2023;0.0;10.12;Càrrec;menjar;Can Rinsa;;False
2772;BBVA;Compte;17/10/2023;octubre;2023;0.0;44.59;Càrrec;despesa_general;Lowi;;False
2777;Efectiu;;21/10/2023;octubre;2023;0.0;5.0;Càrrec;menjar;Pa i pastisseria;;False
2709;BBVA;Compte;30/09/2023;septiembre;2023;0.0;52.24;Càrrec;menjar;Pago ElCorteInglés;;False
2717;Efectiu;;01/10/2023;octubre;2023;0.0;5.0;Càrrec;menjar;Plaça;;False
2767;Efectiu;;15/10/2023;octubre;2023;0.0;6.9;Càrrec;menjar;Plaça;;False
2727;Efectiu;;04/10/2023;octubre;2023;0.0;22.0;Càrrec;menjar;Veí Moro;;False
2713;BBVA;Dèbit;01/10/2023;octubre;2023;0.0;0.0;Càrrec;menjar;BonPreu;;False
2723;BBVA;Dèbit;02/10/2023;octubre;2023;0.0;16.83;Càrrec;menjar;Dia;;False
2778;Efectiu;;21/10/2023;octubre;2023;0.0;4.72;Càrrec;menjar;Fruiteria Deepak;;False
2781;Efectiu;;22/10/2023;octubre;2023;0.0;9.0;Càrrec;varis;Compres: varis;Loteria Creu Roja;False
2783;Efectiu;;22/10/2023;octubre;2023;0.0;5.25;Càrrec;menjar;Pa i pastisseria;;False
2784;Efectiu;;22/10/2023;octubre;2023;0.0;3.0;Càrrec;personal;Jordi;;False
2817;BBVA;Compte;02/11/2023;noviembre;2023;0.0;23.98;Càrrec;assegurança;Ocaso;;False
2787;Efectiu;;23/10/2023;octubre;2023;0.0;7.63;Càrrec;menjar;Novavenda;;False
2788;Efectiu;;23/10/2023;octubre;2023;0.0;0.95;Càrrec;manteniment;Novavenda;;False
2789;Efectiu;;25/10/2023;octubre;2023;0.0;4.26;Càrrec;menjar;Fruiteria Deepak;;False
2829;BBVA;Compte;03/11/2023;noviembre;2023;0.0;13.47;Càrrec;assegurança;DP Morts Enric;;False
2831;BBVA;Compte;03/11/2023;noviembre;2023;0.0;20.38;Càrrec;assegurança;DP MP Mireia;;False
2843;BBVA;Compte;06/11/2023;noviembre;2023;0.0;35.34;Càrrec;assegurança;BBVA Asseg. Casa;;False
2794;Efectiu;;26/10/2023;octubre;2023;0.0;2.1;Càrrec;menjar;Pa i pastisseria;;False
2795;Efectiu;;26/10/2023;octubre;2023;0.0;1.95;Càrrec;menjar;Fruiteria Deepak;;False
2840;Efectiu;;05/11/2023;noviembre;2023;0.0;3.2;Càrrec;farmàcia;Farmàcia;;False
2824;Efectiu;;02/11/2023;noviembre;2023;0.0;2.1;Càrrec;manteniment;Xino Sta.Coloma;Plat plàstic;False
2782;Efectiu;;22/10/2023;octubre;2023;0.0;6.0;Càrrec;restaurant;Restaurant;Dinar Plaça;False
2804;Efectiu;;29/10/2023;octubre;2023;0.0;4.2;Càrrec;menjar;Fruiteria Bayes;;False
2805;Efectiu;;29/10/2023;octubre;2023;0.0;5.93;Càrrec;menjar;Fruiteria Deepak;;False
2809;BBVA;Compte;30/10/2023;octubre;2023;0.0;6.21;Càrrec;proveidor;Hofmann;;False
2811;BBVA;VISA;21/10/2023;octubre;2023;0.0;16.24;Càrrec;manteniment;Aliexpress;Motor calefactor bany;False
2814;BBVA;Compte;31/10/2023;octubre;2023;0.0;472.91;Càrrec;despesa_general;Hipoteca;;False
2815;BBVA;Compte;01/11/2023;noviembre;2023;0.0;17.61;Càrrec;despesa_general;Endesa;;False
2818;BBVA;Compte;02/11/2023;noviembre;2023;0.0;56.0;Càrrec;despesa_general;Piscina;;False
2821;Efectiu;;01/11/2023;noviembre;2023;0.0;15.35;Càrrec;menjar;Pa i pastisseria;;False
2822;Efectiu;;02/11/2023;noviembre;2023;0.0;1.8;Càrrec;menjar;Pa i pastisseria;;False
2826;BBVA;VISA;02/11/2023;noviembre;2023;0.0;6.27;Càrrec;manteniment;Aliexpress;12V,fusteria,regla;False
2830;BBVA;Compte;03/11/2023;noviembre;2023;0.0;200.0;Càrrec;despesa_general;PJ Isabel;;False
2835;Efectiu;;05/11/2023;noviembre;2023;0.0;10.0;Càrrec;varis;Compres: varis;Fira Flabiol;False
2837;Efectiu;;05/11/2023;noviembre;2023;0.0;20.0;Càrrec;restaurant;Restaurant;Fira del flabiol;False
2838;Efectiu;;06/11/2023;noviembre;2023;0.0;15.0;Càrrec;personal;Enric;;False
2839;Efectiu;;05/11/2023;noviembre;2023;0.0;5.0;Càrrec;menjar;Pa i pastisseria;;False
2779;BBVA;Dèbit;21/10/2023;octubre;2023;0.0;50.48;Càrrec;menjar;BonPreu;;False
2780;BBVA;Dèbit;21/10/2023;octubre;2023;0.0;13.66;Càrrec;rebost;BonPreu;;False
2845;BBVA;Compte;07/11/2023;noviembre;2023;0.0;55.24;Càrrec;despesa_general;Aigua;;False
2907;BBVA;Compte;01/12/2023;diciembre;2023;0.0;23.98;Càrrec;assegurança;Ocaso;;False
2880;Efectiu;;20/11/2023;noviembre;2023;0.0;7.9;Càrrec;farmàcia;Farmàcia;;False
2849;BBVA;Compte;09/11/2023;noviembre;2023;0.0;225.0;Càrrec;proveidor;Exaprint;Bizum Mireia. 206,21?;False
2858;Efectiu;;12/11/2023;noviembre;2023;0.0;10.0;Càrrec;varis;Loteria;TOM Arbúcies;False
2856;Efectiu;;12/11/2023;noviembre;2023;0.0;3.77;Càrrec;menjar;Fruiteria Deepak;;False
2857;Efectiu;;12/11/2023;noviembre;2023;0.0;10.0;Càrrec;restaurant;Restaurant;kebab Jordi;False
2868;BBVA;Compte;16/11/2023;noviembre;2023;0.0;43.8;Càrrec;despesa_general;Lowi;;False
2875;Efectiu;;19/11/2023;noviembre;2023;0.0;50.0;Càrrec;varis;Loteria;;False
2877;Efectiu;;20/11/2023;noviembre;2023;0.0;3.09;Càrrec;menjar;Fruiteria Deepak;;False
2878;Efectiu;;20/11/2023;noviembre;2023;0.0;18.0;Càrrec;menjar;Ous casolans;;False
2879;Efectiu;;20/11/2023;noviembre;2023;0.0;2.63;Càrrec;menjar;Fruiteria Deepak;;False
2881;Efectiu;;18/11/2023;noviembre;2023;0.0;20.0;Càrrec;personal;Enric;;False
2890;BBVA;Compte;25/11/2023;noviembre;2023;0.0;200.0;Càrrec;varis;Bizum;Mireia;False
2891;BBVA;VISA;25/11/2023;noviembre;2023;0.0;8.07;Càrrec;manteniment;Aliexpress;wifi,pincell,aliquetes;False
2892;BBVA;VISA;25/11/2023;noviembre;2023;0.0;5.95;Càrrec;manteniment;Aliexpress;manguera dutxa;False
2895;Efectiu;;26/11/2023;noviembre;2023;0.0;2.0;Càrrec;menjar;Dia;;False
2903;BBVA;Compte;30/11/2023;noviembre;2023;0.0;472.91;Càrrec;despesa_general;Hipoteca;;False
2905;BBVA;VISA;29/11/2023;noviembre;2023;0.0;9.97;Càrrec;manteniment;Aliexpress;Cargols el.,lent,neteja sold.;False
2906;BBVA;Compte;01/12/2023;diciembre;2023;0.0;14.53;Càrrec;despesa_general;Endesa;;False
2908;BBVA;Compte;01/12/2023;diciembre;2023;0.0;56.0;Càrrec;despesa_general;Piscina;;False
2912;Efectiu;;03/12/2023;diciembre;2023;0.0;1.69;Càrrec;menjar;Dia;;False
2913;Efectiu;;03/12/2023;diciembre;2023;0.0;14.6;Càrrec;menjar;Can Rinsa;;False
2914;Efectiu;;03/12/2023;diciembre;2023;0.0;2.59;Càrrec;menjar;Fruiteria Deepak;;False
2915;Efectiu;;03/12/2023;diciembre;2023;0.0;2.2;Càrrec;menjar;Fruiteria Deepak;;False
2916;Efectiu;;02/12/2023;diciembre;2023;0.0;6.1;Càrrec;menjar;Novavenda;;False
2855;Efectiu;;12/11/2023;noviembre;2023;0.0;9.6;Càrrec;menjar;Plaça;;False
2894;Efectiu;;26/11/2023;noviembre;2023;0.0;7.3;Càrrec;menjar;Plaça;;False
2844;BBVA;Dèbit;06/11/2023;noviembre;2023;0.0;25.82;Càrrec;menjar;Can Rinsa;;False
2847;BBVA;Dèbit;08/11/2023;noviembre;2023;0.0;8.84;Càrrec;menjar;Dia;;False
2917;Efectiu;;02/12/2023;diciembre;2023;0.0;1.09;Càrrec;neteja;Novavenda;;False
2919;Efectiu;;02/12/2023;diciembre;2023;0.0;5.0;Càrrec;varis;Expectacles/Teatre;Fira nadal Espelma;False
2920;Efectiu;;01/12/2023;diciembre;2023;0.0;10.0;Càrrec;varis;Loteria;Pili;False
2926;BBVA;Compte;05/12/2023;diciembre;2023;0.0;38.4;Càrrec;assegurança;BBVA Asseg. Casa;;False
2930;BBVA;Compte;05/12/2023;diciembre;2023;0.0;200.0;Càrrec;despesa_general;PJ Isabel;;False
2931;BBVA;Compte;05/12/2023;diciembre;2023;0.0;20.38;Càrrec;assegurança;DP MP Mireia;;False
2936;BBVA;Compte;07/12/2023;diciembre;2023;0.0;13.47;Càrrec;assegurança;DP Morts Enric;;False
2937;Efectiu;;07/12/2023;diciembre;2023;0.0;2.48;Càrrec;menjar;Fruiteria Deepak;;False
2956;Efectiu;;14/12/2023;diciembre;2023;0.0;16.0;Càrrec;butà;Butà reparto;;False
2918;Efectiu;;01/12/2023;diciembre;2023;0.0;5.0;Càrrec;personal;Jordi;Palamós;False
2941;Efectiu;;10/12/2023;diciembre;2023;0.0;1.77;Càrrec;menjar;Fruiteria Deepak;;False
2942;Efectiu;;10/12/2023;diciembre;2023;0.0;4.2;Càrrec;menjar;Pa i pastisseria;;False
2929;BBVA;Compte;05/12/2023;diciembre;2023;0.0;120.0;Càrrec;varis;Bizum;Mireia. Billets avió;False
2950;Efectiu;;11/12/2023;diciembre;2023;0.0;20.0;Càrrec;manteniment;Reparacions;Paqui.Mòvil Jordi;False
2951;Efectiu;;11/12/2023;diciembre;2023;0.0;2.4;Càrrec;varis;Papereria;Fotocòpies;False
2973;Efectiu;;17/12/2023;diciembre;2023;0.0;3.0;Càrrec;varis;Expectacles/Teatre;Dança Arbúcies;False
2958;Efectiu;;14/12/2023;diciembre;2023;0.0;5.0;Càrrec;personal;Jordi;;False
2959;Efectiu;;14/12/2023;diciembre;2023;0.0;3.0;Càrrec;menjar;Fruiteria Deepak;;False
2961;BBVA;Compte;15/12/2023;diciembre;2023;0.0;44.23;Càrrec;despesa_general;Lowi;;False
2966;Efectiu;;15/12/2023;diciembre;2023;0.0;60.0;Càrrec;proveidor;Prolab;Album Lidia+Calend.Paqui;False
2967;Efectiu;;16/12/2023;diciembre;2023;0.0;6.82;Càrrec;menjar;Fruiteria Deepak;;False
2969;Efectiu;;16/12/2023;diciembre;2023;0.0;20.0;Càrrec;varis;Regal;Guants. Cumple Jordi;False
2970;Efectiu;;17/12/2023;diciembre;2023;0.0;6.9;Càrrec;menjar;Pa i pastisseria;;False
2972;Efectiu;;17/12/2023;diciembre;2023;0.0;20.0;Càrrec;menjar;Ous casolans;;False
2971;Efectiu;;17/12/2023;diciembre;2023;0.0;9.8;Càrrec;menjar;Plaça;;False
2921;BBVA;Dèbit;04/12/2023;diciembre;2023;0.0;48.27;Càrrec;gasolina;GasolinaAreaGuissona;;False
2922;BBVA;Dèbit;04/12/2023;diciembre;2023;0.0;38.79;Càrrec;manteniment;ITV Sant Celoni;;False
2923;BBVA;Dèbit;04/12/2023;diciembre;2023;0.0;10.0;Càrrec;menjar;Pa i pastisseria;Pa fira nadal;False
2924;BBVA;Dèbit;04/12/2023;diciembre;2023;0.0;88.84;Càrrec;menjar;LIDL;;False
2925;BBVA;Dèbit;04/12/2023;diciembre;2023;0.0;4.39;Càrrec;neteja;LIDL;;False
2988;Efectiu;;20/12/2023;diciembre;2023;0.0;20.14;Càrrec;menjar;Mercadona;;False
2989;Efectiu;;20/12/2023;diciembre;2023;0.0;5.35;Càrrec;menjar;Action Girona;;False
2990;Efectiu;;20/12/2023;diciembre;2023;0.0;1.68;Càrrec;neteja;Action Girona;;False
3033;BBVA;Compte;02/01/2024;enero;2024;0.0;26.2;Càrrec;assegurança;Ocaso;;False
3064;Efectiu;;10/01/2024;enero;2024;0.0;16.0;Càrrec;menjar;Altres menjar;;False
3041;BBVA;Compte;03/01/2024;enero;2024;0.0;38.4;Càrrec;assegurança;BBVA Asseg. Casa;;False
3043;BBVA;Compte;04/01/2024;enero;2024;0.0;20.38;Càrrec;assegurança;DP MP Mireia;;False
3048;BBVA;Compte;05/01/2024;enero;2024;0.0;13.47;Càrrec;assegurança;DP Morts Enric;;False
2994;BBVA;Compte;22/12/2023;diciembre;2023;0.0;200.0;Càrrec;varis;Bizum;Berna.Mòvils;False
2992;BBVA;Dèbit;21/12/2023;diciembre;2023;0.0;42.1;Càrrec;restaurant;Restaurant;Pai Mei. Esplà;False
3000;Efectiu;;23/12/2023;diciembre;2023;0.0;3.76;Càrrec;menjar;Fruiteria Deepak;;False
3001;Efectiu;;23/12/2023;diciembre;2023;0.0;4.0;Càrrec;menjar;Ous casolans;;False
3002;Efectiu;;20/12/2023;diciembre;2023;0.0;8.59;Càrrec;menjar;AreaGuissona;;False
3003;Efectiu;;23/12/2023;diciembre;2023;0.0;10.0;Càrrec;personal;Jordi;;False
3007;Efectiu;;23/12/2023;diciembre;2023;0.0;2.99;Càrrec;menjar;Fruiteria Deepak;;False
3012;Efectiu;;27/12/2023;diciembre;2023;0.0;7.38;Càrrec;menjar;Novavenda;;False
3016;LaCaixa;Compte;27/12/2023;diciembre;2023;0.0;56.7;Càrrec;varis;Curs;Opos Mireia catalunya;False
3021;Efectiu;;28/12/2023;diciembre;2023;0.0;9.09;Càrrec;menjar;Fruiteria Deepak;;False
3026;Efectiu;;31/12/2023;diciembre;2023;0.0;3.5;Càrrec;menjar;Pa i pastisseria;;False
3029;BBVA;Compte;31/12/2023;diciembre;2023;0.0;489.43;Càrrec;despesa_general;Hipoteca;;False
3032;Efectiu;;28/12/2023;diciembre;2023;0.0;4.69;Càrrec;menjar;Fruiteria Deepak;;False
3034;BBVA;Compte;02/01/2024;enero;2024;0.0;61.6;Càrrec;despesa_general;Piscina;;False
3040;BBVA;Compte;03/01/2024;enero;2024;0.0;20.92;Càrrec;despesa_general;Endesa;;False
3042;BBVA;Compte;03/01/2024;enero;2024;0.0;200.0;Càrrec;despesa_general;PJ Isabel;;False
3049;BBVA;VISA;01/01/2024;enero;2024;0.0;6.27;Càrrec;manteniment;Aliexpress;Lectors Disc+Sensor porta;False
3052;Efectiu;;05/01/2024;enero;2024;0.0;3.79;Càrrec;menjar;Fruiteria Deepak;;False
3054;Efectiu;;08/01/2024;enero;2024;0.0;8.3;Càrrec;menjar;Can Rinsa;;False
3055;Efectiu;;08/01/2024;enero;2024;0.0;10.0;Càrrec;menjar;Pa i pastisseria;;False
3006;Efectiu;;27/12/2023;diciembre;2023;0.0;10.4;Càrrec;menjar;Plaça;;False
2991;BBVA;Dèbit;21/12/2023;diciembre;2023;0.0;2.7;Càrrec;varis;Parking;BCN Aeroport;False
3056;Efectiu;;08/01/2024;enero;2024;0.0;13.0;Càrrec;menjar;Altres menjar;Butifarres Cisco;False
3058;Efectiu;;08/01/2024;enero;2024;0.0;5.08;Càrrec;menjar;Fruiteria Deepak;;False
3061;Efectiu;;09/01/2024;enero;2024;0.0;24.0;Càrrec;menjar;Ous casolans;;False
3065;Efectiu;;10/01/2024;enero;2024;0.0;5.3;Càrrec;menjar;Fruiteria Deepak;;False
3123;BBVA;Compte;01/02/2024;febrero;2024;0.0;25.75;Càrrec;assegurança;Ocaso;;False
3092;Efectiu;;18/01/2024;enero;2024;0.0;16.3;Càrrec;butà;Butà reparto;;False
3086;Efectiu;;15/01/2024;enero;2024;0.0;6.4;Càrrec;farmàcia;Farmàcia;;False
3075;Efectiu;;12/01/2024;enero;2024;0.0;8.2;Càrrec;menjar;Altres menjar;;False
3076;Efectiu;;12/01/2024;enero;2024;0.0;2.92;Càrrec;menjar;Fruiteria Deepak;;False
3077;Efectiu;;12/01/2024;enero;2024;0.0;5.0;Càrrec;personal;Jordi;;False
3082;BBVA;Compte;15/01/2024;enero;2024;0.0;40.0;Càrrec;Parallar;Altres mobles;Wallapop.Radiador;False
3083;BBVA;Compte;17/01/2024;enero;2024;0.0;44.49;Càrrec;despesa_general;Lowi;;False
3087;Efectiu;;15/01/2024;enero;2024;0.0;5.0;Càrrec;personal;Jordi;;False
3089;BBVA;VISA;17/01/2024;enero;2024;0.0;12.1;Càrrec;varis;Transport;Wallapop.Radiador;False
3091;Efectiu;;20/01/2024;enero;2024;0.0;4.0;Càrrec;menjar;Fruiteria Deepak;;False
3100;Efectiu;;21/01/2024;enero;2024;0.0;6.0;Càrrec;menjar;Pa i pastisseria;;False
3101;Efectiu;;21/01/2024;enero;2024;0.0;5.29;Càrrec;menjar;Dia;;False
3102;Efectiu;;22/01/2024;enero;2024;0.0;1.94;Càrrec;menjar;Novavenda;;False
3103;Efectiu;;24/01/2024;enero;2024;0.0;5.0;Càrrec;personal;Jordi;;False
3116;Efectiu;;28/01/2024;enero;2024;0.0;8.25;Càrrec;menjar;Fruiteria Deepak;;False
3117;Efectiu;;30/01/2024;enero;2024;0.0;10.0;Càrrec;personal;Jordi;;False
3120;BBVA;Compte;31/01/2024;enero;2024;0.0;489.43;Càrrec;despesa_general;Hipoteca;;False
3121;BBVA;Compte;31/01/2024;enero;2024;0.0;4.22;Càrrec;proveidor;Hofmann;;False
3124;BBVA;Compte;01/02/2024;febrero;2024;0.0;61.6;Càrrec;despesa_general;Piscina;;False
3127;BBVA;Compte;02/02/2024;febrero;2024;0.0;62.33;Càrrec;despesa_general;Endesa;;False
3129;Efectiu;;02/02/2024;febrero;2024;0.0;11.31;Càrrec;menjar;Dia;;False
3130;Efectiu;;03/02/2024;febrero;2024;0.0;4.98;Càrrec;menjar;Dia;;False
3132;Efectiu;;04/02/2024;febrero;2024;0.0;10.0;Càrrec;personal;Jordi;;False
3134;Efectiu;;04/02/2024;febrero;2024;0.0;20.0;Càrrec;personal;Enric;;False
3057;Efectiu;;08/01/2024;enero;2024;0.0;4.0;Càrrec;menjar;Plaça;;False
3112;Efectiu;;28/01/2024;enero;2024;0.0;18.0;Càrrec;menjar;Veí Moro;;False
3060;BBVA;Dèbit;09/01/2024;enero;2024;0.0;52.53;Càrrec;gasolina;GasolinaAreaGuissona;;False
3062;BBVA;Dèbit;09/01/2024;enero;2024;0.0;35.1;Càrrec;menjar;LIDL;;False
3063;BBVA;Dèbit;09/01/2024;enero;2024;0.0;1.39;Càrrec;neteja;LIDL;;False
3139;BBVA;Compte;05/02/2024;febrero;2024;0.0;200.0;Càrrec;despesa_general;PJ Isabel;;False
3143;BBVA;Compte;06/02/2024;febrero;2024;0.0;60.04;Càrrec;despesa_general;Aigua;;False
3144;BBVA;VISA;07/02/2024;febrero;2024;0.0;23.73;Càrrec;menjar;LIDL;;False
3145;BBVA;VISA;07/02/2024;febrero;2024;0.0;1.78;Càrrec;neteja;LIDL;;False
3146;Efectiu;;08/02/2024;febrero;2024;0.0;6.0;Càrrec;menjar;Dia;;False
3147;Efectiu;;08/02/2024;febrero;2024;0.0;7.82;Càrrec;neteja;Clarel;;False
3148;Efectiu;;08/02/2024;febrero;2024;0.0;2.0;Càrrec;menjar;Dia;;False
3149;Efectiu;;08/02/2024;febrero;2024;0.0;2.02;Càrrec;menjar;Fruiteria Deepak;;False
3150;Efectiu;;08/02/2024;febrero;2024;0.0;5.0;Càrrec;personal;Jordi;;False
3137;BBVA;Compte;05/02/2024;febrero;2024;0.0;38.4;Càrrec;assegurança;BBVA Asseg. Casa;;False
3140;BBVA;Compte;05/02/2024;febrero;2024;0.0;14.92;Càrrec;assegurança;DP Morts Enric;;False
3141;BBVA;Compte;05/02/2024;febrero;2024;0.0;20.38;Càrrec;assegurança;DP MP Mireia;;False
3157;Efectiu;;09/02/2024;febrero;2024;0.0;4.15;Càrrec;menjar;Novavenda;;False
3173;Efectiu;;15/02/2024;febrero;2024;0.0;6.1;Càrrec;menjar;Fruiteria Deepak;;False
3174;Efectiu;;15/02/2024;febrero;2024;0.0;3.0;Càrrec;personal;Jordi;;False
3176;BBVA;Compte;16/02/2024;febrero;2024;0.0;43.8;Càrrec;despesa_general;Lowi;;False
3181;Efectiu;;18/02/2024;febrero;2024;0.0;19.0;Càrrec;restaurant;Bar;El Casino;False
3182;Efectiu;;19/02/2024;febrero;2024;0.0;16.0;Càrrec;menjar;Ous casolans;;False
3183;Efectiu;;18/02/2024;febrero;2024;0.0;5.75;Càrrec;menjar;Pa i pastisseria;;False
3184;Efectiu;;21/02/2024;febrero;2024;0.0;5.0;Càrrec;menjar;Pa i pastisseria;;False
3190;BBVA;VISA;22/02/2024;febrero;2024;0.0;44.04;Càrrec;manteniment;Aliexpress;Smart Tv;False
3194;Efectiu;;25/02/2024;febrero;2024;0.0;8.04;Càrrec;menjar;Fruiteria Deepak;;False
3136;Efectiu;;04/02/2024;febrero;2024;0.0;9.6;Càrrec;menjar;Plaça;;False
3193;Efectiu;;25/02/2024;febrero;2024;0.0;12.0;Càrrec;menjar;Veí Moro;;False
3153;BBVA;Dèbit;09/02/2024;febrero;2024;0.0;2.05;Càrrec;varis;Parking;Generalitat Girona;False
3209;BBVA;Compte;29/02/2024;febrero;2024;0.0;489.43;Càrrec;despesa_general;Hipoteca;;False
3210;BBVA;Compte;29/02/2024;febrero;2024;0.0;5.14;Càrrec;proveidor;Hofmann;;False
3213;Efectiu;;29/02/2024;febrero;2024;0.0;1.85;Càrrec;menjar;AreaGuissona;;False
3219;BBVA;Compte;01/03/2024;marzo;2024;0.0;25.75;Càrrec;assegurança;Ocaso;;False
3228;BBVA;Compte;05/03/2024;marzo;2024;0.0;38.4;Càrrec;assegurança;BBVA Asseg. Casa;;False
3230;BBVA;Compte;05/03/2024;marzo;2024;0.0;14.63;Càrrec;assegurança;DP Morts Enric;;False
3218;BBVA;Compte;01/03/2024;marzo;2024;0.0;61.38;Càrrec;despesa_general;Endesa;;False
3220;BBVA;Compte;01/03/2024;marzo;2024;0.0;61.6;Càrrec;despesa_general;Piscina;;False
3232;BBVA;Compte;05/03/2024;marzo;2024;0.0;20.38;Càrrec;assegurança;DP MP Mireia;;False
3224;Efectiu;;03/03/2024;marzo;2024;0.0;5.4;Càrrec;menjar;Fruiteria Deepak;;False
3225;Efectiu;;05/03/2024;marzo;2024;0.0;20.0;Càrrec;menjar;Ous casolans;;False
3226;Efectiu;;05/03/2024;marzo;2024;0.0;1.8;Càrrec;farmàcia;Farmàcia;;False
3231;BBVA;Compte;05/03/2024;marzo;2024;0.0;200.0;Càrrec;despesa_general;PJ Isabel;;False
3233;BBVA;VISA;04/03/2024;marzo;2024;0.0;9.78;Càrrec;menjar;LIDL;;False
3234;BBVA;VISA;04/03/2024;marzo;2024;0.0;2.36;Càrrec;manteniment;Xino Sta.Coloma;espelmes 65+globus;False
3237;Efectiu;;07/03/2024;marzo;2024;0.0;52.0;Càrrec;proveidor;Prolab;Àlbum Lidia Cerrillo;False
3256;Efectiu;;07/03/2024;marzo;2024;0.0;10.0;Càrrec;restaurant;Bar;Geriàtric;False
3242;BBVA;VISA;06/03/2024;marzo;2024;0.0;37.5;Càrrec;varis;Parking;Isabel BCN;False
3243;BBVA;VISA;06/03/2024;marzo;2024;0.0;16.66;Càrrec;restaurant;Restaurant;Taco Bell;False
3249;Efectiu;;08/03/2024;marzo;2024;0.0;40.03;Càrrec;menjar;Can Rinsa;;False
3250;Efectiu;;08/03/2024;marzo;2024;0.0;10.6;Càrrec;menjar;Pa i pastisseria;;False
3251;Efectiu;;09/03/2024;marzo;2024;0.0;16.2;Càrrec;menjar;Carrefour;;False
3252;Efectiu;;09/03/2024;marzo;2024;0.0;6.62;Càrrec;menjar;Xarcut. La taverna;;False
3253;Efectiu;;09/03/2024;marzo;2024;0.0;7.9;Càrrec;menjar;Fruiteria Deepak;;False
3254;Efectiu;;09/03/2024;marzo;2024;0.0;15.0;Càrrec;personal;Jordi;Regal Montse;False
3255;Efectiu;;06/03/2024;marzo;2024;0.0;7.0;Càrrec;restaurant;Bar;Donuts BCN;False
3257;Efectiu;;07/03/2024;marzo;2024;0.0;10.0;Càrrec;restaurant;Restaurant;Kebab Jordi;False
3258;Efectiu;;08/03/2024;marzo;2024;0.0;7.71;Càrrec;menjar;LIDL;;False
3259;Efectiu;;08/03/2024;marzo;2024;0.0;1.58;Càrrec;neteja;LIDL;;False
3268;Efectiu;;11/03/2024;marzo;2024;0.0;8.0;Càrrec;menjar;Fruiteria Deepak;;False
3270;Efectiu;;08/03/2024;marzo;2024;0.0;250.0;Càrrec;varis;Retirada casa;Mireia despeses;False
3272;BBVA;VISA;11/03/2024;marzo;2024;0.0;206.21;Càrrec;proveidor;Exaprint;Estovalles Xarrup 3000;False
3223;Efectiu;;03/03/2024;marzo;2024;0.0;9.0;Càrrec;menjar;Plaça;;False
3269;Efectiu;;11/03/2024;marzo;2024;0.0;6.8;Càrrec;menjar;Plaça;;False
3207;BBVA;Dèbit;27/02/2024;febrero;2024;0.0;2.89;Càrrec;neteja;LIDL;;False
3208;BBVA;Dèbit;27/02/2024;febrero;2024;0.0;3.99;Càrrec;manteniment;Xino Sta.Coloma;Allargo Vontax;False
3349;BBVA;Compte;02/04/2024;abril;2024;0.0;25.75;Càrrec;assegurança;Ocaso;;False
3312;BBVA;Compte;22/03/2024;marzo;2024;0.0;2.53;Càrrec;farmàcia;Farmàcia;;False
3283;BBVA;Compte;15/03/2024;marzo;2024;0.0;44.0;Càrrec;despesa_general;Lowi;;False
3333;Efectiu;;30/03/2024;marzo;2024;0.0;6.0;Càrrec;restaurant;Bar;gelats Palamós;False
3285;Efectiu;;15/03/2024;marzo;2024;0.0;11.94;Càrrec;menjar;Fruiteria Deepak;;False
3279;BBVA;Dèbit;14/03/2024;marzo;2024;0.0;7.5;Càrrec;restaurant;Restaurant;Els gerds. 1 menú;False
3289;Efectiu;;16/03/2024;marzo;2024;0.0;2.5;Càrrec;menjar;Fruiteria Bayes;;False
3290;Efectiu;;16/03/2024;marzo;2024;0.0;3.9;Càrrec;menjar;Pa i pastisseria;;False
3291;Efectiu;;16/03/2024;marzo;2024;0.0;4.83;Càrrec;menjar;Fruiteria Deepak;;False
3293;Efectiu;;17/03/2024;marzo;2024;0.0;2.96;Càrrec;menjar;Fruiteria Deepak;;False
3294;Efectiu;;17/03/2024;marzo;2024;0.0;2.83;Càrrec;menjar;Dia;;False
3295;Efectiu;;17/03/2024;marzo;2024;0.0;18.63;Càrrec;menjar;Can Rinsa;;False
3316;Efectiu;;23/03/2024;marzo;2024;0.0;5.83;Càrrec;menjar;Novavenda;;False
3318;Efectiu;;25/03/2024;marzo;2024;0.0;5.0;Càrrec;personal;Enric;;False
3325;Efectiu;;28/03/2024;marzo;2024;0.0;16.0;Càrrec;menjar;Taronges Cisco;;False
3327;Efectiu;;28/03/2024;marzo;2024;0.0;10.0;Càrrec;personal;Jordi;;False
3331;BBVA;Compte;31/03/2024;marzo;2024;0.0;489.43;Càrrec;despesa_general;Hipoteca;;False
3334;Efectiu;;30/03/2024;marzo;2024;0.0;18.0;Càrrec;restaurant;Restaurant;Medieval. Creps+patata;False
3335;Efectiu;;30/03/2024;marzo;2024;0.0;10.0;Càrrec;personal;Enric;;False
3336;Efectiu;;31/03/2024;marzo;2024;0.0;3.0;Càrrec;personal;Jordi;;False
3337;Efectiu;;30/03/2024;marzo;2024;0.0;3.0;Càrrec;varis;Compres: varis;Medieval:encens;False
3342;Efectiu;;02/04/2024;abril;2024;0.0;6.1;Càrrec;menjar;Fruiteria Bayes;;False
3343;Efectiu;;03/04/2024;abril;2024;0.0;2.1;Càrrec;menjar;Fruiteria Deepak;;False
3346;Efectiu;;01/04/2024;abril;2024;0.0;9.45;Càrrec;menjar;Pa i pastisseria;;False
3350;BBVA;Compte;03/04/2024;abril;2024;0.0;61.6;Càrrec;despesa_general;Piscina;;False
3351;BBVA;Compte;03/04/2024;abril;2024;0.0;9.45;Càrrec;manteniment;LeroyMerlin;mecanisme water;False
3292;Efectiu;;17/03/2024;marzo;2024;0.0;6.1;Càrrec;menjar;Plaça;;False
3317;Efectiu;;24/03/2024;marzo;2024;0.0;9.3;Càrrec;menjar;Plaça;;False
3305;Efectiu;;21/03/2024;marzo;2024;0.0;20.0;Càrrec;menjar;Veí Moro;;False
3326;Efectiu;;28/03/2024;marzo;2024;0.0;3.0;Càrrec;menjar;Veí Moro;;False
3277;BBVA;Dèbit;12/03/2024;marzo;2024;0.0;6.7;Càrrec;neteja;Mercadona;;False
3278;BBVA;Dèbit;13/03/2024;marzo;2024;0.0;9.1;Càrrec;menjar;Novavenda;;False
3354;BBVA;Compte;04/04/2024;abril;2024;0.0;38.4;Càrrec;assegurança;BBVA Asseg. Casa;;False
3355;BBVA;Compte;06/04/2024;abril;2024;0.0;14.63;Càrrec;assegurança;DP Morts Enric;;False
3357;BBVA;Compte;04/04/2024;abril;2024;0.0;200.0;Càrrec;despesa_general;PJ Isabel;;False
3358;BBVA;Compte;06/04/2024;abril;2024;0.0;12.0;Càrrec;varis;Jubilats Isa;;False
3359;BBVA;Compte;06/04/2024;abril;2024;0.0;12.0;Càrrec;varis;Jubilats Enric;;False
3399;BBVA;Compte;15/04/2024;abril;2024;0.0;800.0;Càrrec;proveidor;Ssangyong;reserva Tívoli.Alacant;False
3362;Efectiu;;04/04/2024;abril;2024;0.0;1.72;Càrrec;menjar;Fruiteria Deepak;;False
3422;BBVA;Compte;23/04/2024;abril;2024;0.0;40.0;Càrrec;varis;Bizum;Mireia. Fotocòpies;False
3366;BBVA;Compte;02/04/2024;abril;2024;0.0;31.56;Càrrec;despesa_general;Endesa;;False
3368;Efectiu;;08/04/2024;abril;2024;0.0;24.0;Càrrec;menjar;Ous casolans;;False
3370;Efectiu;;07/04/2024;abril;2024;0.0;6.0;Càrrec;menjar;Pa i pastisseria;;False
3371;Efectiu;;07/04/2024;abril;2024;0.0;4.0;Càrrec;menjar;Pa i pastisseria;;False
3373;Efectiu;;07/04/2024;abril;2024;0.0;5.97;Càrrec;menjar;Fruiteria Deepak;;False
3376;BBVA;VISA;08/04/2024;abril;2024;0.0;1.48;Càrrec;manteniment;Back Market;Teclat+rata+planxa-val 100?;False
3393;Efectiu;;14/04/2024;abril;2024;0.0;12.44;Càrrec;menjar;Can Rinsa;;False
3395;Efectiu;;14/04/2024;abril;2024;0.0;9.62;Càrrec;menjar;Fruiteria Deepak;;False
3396;Efectiu;;14/04/2024;abril;2024;0.0;14.04;Càrrec;menjar;Peixeteria;;False
3397;Efectiu;;13/04/2024;abril;2024;0.0;5.0;Càrrec;menjar;Fruiteria Bayes;;False
3398;Efectiu;;15/04/2024;abril;2024;0.0;5.0;Càrrec;personal;Enric;;False
3401;BBVA;VISA;15/04/2024;abril;2024;0.0;5.57;Càrrec;manteniment;Aliexpress;Batedora+llanterna+pizza;False
3402;Efectiu;;17/04/2024;abril;2024;0.0;4.0;Càrrec;menjar;Pa i pastisseria;;False
3403;BBVA;Compte;17/04/2024;abril;2024;0.0;43.8;Càrrec;despesa_general;Lowi;;False
3404;Efectiu;;17/04/2024;abril;2024;0.0;6.08;Càrrec;menjar;Fruiteria Deepak;;False
3405;Efectiu;;17/04/2024;abril;2024;0.0;5.0;Càrrec;personal;Jordi;;False
3415;Efectiu;;19/04/2024;abril;2024;0.0;3.9;Càrrec;menjar;Pa i pastisseria;;False
3416;Efectiu;;19/04/2024;abril;2024;0.0;3.51;Càrrec;menjar;Dia;;False
3417;Efectiu;;19/04/2024;abril;2024;0.0;5.0;Càrrec;personal;Jordi;;False
3418;BBVA;VISA;19/04/2024;abril;2024;0.0;19.0;Càrrec;varis;Regal;Rosa Mireia;False
3369;Efectiu;;07/04/2024;abril;2024;0.0;6.4;Càrrec;menjar;Plaça;;False
3372;Efectiu;;07/04/2024;abril;2024;0.0;18.0;Càrrec;menjar;Veí Moro;;False
3352;BBVA;Dèbit;03/04/2024;abril;2024;0.0;22.24;Càrrec;menjar;Mercadona;;False
3353;BBVA;Dèbit;03/04/2024;abril;2024;0.0;6.45;Càrrec;neteja;Mercadona;;False
3474;T.CorteInglés;T.CorteInglés;02/05/2024;mayo;2024;0.0;101.95;Càrrec;menjar;El Corte Inglés;;False
3430;Efectiu;;23/04/2024;abril;2024;0.0;20.0;Càrrec;varis;Regal;Sant Jordi. Gorra;False
3432;Efectiu;;24/04/2024;abril;2024;0.0;6.0;Càrrec;menjar;Fruiteria Deepak;;False
3464;BBVA;Compte;02/05/2024;mayo;2024;0.0;25.75;Càrrec;assegurança;Ocaso;;False
3484;BBVA;Compte;06/05/2024;mayo;2024;0.0;38.4;Càrrec;assegurança;BBVA Asseg. Casa;;False
3435;Efectiu;;25/04/2024;abril;2024;0.0;1.82;Càrrec;menjar;Fruiteria Deepak;;False
3485;BBVA;Compte;06/05/2024;mayo;2024;0.0;14.63;Càrrec;assegurança;DP Morts Enric;;False
3487;BBVA;Compte;06/05/2024;mayo;2024;0.0;20.98;Càrrec;assegurança;DP MP Mireia;;False
3441;Efectiu;;27/04/2024;abril;2024;0.0;16.0;Càrrec;menjar;Taronges Cisco;;False
3442;Efectiu;;27/04/2024;abril;2024;0.0;10.0;Càrrec;personal;Jordi;;False
3443;Efectiu;;27/04/2024;abril;2024;0.0;2.4;Càrrec;varis;Parking;Sta. Caterina;False
3472;Efectiu;;02/05/2024;mayo;2024;0.0;17.0;Càrrec;butà;Butà reparto;;False
3431;Efectiu;;24/04/2024;abril;2024;0.0;8.6;Càrrec;farmàcia;Farmàcia;;False
3429;Efectiu;;23/04/2024;abril;2024;0.0;5.0;Càrrec;varis;Llibres;2a. Mà Drisa;False
3455;BBVA;Compte;30/04/2024;abril;2024;0.0;489.43;Càrrec;despesa_general;Hipoteca;;False
3459;Efectiu;;28/04/2024;abril;2024;0.0;15.0;Càrrec;personal;Isa;Mireia;False
3460;Efectiu;;28/04/2024;abril;2024;0.0;5.0;Càrrec;personal;Jordi;;False
3465;BBVA;Compte;02/05/2024;mayo;2024;0.0;61.6;Càrrec;despesa_general;Piscina;;False
3469;BBVA;Compte;02/05/2024;mayo;2024;0.0;12.5;Càrrec;roba;Altre roba;Paraigues Girona;False
3471;BBVA;Compte;02/05/2024;mayo;2024;0.0;13.54;Càrrec;despesa_general;Endesa;;False
3476;Efectiu;;02/05/2024;mayo;2024;0.0;2.73;Càrrec;menjar;Fruiteria Deepak;;False
3477;Efectiu;;02/05/2024;mayo;2024;0.0;7.09;Càrrec;menjar;AreaGuissona;;False
3486;BBVA;Compte;06/05/2024;mayo;2024;0.0;200.0;Càrrec;despesa_general;PJ Isabel;;False
3488;BBVA;Compte;07/05/2024;mayo;2024;0.0;52.82;Càrrec;despesa_general;Aigua;;False
3490;Efectiu;;05/05/2024;mayo;2024;0.0;10.67;Càrrec;menjar;AreaGuissona;;False
3493;Efectiu;;05/05/2024;mayo;2024;0.0;6.9;Càrrec;menjar;Plaça;;False
3426;BBVA;Dèbit;23/04/2024;abril;2024;0.0;56.66;Càrrec;gasolina;GasolinaAreaGuissona;;False
3427;BBVA;Dèbit;23/04/2024;abril;2024;0.0;92.4;Càrrec;restaurant;Restaurant;Ceviche. Girona;False
3571;BBVA;Compte;03/06/2024;junio;2024;0.0;25.75;Càrrec;assegurança;Ocaso;;False
3501;Efectiu;;14/05/2024;mayo;2024;0.0;9.37;Càrrec;menjar;Fruiteria Deepak;;False
3502;Efectiu;;12/05/2024;mayo;2024;0.0;4.75;Càrrec;menjar;Pa i pastisseria;;False
3534;BBVA;Compte;25/05/2024;mayo;2024;0.0;165.43;Càrrec;assegurança;Assegurança Cotxe;DP;False
3504;Efectiu;;12/05/2024;mayo;2024;0.0;36.0;Càrrec;varis;Expectacles/Teatre;Marxa Primavera;False
3505;Efectiu;;12/05/2024;mayo;2024;0.0;4.0;Càrrec;menjar;Fruiteria Deepak;;False
3507;Efectiu;;12/05/2024;mayo;2024;0.0;80.0;Càrrec;restaurant;Restaurant;Can Carlus.Tossa;False
3509;Efectiu;;12/05/2024;mayo;2024;0.0;5.0;Càrrec;personal;Jordi;;False
3510;Efectiu;;15/05/2024;mayo;2024;0.0;30.0;Càrrec;menjar;Ous casolans;;False
3508;Efectiu;;12/05/2024;mayo;2024;0.0;5.0;Càrrec;restaurant;Bar;Cafè Tossa;False
3513;Efectiu;;16/05/2024;mayo;2024;0.0;13.88;Càrrec;menjar;Dia;;False
3514;BBVA;Compte;17/05/2024;mayo;2024;0.0;43.97;Càrrec;despesa_general;Lowi;;False
3548;BBVA;VISA;27/05/2024;mayo;2024;0.0;12.5;Càrrec;restaurant;Bar;El racó. Arbúcies;False
3567;BBVA;Compte;31/05/2024;mayo;2024;0.0;19.54;Càrrec;varis;Interesos;Crèdit cotxe;False
3519;Efectiu;;19/05/2024;mayo;2024;0.0;16.0;Càrrec;menjar;Taronges Cisco;;False
3520;Efectiu;;19/05/2024;mayo;2024;0.0;1.91;Càrrec;menjar;Fruiteria Deepak;;False
3521;Efectiu;;17/05/2024;mayo;2024;0.0;3.0;Càrrec;restaurant;Bar;St.Feliu G. SS;False
3522;Efectiu;;19/05/2024;mayo;2024;0.0;5.0;Càrrec;personal;Jordi;;False
3541;BBVA;VISA;27/05/2024;mayo;2024;0.0;7.25;Càrrec;menjar;Pa i pastisseria;;False
3542;Efectiu;;27/05/2024;mayo;2024;0.0;4.9;Càrrec;menjar;Fruiteria Bayes;;False
3543;Efectiu;;27/05/2024;mayo;2024;0.0;3.48;Càrrec;menjar;Fruiteria Deepak;;False
3545;Efectiu;;27/05/2024;mayo;2024;0.0;5.0;Càrrec;personal;Jordi;;False
3547;BBVA;Compte;27/05/2024;mayo;2024;0.0;18000.0;Càrrec;proveidor;Ssangyong;;False
3549;BBVA;VISA;27/05/2024;mayo;2024;0.0;19.5;Càrrec;menjar;Altres menjar;Ratafia.Catifes;False
3552;BBVA;VISA;28/05/2024;mayo;2024;0.0;57.68;Càrrec;gasolina;GasolinaAreaGuissona;;False
3559;Efectiu;;29/05/2024;mayo;2024;0.0;6.2;Càrrec;menjar;AreaGuissona;;False
3560;Efectiu;;29/05/2024;mayo;2024;0.0;3.48;Càrrec;menjar;Fruiteria Deepak;;False
3561;Efectiu;;29/05/2024;mayo;2024;0.0;5.0;Càrrec;menjar;Ous casolans;;False
3562;Efectiu;;29/05/2024;mayo;2024;0.0;4.0;Càrrec;personal;Enric;rentar cotxe;False
3564;Efectiu;;30/05/2024;mayo;2024;0.0;2.44;Càrrec;menjar;Dia;;False
3566;BBVA;Compte;31/05/2024;mayo;2024;0.0;489.43;Càrrec;despesa_general;Hipoteca;;False
3568;BBVA;Compte;31/05/2024;mayo;2024;0.0;21.21;Càrrec;despesa_general;Endesa;;False
3572;BBVA;Compte;03/06/2024;junio;2024;0.0;61.6;Càrrec;despesa_general;Piscina;;False
3525;Efectiu;;19/05/2024;mayo;2024;0.0;7.9;Càrrec;menjar;Plaça;;False
3497;BBVA;Dèbit;10/05/2024;mayo;2024;0.0;17.05;Càrrec;menjar;AreaGuissona;;False
3498;BBVA;Dèbit;13/05/2024;mayo;2024;0.0;2.0;Càrrec;varis;Certificat/registre;Empadronament;False
3499;BBVA;Dèbit;13/05/2024;mayo;2024;0.0;23.05;Càrrec;menjar;Can Rinsa;;False
3582;BBVA;Compte;05/06/2024;junio;2024;0.0;38.4;Càrrec;assegurança;BBVA Asseg. Casa;;False
3585;BBVA;Compte;05/06/2024;junio;2024;0.0;200.0;Càrrec;despesa_general;PJ Isabel;;False
3584;BBVA;Compte;05/06/2024;junio;2024;0.0;14.63;Càrrec;assegurança;DP Morts Enric;;False
3586;BBVA;Compte;05/06/2024;junio;2024;0.0;20.98;Càrrec;assegurança;DP MP Mireia;;False
3623;Efectiu;;09/06/2024;junio;2024;0.0;66.0;Càrrec;restaurant;Restaurant;Cal Javi. Palamós;False
3596;BBVA;VISA;28/05/2024;mayo;2024;0.0;39.5;Càrrec;varis;Extra;Banderetes Enramar;False
3597;BBVA;VISA;30/05/2024;mayo;2024;0.0;2.15;Càrrec;varis;Autopista;;False
3598;BBVA;VISA;30/05/2024;mayo;2024;0.0;20.0;Càrrec;gasolina;Gasolina altres;Autopista;False
3599;BBVA;VISA;30/05/2024;mayo;2024;0.0;16.24;Càrrec;roba;Altre roba;Women'secret;False
3600;BBVA;VISA;30/05/2024;mayo;2024;0.0;100.0;Càrrec;restaurant;Restaurant;Ay Chihuahua. La Torre;False
3601;BBVA;VISA;31/05/2024;mayo;2024;0.0;23.82;Càrrec;menjar;Dialprix;;False
3602;BBVA;VISA;31/05/2024;mayo;2024;0.0;1.49;Càrrec;neteja;Dialprix;;False
3603;Efectiu;;03/06/2024;junio;2024;0.0;0.79;Càrrec;menjar;Dialprix;;False
3604;Efectiu;;03/06/2024;junio;2024;0.0;1.76;Càrrec;neteja;Dialprix;;False
3605;Efectiu;;03/06/2024;junio;2024;0.0;5.0;Càrrec;personal;Jordi;;False
3607;Efectiu;;05/06/2024;junio;2024;0.0;55.0;Càrrec;despesa_general;Lloguer Parking;;False
3608;BBVA;VISA;31/05/2024;mayo;2024;0.0;7.8;Càrrec;varis;Autopista;;False
3609;BBVA;VISA;31/05/2024;mayo;2024;0.0;9.9;Càrrec;restaurant;Bar;Gelateria Galan;False
3610;BBVA;VISA;31/05/2024;mayo;2024;0.0;62.6;Càrrec;restaurant;Restaurant;La Bonne Pitta. La Torre;False
3611;BBVA;VISA;01/06/2024;junio;2024;0.0;82.2;Càrrec;restaurant;Restaurant;El Kiosko. La Zenia;False
3612;BBVA;VISA;01/06/2024;junio;2024;0.0;22.5;Càrrec;varis;Extra;Perfurms. La Zenia;False
3613;BBVA;VISA;01/06/2024;junio;2024;0.0;17.5;Càrrec;varis;Compres: varis;Ulleres Jordi;False
3614;BBVA;VISA;01/06/2024;junio;2024;0.0;15.36;Càrrec;menjar;Alcampo;;False
3615;BBVA;VISA;01/06/2024;junio;2024;0.0;54.33;Càrrec;menjar;LIDL;;False
3616;BBVA;VISA;03/06/2024;junio;2024;0.0;66.6;Càrrec;gasolina;Gasolina altres;1a. Tivoli;False
3622;Efectiu;;08/06/2024;junio;2024;0.0;40.0;Càrrec;restaurant;Restaurant;Fira de la Gamba;False
3628;Efectiu;;12/06/2024;junio;2024;0.0;20.0;Càrrec;menjar;Ous casolans;;False
3629;Efectiu;;12/06/2024;junio;2024;0.0;4.0;Càrrec;menjar;Altres menjar;;False
3630;Efectiu;;12/06/2024;junio;2024;0.0;3.0;Càrrec;personal;Jordi;;False
3752;BBVA;VISA;12/07/2024;julio;2024;0.0;29.34;Càrrec;menjar;BonPreu;;False
3643;BBVA;VISA;15/06/2024;junio;2024;0.0;240.21;Càrrec;proveidor;Soloimprenta;Cartes Xarrup;False
3606;Efectiu;;05/06/2024;junio;2024;0.0;70.0;Càrrec;varis;Fiança Parking;;False
3579;BBVA;Dèbit;04/06/2024;junio;2024;0.0;80.35;Càrrec;restaurant;Restaurant;Asia;False
3580;BBVA;Dèbit;04/06/2024;junio;2024;0.0;14.4;Càrrec;restaurant;Bar;Gelateria Galan;False
3590;BBVA;Dèbit;06/06/2024;junio;2024;0.0;20.08;Càrrec;menjar;Dia;;False
3700;BBVA;Compte;01/07/2024;julio;2024;0.0;25.75;Càrrec;assegurança;Ocaso;;False
3646;Efectiu;;15/06/2024;junio;2024;0.0;8.02;Càrrec;menjar;Fruiteria Deepak;;False
3647;Efectiu;;15/06/2024;junio;2024;0.0;7.0;Càrrec;personal;Enric;;False
3648;Efectiu;;15/06/2024;junio;2024;0.0;4.0;Càrrec;personal;Jordi;;False
3649;BBVA;Compte;17/06/2024;junio;2024;0.0;43.8;Càrrec;despesa_general;Lowi;;False
3711;BBVA;Compte;03/07/2024;julio;2024;0.0;14.63;Càrrec;assegurança;DP Morts Enric;;False
3712;BBVA;Compte;03/07/2024;julio;2024;0.0;20.98;Càrrec;assegurança;DP MP Mireia;;False
3653;Efectiu;;19/06/2024;junio;2024;0.0;1.58;Càrrec;menjar;Dia;;False
3654;Efectiu;;18/06/2024;junio;2024;0.0;4.0;Càrrec;menjar;Emili Walking;;False
3655;Efectiu;;19/06/2024;junio;2024;0.0;5.0;Càrrec;personal;Enric;Dinar Joanet. TOM;False
3656;Efectiu;;20/06/2024;junio;2024;0.0;4.0;Càrrec;personal;Jordi;;False
3720;BBVA;Compte;04/07/2024;julio;2024;0.0;38.4;Càrrec;assegurança;BBVA Asseg. Casa;;False
3686;Efectiu;;27/06/2024;junio;2024;0.0;17.0;Càrrec;butà;Butà reparto;;False
3687;Efectiu;;27/06/2024;junio;2024;0.0;1.23;Càrrec;farmàcia;Farmàcia;;False
3667;Efectiu;;24/06/2024;junio;2024;0.0;-34.0;Càrrec;restaurant;Restaurant;Mònica.Palamós. Manolo;False
3674;Efectiu;;22/06/2024;junio;2024;0.0;18.0;Càrrec;restaurant;Bar;Pirata.Palamós;False
3671;Efectiu;;24/06/2024;junio;2024;0.0;6.29;Càrrec;menjar;Dia;;False
3672;Efectiu;;24/06/2024;junio;2024;0.0;10.7;Càrrec;menjar;AreaGuissona;;False
3673;Efectiu;;24/06/2024;junio;2024;0.0;4.37;Càrrec;menjar;Fruiteria Deepak;;False
3675;Efectiu;;24/06/2024;junio;2024;0.0;5.0;Càrrec;personal;Jordi;;False
3682;Efectiu;;27/06/2024;junio;2024;0.0;-20.0;Càrrec;restaurant;Bar;L'onada. Pago Manolo;False
3683;BBVA;Compte;27/06/2024;junio;2024;0.0;12.0;Càrrec;despesa_general;Oncolliga;;False
3684;Efectiu;;27/06/2024;junio;2024;0.0;7.22;Càrrec;neteja;Clarel;;False
3688;Efectiu;;27/06/2024;junio;2024;0.0;6.0;Càrrec;menjar;Emili Walking;;False
3689;Efectiu;;27/06/2024;junio;2024;0.0;7.01;Càrrec;menjar;Fruiteria Deepak;;False
3693;BBVA;VISA;27/06/2024;junio;2024;0.0;20.0;Càrrec;manteniment;Temu;Alcoholimetre+varis;False
3698;BBVA;Compte;30/06/2024;junio;2024;0.0;489.43;Càrrec;despesa_general;Hipoteca;;False
3701;BBVA;Compte;01/07/2024;julio;2024;0.0;61.6;Càrrec;despesa_general;Piscina;;False
3706;Efectiu;;03/07/2024;julio;2024;0.0;6.0;Càrrec;menjar;Emili Walking;;False
3709;Efectiu;;03/07/2024;julio;2024;0.0;20.27;Càrrec;menjar;Can Rinsa;;False
3710;BBVA;Compte;03/07/2024;julio;2024;0.0;13.75;Càrrec;despesa_general;Endesa;;False
3713;BBVA;Compte;03/07/2024;julio;2024;0.0;200.0;Càrrec;despesa_general;PJ Isabel;;False
3718;Efectiu;;03/07/2024;julio;2024;0.0;55.0;Càrrec;despesa_general;Lloguer Parking;;False
3719;Efectiu;;01/08/2024;agosto;2024;0.0;55.0;Càrrec;despesa_general;Lloguer Parking;;False
3699;BBVA;Compte;30/06/2024;junio;2024;0.0;337.14;Càrrec;despesa_general;Crèdit Cotxe;;False
3644;BBVA;Dèbit;15/06/2024;junio;2024;0.0;20.9;Càrrec;menjar;BonPreu;;False
3734;Efectiu;;06/07/2024;julio;2024;0.0;1.86;Càrrec;farmàcia;Farmàcia;;False
3727;Efectiu;;04/07/2024;julio;2024;0.0;6.35;Càrrec;menjar;Mercadona;;False
3728;Efectiu;;06/07/2024;julio;2024;0.0;6.52;Càrrec;neteja;Clarel;;False
3729;Efectiu;;05/07/2024;julio;2024;0.0;3.56;Càrrec;menjar;Fruiteria Deepak;;False
3730;Efectiu;;05/07/2024;julio;2024;0.0;15.91;Càrrec;menjar;Dia;;False
3731;Efectiu;;05/07/2024;julio;2024;0.0;0.85;Càrrec;neteja;Dia;;False
3748;BBVA;VISA;11/07/2024;julio;2024;0.0;4.5;Càrrec;restaurant;Bar;Jubilats Arbúcies;False
3757;BBVA;VISA;13/07/2024;julio;2024;0.0;50.88;Càrrec;restaurant;Restaurant;El Niu. Arbúcies;False
3759;Efectiu;;13/07/2024;julio;2024;0.0;50.0;Càrrec;restaurant;Restaurant;L'Olivera. Palamós;False
3736;BBVA;Compte;04/07/2024;julio;2024;0.0;25.13;Càrrec;roba;Altre roba;Encuentro.Girona;False
3737;Efectiu;;06/07/2024;julio;2024;0.0;6.56;Càrrec;menjar;AreaGuissona;;False
3738;Efectiu;;08/07/2024;julio;2024;0.0;3.14;Càrrec;menjar;Fruiteria Deepak;;False
3739;Efectiu;;09/07/2024;julio;2024;0.0;30.0;Càrrec;menjar;Ous casolans;;False
3741;Efectiu;;09/07/2024;julio;2024;0.0;1.2;Càrrec;menjar;Pa i pastisseria;;False
3742;Efectiu;;07/07/2024;julio;2024;0.0;6.87;Càrrec;menjar;Dia;;False
3747;BBVA;VISA;11/07/2024;julio;2024;0.0;22.453;Càrrec;varis;Regal;Mireia Braçalet;False
3744;Efectiu;;11/07/2024;julio;2024;0.0;8.0;Càrrec;menjar;Emili Walking;;False
3745;Efectiu;;08/07/2024;julio;2024;0.0;4.62;Càrrec;menjar;Novavenda;;False
3746;Efectiu;;10/07/2024;julio;2024;0.0;7.69;Càrrec;menjar;Novavenda;;False
3749;Efectiu;;11/07/2024;julio;2024;0.0;7.73;Càrrec;menjar;Dia;;False
3750;BBVA;VISA;12/07/2024;julio;2024;0.0;6.78;Càrrec;menjar;LIDL;;False
3751;BBVA;VISA;12/07/2024;julio;2024;0.0;1.58;Càrrec;neteja;LIDL;;False
3753;BBVA;VISA;12/07/2024;julio;2024;0.0;12.99;Càrrec;neteja;BonPreu;;False
3754;BBVA;VISA;12/07/2024;julio;2024;0.0;6.49;Càrrec;manteniment;Xino Sta.Coloma;Doble interruptor;False
3758;BBVA;Compte;15/07/2024;julio;2024;0.0;43.8;Càrrec;despesa_general;Lowi;;False
3760;Efectiu;;13/07/2024;julio;2024;0.0;3.0;Càrrec;personal;Jordi;;False
3762;Efectiu;;14/07/2024;julio;2024;0.0;6.0;Càrrec;menjar;Pa i pastisseria;;False
3763;Efectiu;;12/07/2024;julio;2024;0.0;6.95;Càrrec;menjar;AreaGuissona;;False
3764;Efectiu;;17/07/2024;julio;2024;0.0;6.8;Càrrec;menjar;Fruiteria Bayes;;False
3765;Efectiu;;15/07/2024;julio;2024;0.0;18.77;Càrrec;menjar;Dia;;False
3766;Efectiu;;17/07/2024;julio;2024;0.0;5.02;Càrrec;menjar;Novavenda;;False
3767;Efectiu;;17/07/2024;julio;2024;0.0;2.49;Càrrec;neteja;Novavenda;;False
3768;Efectiu;;15/07/2024;julio;2024;0.0;4.57;Càrrec;menjar;Fruiteria Deepak;;False
3770;Efectiu;;19/07/2024;julio;2024;0.0;10.0;Càrrec;menjar;Mercadona;;False
3773;Efectiu;;19/07/2024;julio;2024;0.0;5.34;Càrrec;manteniment;Xino Sta.Coloma;festa Mireia;False
3778;Efectiu;;21/07/2024;julio;2024;0.0;2.22;Càrrec;menjar;Fruiteria Deepak;;False
3779;Efectiu;;21/07/2024;julio;2024;0.0;3.0;Càrrec;menjar;Pa i pastisseria;;False
3780;Efectiu;;21/07/2024;julio;2024;0.0;13.15;Càrrec;menjar;Dia;;False
3781;Efectiu;;20/07/2024;julio;2024;0.0;10.0;Càrrec;personal;Jordi;;False
3788;Efectiu;;24/07/2024;julio;2024;0.0;12.2;Càrrec;menjar;Can Rinsa;;False
3789;Efectiu;;24/07/2024;julio;2024;0.0;1.68;Càrrec;menjar;Fruiteria Deepak;;False
3795;Efectiu;;26/07/2024;julio;2024;0.0;6.0;Càrrec;menjar;Emili Walking;;False
3740;Efectiu;;07/07/2024;julio;2024;0.0;6.8;Càrrec;menjar;Plaça;;False
3761;Efectiu;;14/07/2024;julio;2024;0.0;9.0;Càrrec;menjar;Plaça;;False
3722;BBVA;Dèbit;06/07/2024;julio;2024;0.0;54.5;Càrrec;gasolina;GasolinaAreaGuissona;;False
3723;BBVA;Dèbit;04/07/2024;julio;2024;0.0;4.25;Càrrec;restaurant;Bar;Girona;False
3724;BBVA;Dèbit;04/07/2024;julio;2024;0.0;12.99;Càrrec;roba;Zara;;False
3769;BBVA;Dèbit;18/07/2024;julio;2024;0.0;19.25;Càrrec;menjar;Dia;;False
3823;BBVA;Compte;01/08/2024;agosto;2024;0.0;25.75;Càrrec;assegurança;Ocaso;;False
3837;BBVA;Compte;05/08/2024;agosto;2024;0.0;38.4;Càrrec;assegurança;BBVA Asseg. Casa;;False
3839;BBVA;Compte;05/08/2024;agosto;2024;0.0;14.63;Càrrec;assegurança;DP Morts Enric;;False
3802;Efectiu;;27/07/2024;julio;2024;0.0;32.0;Càrrec;varis;Expectacles/Teatre;Diversiones;False
3841;BBVA;Compte;05/08/2024;agosto;2024;0.0;20.98;Càrrec;assegurança;DP MP Mireia;;False
3807;BBVA;Compte;01/08/2024;agosto;2024;0.0;30.16;Càrrec;despesa_general;Endesa;;False
3809;Efectiu;;24/07/2024;julio;2024;0.0;3.3;Càrrec;menjar;AreaGuissona;;False
3815;BBVA;Compte;31/07/2024;julio;2024;0.0;489.43;Càrrec;despesa_general;Hipoteca;;False
3824;BBVA;Compte;01/08/2024;agosto;2024;0.0;61.6;Càrrec;despesa_general;Piscina;;False
3840;BBVA;Compte;05/08/2024;agosto;2024;0.0;200.0;Càrrec;despesa_general;PJ Isabel;;False
3842;BBVA;Compte;05/08/2024;agosto;2024;0.0;50.42;Càrrec;despesa_general;Aigua;;False
3859;Efectiu;;30/07/2024;julio;2024;0.0;7.04;Càrrec;menjar;Fruiteria Deepak;;False
3860;Efectiu;;04/08/2024;agosto;2024;0.0;11.54;Càrrec;menjar;Carn Matilde;;False
3861;Efectiu;;10/08/2024;agosto;2024;0.0;3.67;Càrrec;menjar;Super Villa-Teresa;;False
3796;BBVA;Dèbit;25/07/2024;julio;2024;0.0;7.27;Càrrec;menjar;Dia;;False
3797;BBVA;Dèbit;26/07/2024;julio;2024;0.0;39.99;Càrrec;manteniment;LIDL;Barbacoa;False
3865;Efectiu;;09/08/2024;agosto;2024;0.0;11.0;Càrrec;restaurant;Bar;cargols xiringuito;False
3866;Efectiu;;09/08/2024;agosto;2024;0.0;30.0;Càrrec;varis;Perruqueria;Isa i Jordi. La Torre;False
3871;BBVA;Compte;13/08/2024;agosto;2024;0.0;43.8;Càrrec;despesa_general;Lowi;;False
3874;BBVA;VISA;12/08/2024;agosto;2024;0.0;56.34;Càrrec;gasolina;GasolinaAreaGuissona;;False
3876;BBVA;Compte;15/08/2024;agosto;2024;0.0;50.0;Càrrec;varis;Regal;Sant Mireia. Bizum;False
3878;Efectiu;;16/08/2024;agosto;2024;0.0;4.98;Càrrec;menjar;Novavenda;;False
3879;Efectiu;;16/08/2024;agosto;2024;0.0;1.85;Càrrec;neteja;Novavenda;;False
3880;Efectiu;;18/08/2024;agosto;2024;0.0;3.16;Càrrec;menjar;Novavenda;;False
3881;BBVA;VISA;14/08/2024;agosto;2024;0.0;33.5;Càrrec;restaurant;Restaurant;Vostra llar. Futbol;False
3883;Efectiu;;19/08/2024;agosto;2024;0.0;30.0;Càrrec;menjar;Ous casolans;;False
3885;T.CorteInglés;T.CorteInglés;14/08/2024;agosto;2024;0.0;29.23;Càrrec;menjar;El Corte Inglés;;False
3889;Efectiu;;19/08/2024;agosto;2024;0.0;2.71;Càrrec;menjar;Fruiteria Deepak;;False
3890;Efectiu;;19/08/2024;agosto;2024;0.0;5.7;Càrrec;menjar;Fruiteria Deepak;;False
3891;Efectiu;;12/08/2024;agosto;2024;0.0;6.33;Càrrec;menjar;Dia;;False
3893;Efectiu;;14/08/2024;agosto;2024;0.0;0.79;Càrrec;menjar;BonPreu;;False
3894;Efectiu;;14/08/2024;agosto;2024;0.0;4.69;Càrrec;menjar;BonPreu;;False
3895;Efectiu;;19/08/2024;agosto;2024;0.0;2.1;Càrrec;menjar;Fruiteria Bayes;;False
3896;Efectiu;;15/08/2024;agosto;2024;0.0;5.5;Càrrec;menjar;Dia;;False
3897;Efectiu;;19/08/2024;agosto;2024;0.0;4.8;Càrrec;farmàcia;Farmàcia;;False
3902;Efectiu;;21/08/2024;agosto;2024;0.0;4.27;Càrrec;menjar;Novavenda;;False
3882;BBVA;VISA;14/08/2024;agosto;2024;0.0;91.3;Càrrec;restaurant;Restaurant;Tomàquet. Sense menú;False
3892;Efectiu;;14/08/2024;agosto;2024;0.0;6.5;Càrrec;restaurant;Bar;Gelats Palamós;False
3924;BBVA;VISA;27/08/2024;agosto;2024;0.0;354.53;Càrrec;Parallar;MediaMarkt;Inducció Bosch;False
3875;BBVA;Dèbit;13/08/2024;agosto;2024;0.0;22.0;Càrrec;restaurant;Restaurant;Pizzeria Palamós;False
3912;Efectiu;;22/08/2024;agosto;2024;0.0;16.09;Càrrec;menjar;Novavenda;;False
3913;Efectiu;;25/08/2024;agosto;2024;0.0;3.4;Càrrec;menjar;Dia;;False
3914;Efectiu;;25/08/2024;agosto;2024;0.0;3.9;Càrrec;menjar;Fruiteria Deepak;;False
3915;Efectiu;;25/08/2024;agosto;2024;0.0;5.0;Càrrec;personal;Jordi;;False
3919;Efectiu;;25/08/2024;agosto;2024;0.0;3.0;Càrrec;menjar;Fruiteria Deepak;;False
3928;Efectiu;;28/08/2024;agosto;2024;0.0;5.08;Càrrec;menjar;Fruiteria Deepak;;False
3936;Efectiu;;29/08/2024;agosto;2024;0.0;430.02;Càrrec;rebost;Oli Jaen.MaCarmen;;False
3937;BBVA;Compte;01/09/2024;septiembre;2024;0.0;13.73;Càrrec;despesa_general;Endesa;;False
3863;Efectiu;;09/08/2024;agosto;2024;0.0;5.55;Càrrec;menjar;Plaça;;False
3864;Efectiu;;09/08/2024;agosto;2024;0.0;59.0;Càrrec;menjar;Plaça;;False
3888;Efectiu;;18/08/2024;agosto;2024;0.0;7.0;Càrrec;menjar;Plaça;;False
3918;Efectiu;;25/08/2024;agosto;2024;0.0;8.9;Càrrec;menjar;Plaça;;False
3872;BBVA;Dèbit;13/08/2024;agosto;2024;0.0;98.9;Càrrec;restaurant;Restaurant;La Capella. Altea;False
3877;BBVA;Dèbit;17/08/2024;agosto;2024;0.0;22.57;Càrrec;menjar;Dia;;False
3884;BBVA;Dèbit;19/08/2024;agosto;2024;0.0;13.06;Càrrec;menjar;AreaGuissona;;False
3947;BBVA;Compte;02/09/2024;septiembre;2024;0.0;25.75;Càrrec;assegurança;Ocaso;;False
3949;BBVA;Compte;02/09/2024;septiembre;2024;0.0;38.4;Càrrec;assegurança;BBVA Asseg. Casa;;False
3950;BBVA;Compte;04/09/2024;septiembre;2024;0.0;14.63;Càrrec;assegurança;DP Morts Enric;;False
3953;BBVA;Compte;04/09/2024;septiembre;2024;0.0;20.98;Càrrec;assegurança;DP MP Mireia;;False
3943;BBVA;Compte;31/08/2024;agosto;2024;0.0;489.43;Càrrec;despesa_general;Hipoteca;;False
3948;BBVA;Compte;02/09/2024;septiembre;2024;0.0;61.6;Càrrec;despesa_general;Piscina;;False
3951;BBVA;Compte;04/09/2024;septiembre;2024;0.0;200.0;Càrrec;despesa_general;PJ Isabel;;False
3952;Efectiu;;05/09/2024;septiembre;2024;0.0;55.0;Càrrec;despesa_general;Lloguer Parking;;False
3957;BBVA;VISA;03/09/2024;septiembre;2024;0.0;475.8;Càrrec;varis;Viatges;Apartament Hondarribia;False
3959;Efectiu;;08/09/2024;septiembre;2024;0.0;3.0;Càrrec;menjar;Fruiteria Deepak;;False
3960;Efectiu;;08/09/2024;septiembre;2024;0.0;6.35;Càrrec;menjar;Pa i pastisseria;;False
3964;Efectiu;;10/09/2024;septiembre;2024;0.0;4.6;Càrrec;menjar;Fruiteria Deepak;;False
3970;Efectiu;;11/09/2024;septiembre;2024;0.0;5.0;Càrrec;personal;Jordi;;False
3971;Efectiu;;11/09/2024;septiembre;2024;0.0;2.96;Càrrec;menjar;Fruiteria Deepak;;False
3972;Efectiu;;11/09/2024;septiembre;2024;0.0;12.24;Càrrec;neteja;Clarel;;False
3974;Efectiu;;12/09/2024;septiembre;2024;0.0;8.24;Càrrec;menjar;Novavenda;;False
3975;Efectiu;;12/09/2024;septiembre;2024;0.0;5.85;Càrrec;rebost;Novavenda;;False
3986;BBVA;Compte;16/09/2024;septiembre;2024;0.0;43.8;Càrrec;despesa_general;Lowi;;False
3992;Efectiu;;15/09/2024;septiembre;2024;0.0;5.0;Càrrec;personal;Enric;;False
3993;Efectiu;;15/09/2024;septiembre;2024;0.0;5.0;Càrrec;personal;Jordi;;False
3994;Efectiu;;15/09/2024;septiembre;2024;0.0;3.0;Càrrec;menjar;Fruiteria Bayes;;False
3995;Efectiu;;15/09/2024;septiembre;2024;0.0;1.82;Càrrec;menjar;Fruiteria Deepak;;False
3944;BBVA;Compte;31/08/2024;agosto;2024;0.0;337.14;Càrrec;despesa_general;Crèdit Cotxe;;False
3958;Efectiu;;08/09/2024;septiembre;2024;0.0;4.0;Càrrec;menjar;Plaça;;False
3938;BBVA;Dèbit;29/08/2024;agosto;2024;0.0;7.92;Càrrec;menjar;Dia;;False
4057;BBVA;Compte;01/10/2024;octubre;2024;0.0;25.75;Càrrec;assegurança;Ocaso;;False
4070;BBVA;Compte;03/10/2024;octubre;2024;0.0;20.98;Càrrec;assegurança;DP MP Mireia;;False
4012;Efectiu;;22/09/2024;septiembre;2024;0.0;15.0;Càrrec;personal;Jordi;;False
4014;Efectiu;;22/09/2024;septiembre;2024;0.0;8.25;Càrrec;menjar;Fruiteria Deepak;;False
4035;BBVA;Compte;26/09/2024;septiembre;2024;0.0;378.12;Càrrec;proveidor;Trama;Calendaris Pepe;False
4036;BBVA;VISA;26/09/2024;septiembre;2024;0.0;56.23;Càrrec;gasolina;GasolinaAreaGuissona;;False
4015;T.CorteInglés;T.CorteInglés;15/09/2024;septiembre;2024;0.0;53.9;Càrrec;restaurant;Restaurant;Tapes Hondarribia;False
4016;T.CorteInglés;T.CorteInglés;15/09/2024;septiembre;2024;0.0;38.2;Càrrec;restaurant;Restaurant;Itxaropena.Hondarribia;False
4017;T.CorteInglés;T.CorteInglés;16/09/2024;septiembre;2024;0.0;86.7;Càrrec;restaurant;Restaurant;il capo. Hondarribia;False
4045;BBVA;Compte;27/09/2024;septiembre;2024;0.0;16.1;Càrrec;despesa_general;Endesa;;False
4018;T.CorteInglés;T.CorteInglés;17/09/2024;septiembre;2024;0.0;136.9;Càrrec;restaurant;Restaurant;Trikuharri. S.Sebastian;False
4019;T.CorteInglés;T.CorteInglés;17/09/2024;septiembre;2024;0.0;43.0;Càrrec;restaurant;Restaurant;Bergara. S.Sebastian;False
4020;T.CorteInglés;T.CorteInglés;24/09/2024;septiembre;2024;0.0;64.5;Càrrec;restaurant;Restaurant;Creps. Biarritz;False
4049;BBVA;Compte;30/09/2024;septiembre;2024;0.0;489.43;Càrrec;despesa_general;Hipoteca;;False
4021;T.CorteInglés;T.CorteInglés;18/09/2024;septiembre;2024;0.0;40.0;Càrrec;restaurant;Restaurant;Ostres.Biarritz;False
4022;T.CorteInglés;T.CorteInglés;18/09/2024;septiembre;2024;0.0;59.0;Càrrec;restaurant;Restaurant;Barnka. Hondarribia;False
4061;Efectiu;;19/09/2024;septiembre;2024;0.0;30.0;Càrrec;menjar;Ous casolans;;False
4062;Efectiu;;02/10/2024;octubre;2024;0.0;30.0;Càrrec;menjar;Ous casolans;;False
4063;Efectiu;;30/09/2024;septiembre;2024;0.0;6.0;Càrrec;menjar;Fruiteria Bayes;;False
4064;BBVA;VISA;30/09/2024;septiembre;2024;0.0;6.46;Càrrec;menjar;Dia;;False
4069;BBVA;Compte;03/10/2024;octubre;2024;0.0;210.0;Càrrec;despesa_general;PJ Isabel;;False
4074;Efectiu;;03/10/2024;octubre;2024;0.0;55.0;Càrrec;despesa_general;Lloguer Parking;;False
4075;Efectiu;;03/10/2024;octubre;2024;0.0;1.57;Càrrec;menjar;Fruiteria Deepak;;False
4076;Efectiu;;03/10/2024;octubre;2024;0.0;20.0;Càrrec;personal;Jordi;;False
4060;Efectiu;;30/09/2024;septiembre;2024;0.0;5.8;Càrrec;menjar;Plaça;;False
4004;BBVA;Dèbit;20/09/2024;septiembre;2024;0.0;90.7;Càrrec;restaurant;Restaurant;Osca;False
4005;BBVA;Dèbit;18/09/2024;septiembre;2024;0.0;4.3;Càrrec;varis;Parking;Sant Jean de Luz;False
4006;BBVA;Dèbit;18/09/2024;septiembre;2024;0.0;30.5;Càrrec;restaurant;Bar;Platja Ibarritz;False
4077;Efectiu;;03/10/2024;octubre;2024;0.0;20.0;Càrrec;personal;Isa;;False
4082;BBVA;Compte;04/10/2024;octubre;2024;0.0;61.6;Càrrec;despesa_general;Piscina;;False
4088;Efectiu;;05/10/2024;octubre;2024;0.0;3.34;Càrrec;menjar;Dia;;False
4089;Efectiu;;04/10/2024;octubre;2024;0.0;1.71;Càrrec;menjar;Fruiteria Deepak;;False
4090;BBVA;VISA;08/10/2024;octubre;2024;0.0;15.85;Càrrec;menjar;Dia;;False
4092;BBVA;VISA;10/10/2024;octubre;2024;0.0;19.69;Càrrec;menjar;Dia;;False
4098;Efectiu;;12/10/2024;octubre;2024;0.0;12.0;Càrrec;restaurant;Restaurant;Olletes Breda;False
4099;Efectiu;;12/10/2024;octubre;2024;0.0;4.8;Càrrec;menjar;Pa i pastisseria;;False
4100;Efectiu;;12/10/2024;octubre;2024;0.0;5.3;Càrrec;restaurant;Bar;Fira Olla. Breda;False
4101;Efectiu;;13/10/2024;octubre;2024;0.0;4.0;Càrrec;Parallar;Altres mobles;Olla terrissa;False
4102;Efectiu;;14/10/2024;octubre;2024;0.0;1.2;Càrrec;menjar;Pa i pastisseria;;False
4104;Efectiu;;13/10/2024;octubre;2024;0.0;4.9;Càrrec;menjar;Dia;;False
4105;Efectiu;;13/10/2024;octubre;2024;0.0;2.15;Càrrec;menjar;Fruiteria Bayes;;False
4107;BBVA;Compte;16/10/2024;octubre;2024;0.0;39.05;Càrrec;despesa_general;Lowi;;False
4112;T.CorteInglés;T.CorteInglés;15/10/2024;octubre;2024;0.0;79.03;Càrrec;menjar;El Corte Inglés;;False
4079;BBVA;Compte;04/10/2024;octubre;2024;0.0;38.4;Càrrec;assegurança;BBVA Asseg. Casa;;False
4081;BBVA;Compte;04/10/2024;octubre;2024;0.0;14.63;Càrrec;assegurança;DP Morts Enric;;False
4115;Efectiu;;20/10/2024;octubre;2024;0.0;4.7;Càrrec;menjar;Dia;;False
4116;Efectiu;;20/10/2024;octubre;2024;0.0;5.22;Càrrec;menjar;Fruiteria Deepak;;False
4150;Efectiu;;18/10/2024;octubre;2024;0.0;16.5;Càrrec;butà;Butà reparto;;False
4091;Efectiu;;07/10/2024;octubre;2024;0.0;0.97;Càrrec;farmàcia;Farmàcia;;False
4087;BBVA;VISA;05/10/2024;octubre;2024;0.0;0.8;Càrrec;varis;Interesos;Traspàs VISA a Cta.;False
4141;Efectiu;;24/10/2024;octubre;2024;0.0;35.0;Càrrec;restaurant;Restaurant;Arrós Jubilats. Manolo;False
4080;BBVA;Compte;04/10/2024;octubre;2024;0.0;12.03;Càrrec;varis;Interesos;Aplaçat VISA;False
4137;Efectiu;;26/10/2024;octubre;2024;0.0;13.08;Càrrec;menjar;Can Rinsa;;False
4138;Efectiu;;26/10/2024;octubre;2024;0.0;5.4;Càrrec;menjar;Peixeteria;;False
4139;Efectiu;;26/10/2024;octubre;2024;0.0;5.1;Càrrec;menjar;Fruiteria Deepak;;False
4140;Efectiu;;26/10/2024;octubre;2024;0.0;28.0;Càrrec;menjar;Altres menjar;;False
4142;Efectiu;;24/10/2024;octubre;2024;0.0;35.0;Càrrec;varis;Loteria;;False
4143;Efectiu;;24/10/2024;octubre;2024;0.0;5.0;Càrrec;personal;Jordi;;False
4144;Efectiu;;24/10/2024;octubre;2024;0.0;5.0;Càrrec;personal;Enric;;False
4151;Efectiu;;18/10/2024;octubre;2024;0.0;5.0;Càrrec;personal;Jordi;;False
4152;Efectiu;;17/10/2024;octubre;2024;0.0;1.12;Càrrec;menjar;Fruiteria Deepak;;False
4103;Efectiu;;13/10/2024;octubre;2024;0.0;7.0;Càrrec;menjar;Plaça;;False
4153;Efectiu;;27/10/2024;octubre;2024;0.0;7.7;Càrrec;menjar;Plaça;;False
4094;BBVA;Dèbit;11/10/2024;octubre;2024;0.0;28.78;Càrrec;menjar;LIDL;;False
4095;BBVA;Dèbit;11/10/2024;octubre;2024;0.0;56.13;Càrrec;gasolina;GasolinaAreaGuissona;;False
4106;BBVA;Dèbit;15/10/2024;octubre;2024;0.0;3.7;Càrrec;menjar;Novavenda;;False
4108;BBVA;Dèbit;16/10/2024;octubre;2024;0.0;11.82;Càrrec;menjar;LIDL;;False
4109;BBVA;Dèbit;15/10/2024;octubre;2024;0.0;4.99;Càrrec;roba;LIDL;;False
4155;Efectiu;;27/10/2024;octubre;2024;0.0;9.0;Càrrec;varis;Loteria;Creu Roja;False
4162;Efectiu;;29/10/2024;octubre;2024;0.0;2.0;Càrrec;neteja;Clarel;;False
4163;Efectiu;;29/10/2024;octubre;2024;0.0;2.0;Càrrec;manteniment;Xino Sta.Coloma;;False
4171;BBVA;Compte;01/11/2024;noviembre;2024;0.0;25.75;Càrrec;assegurança;Ocaso;;False
4165;Efectiu;;29/10/2024;octubre;2024;0.0;25.63;Càrrec;menjar;Fruiteria Deepak;;False
4190;BBVA;Compte;05/11/2024;noviembre;2024;0.0;14.63;Càrrec;assegurança;DP Morts Enric;;False
4192;BBVA;Compte;05/11/2024;noviembre;2024;0.0;20.98;Càrrec;assegurança;DP MP Mireia;;False
4168;BBVA;Compte;31/10/2024;octubre;2024;0.0;489.43;Càrrec;despesa_general;Hipoteca;;False
4199;BBVA;Compte;06/11/2024;noviembre;2024;0.0;38.45;Càrrec;assegurança;BBVA Asseg. Casa;;False
4170;BBVA;Compte;01/11/2024;noviembre;2024;0.0;17.55;Càrrec;despesa_general;Endesa;;False
4172;BBVA;Compte;01/11/2024;noviembre;2024;0.0;61.6;Càrrec;despesa_general;Piscina;;False
4156;Efectiu;;27/10/2024;octubre;2024;0.0;9.0;Càrrec;restaurant;Restaurant;Dinar Plaça Arbúcies;False
4180;Efectiu;;03/11/2024;noviembre;2024;0.0;6.5;Càrrec;restaurant;Restaurant;Pastissoa. Fira flabiol;False
4181;Efectiu;;03/11/2024;noviembre;2024;0.0;10.0;Càrrec;restaurant;Restaurant;Crep+bolets. Fira flabiol;False
4182;Efectiu;;03/11/2024;noviembre;2024;0.0;5.0;Càrrec;menjar;Altres menjar;Fuet. Fira Flabiol;False
4183;Efectiu;;03/11/2024;noviembre;2024;0.0;2.0;Càrrec;restaurant;Restaurant;Castanyes.Fira flabiol;False
4184;Efectiu;;03/11/2024;noviembre;2024;0.0;9.0;Càrrec;menjar;Pa i pastisseria;;False
4185;Efectiu;;03/11/2024;noviembre;2024;0.0;20.0;Càrrec;restaurant;Restaurant;El Casino. Fira flabiol;False
4191;BBVA;Compte;05/11/2024;noviembre;2024;0.0;210.0;Càrrec;despesa_general;PJ Isabel;;False
4200;BBVA;Compte;06/11/2024;noviembre;2024;0.0;50.42;Càrrec;despesa_general;Aigua;;False
4201;Efectiu;;06/11/2024;noviembre;2024;0.0;55.0;Càrrec;despesa_general;Lloguer Parking;;False
4205;BBVA;VISA;05/11/2024;noviembre;2024;0.0;59.88;Càrrec;gasolina;GasolinaAreaGuissona;;False
4209;Efectiu;;07/11/2024;noviembre;2024;0.0;5.0;Càrrec;menjar;Fruiteria Deepak;;False
4210;Efectiu;;08/11/2024;noviembre;2024;0.0;10.0;Càrrec;personal;Jordi;;False
4216;Efectiu;;11/11/2024;noviembre;2024;0.0;30.0;Càrrec;menjar;Ous casolans;;False
4218;BBVA;VISA;11/11/2024;noviembre;2024;0.0;178.79;Càrrec;proveidor;Exaprint;Estovalles Xarrup 3000;False
4221;Efectiu;;13/11/2024;noviembre;2024;0.0;5.0;Càrrec;menjar;Fruiteria Deepak;;False
4223;Efectiu;;13/11/2024;noviembre;2024;0.0;5.0;Càrrec;personal;Enric;;False
4217;Efectiu;;10/11/2024;noviembre;2024;0.0;6.99;Càrrec;menjar;Plaça;;False
4158;BBVA;Dèbit;28/10/2024;octubre;2024;0.0;11.98;Càrrec;menjar;Dia;;False
4159;BBVA;Dèbit;29/10/2024;octubre;2024;0.0;15.47;Càrrec;menjar;AreaGuissona;;False
4224;Efectiu;;13/11/2024;noviembre;2024;0.0;30.0;Càrrec;varis;Loteria;;False
4225;Efectiu;;13/11/2024;noviembre;2024;0.0;5.0;Càrrec;personal;Jordi;;False
4227;Efectiu;;14/11/2024;noviembre;2024;0.0;5.41;Càrrec;menjar;Novavenda;;False
4228;Efectiu;;14/11/2024;noviembre;2024;0.0;1.99;Càrrec;neteja;Novavenda;;False
4229;Efectiu;;14/11/2024;noviembre;2024;0.0;3.14;Càrrec;menjar;Fruiteria Deepak;;False
4230;Efectiu;;14/11/2024;noviembre;2024;0.0;10.0;Càrrec;personal;Jordi;;False
4231;BBVA;Compte;15/11/2024;noviembre;2024;0.0;38.85;Càrrec;despesa_general;Lowi;;False
4234;BBVA;VISA;11/11/2024;noviembre;2024;0.0;25.56;Càrrec;manteniment;Aliexpress;4 plafons cuina;False
4235;BBVA;VISA;10/11/2024;noviembre;2024;0.0;11.35;Càrrec;manteniment;Aliexpress;Hub+varis;False
4301;BBVA;Compte;02/12/2024;diciembre;2024;0.0;25.75;Càrrec;assegurança;Ocaso;;False
4261;Efectiu;;21/11/2024;noviembre;2024;0.0;52.0;Càrrec;proveidor;Prolab;Àlbum Lidia Cerrillo;False
4241;Efectiu;;17/11/2024;noviembre;2024;0.0;3.21;Càrrec;menjar;Fruiteria Deepak;;False
4242;Efectiu;;17/11/2024;noviembre;2024;0.0;4.0;Càrrec;menjar;Can Rinsa;;False
4251;Efectiu;;17/11/2024;noviembre;2024;0.0;4.74;Càrrec;menjar;Dia;;False
4262;Efectiu;;25/11/2024;noviembre;2024;0.0;7.0;Càrrec;personal;Jordi;;False
4263;Efectiu;;25/11/2024;noviembre;2024;0.0;7.0;Càrrec;menjar;Pa i pastisseria;;False
4264;Efectiu;;21/11/2024;noviembre;2024;0.0;4.54;Càrrec;menjar;Novavenda;;False
4265;Efectiu;;24/11/2024;noviembre;2024;0.0;3.54;Càrrec;menjar;Fruiteria Deepak;;False
4266;Efectiu;;24/11/2024;noviembre;2024;0.0;9.31;Càrrec;menjar;Novavenda;;False
4275;BBVA;Compte;26/11/2024;noviembre;2024;0.0;52.41;Càrrec;manteniment;Emmcat Constr.;Pedra 3m2+escaiola;False
4278;Efectiu;;28/11/2024;noviembre;2024;0.0;2.75;Càrrec;menjar;Fruiteria Deepak;;False
4280;BBVA;VISA;24/11/2024;noviembre;2024;0.0;7.95;Càrrec;manteniment;Aliexpress;Aplic escala;False
4281;BBVA;VISA;24/11/2024;noviembre;2024;0.0;10.61;Càrrec;manteniment;Aliexpress;llana 40cm.;False
4282;BBVA;VISA;28/11/2024;noviembre;2024;0.0;8.84;Càrrec;manteniment;Aliexpress;2 endolls zigbee;False
4285;BBVA;Compte;01/12/2024;diciembre;2024;0.0;38.16;Càrrec;despesa_general;Endesa;;False
4295;BBVA;Compte;30/11/2024;noviembre;2024;0.0;489.43;Càrrec;despesa_general;Hipoteca;;False
4297;Efectiu;;29/11/2024;noviembre;2024;0.0;4.6;Càrrec;menjar;Dia;;False
4298;Efectiu;;30/11/2024;noviembre;2024;0.0;6.8;Càrrec;menjar;AreaGuissona;;False
4299;Efectiu;;30/11/2024;noviembre;2024;0.0;50.0;Càrrec;varis;Curs;Escriptura creativa;False
4296;BBVA;Compte;30/11/2024;noviembre;2024;0.0;337.14;Càrrec;despesa_general;Crèdit Cotxe;;False
4240;Efectiu;;17/11/2024;noviembre;2024;0.0;12.0;Càrrec;menjar;Plaça;;False
4233;BBVA;Dèbit;15/11/2024;noviembre;2024;0.0;4.35;Càrrec;manteniment;Xino Sta.Coloma;Aixeta water;False
4302;BBVA;Compte;02/12/2024;diciembre;2024;0.0;61.6;Càrrec;despesa_general;Piscina;;False
4306;Efectiu;;03/12/2024;diciembre;2024;0.0;30.0;Càrrec;menjar;Ous casolans;;False
4307;Efectiu;;01/12/2024;diciembre;2024;0.0;12.5;Càrrec;restaurant;Restaurant;pollastre a l'ast;False
4308;Efectiu;;03/12/2024;diciembre;2024;0.0;5.0;Càrrec;personal;Jordi;;False
4309;Efectiu;;03/12/2024;diciembre;2024;0.0;2.06;Càrrec;menjar;Fruiteria Deepak;;False
4310;Efectiu;;05/12/2024;diciembre;2024;0.0;55.0;Càrrec;despesa_general;Lloguer Parking;;False
4313;BBVA;Compte;05/12/2024;diciembre;2024;0.0;40.52;Càrrec;assegurança;BBVA Asseg. Casa;;False
4314;BBVA;Compte;04/12/2024;diciembre;2024;0.0;14.63;Càrrec;assegurança;DP Morts Enric;;False
4315;BBVA;Compte;05/12/2024;diciembre;2024;0.0;210.0;Càrrec;despesa_general;PJ Isabel;;False
4316;BBVA;Compte;04/12/2024;diciembre;2024;0.0;20.98;Càrrec;assegurança;DP MP Mireia;;False
4326;Efectiu;;06/12/2024;diciembre;2024;0.0;16.0;Càrrec;menjar;Pa i pastisseria;;False
4327;Efectiu;;07/12/2024;diciembre;2024;0.0;20.0;Càrrec;manteniment;Altres mant.;Crema. Fira Vic;False
4328;Efectiu;;07/12/2024;diciembre;2024;0.0;5.0;Càrrec;manteniment;Altres mant.;Sandal. Fira Vic;False
4334;Efectiu;;08/12/2024;diciembre;2024;0.0;4.0;Càrrec;menjar;Fruiteria Deepak;;False
4335;Efectiu;;08/12/2024;diciembre;2024;0.0;8.0;Càrrec;roba;Altre roba;Mitjons;False
4336;Efectiu;;08/12/2024;diciembre;2024;0.0;3.0;Càrrec;menjar;Altres menjar;;False
4348;BBVA;Compte;17/12/2024;diciembre;2024;0.0;39.19;Càrrec;despesa_general;Lowi;;False
4349;Efectiu;;07/12/2024;diciembre;2024;0.0;7.97;Càrrec;menjar;Dia;;False
4350;Efectiu;;08/12/2024;diciembre;2024;0.0;20.0;Càrrec;personal;Jordi;;False
4352;Efectiu;;05/12/2024;diciembre;2024;0.0;4.96;Càrrec;menjar;Dia;;False
4353;Efectiu;;04/12/2024;diciembre;2024;0.0;55.0;Càrrec;despesa_general;Lloguer Parking;;False
4354;Efectiu;;04/12/2024;diciembre;2024;0.0;24.92;Càrrec;menjar;Can Rinsa;;False
4355;Efectiu;;11/12/2024;diciembre;2024;0.0;10.0;Càrrec;menjar;Can Rinsa;;False
4356;Efectiu;;11/12/2024;diciembre;2024;0.0;4.36;Càrrec;menjar;Fruiteria Deepak;;False
4351;Efectiu;;08/12/2024;diciembre;2024;0.0;13.0;Càrrec;menjar;Fruita Carmen Veina;;False
4333;Efectiu;;08/12/2024;diciembre;2024;0.0;8.6;Càrrec;menjar;Plaça;;False
4304;BBVA;Dèbit;02/12/2024;diciembre;2024;0.0;5.64;Càrrec;menjar;Dia;;False
4305;BBVA;Dèbit;02/12/2024;diciembre;2024;0.0;2.49;Càrrec;neteja;Dia;;False
4434;BBVA;Compte;02/01/2025;enero;2025;0.0;28.03;Càrrec;assegurança;Ocaso;;False
4372;Efectiu;;20/12/2024;diciembre;2024;0.0;40.46;Càrrec;menjar;Can Rinsa;;False
4373;Efectiu;;13/12/2024;diciembre;2024;0.0;5.8;Càrrec;menjar;Novavenda;;False
4374;Efectiu;;20/12/2024;diciembre;2024;0.0;14.79;Càrrec;menjar;Dia;;False
4375;Efectiu;;16/12/2024;diciembre;2024;0.0;1.98;Càrrec;menjar;Fruiteria Deepak;;False
4376;Efectiu;;18/12/2024;diciembre;2024;0.0;2.8;Càrrec;menjar;Pa i pastisseria;;False
4377;Efectiu;;21/12/2024;diciembre;2024;0.0;6.6;Càrrec;menjar;Fruiteria Deepak;;False
4378;Efectiu;;19/12/2024;diciembre;2024;0.0;3.0;Càrrec;personal;Jordi;;False
4379;Efectiu;;19/12/2024;diciembre;2024;0.0;20.0;Càrrec;proveidor;Prolab;Calendaris Paqui Moreno;False
4380;Efectiu;;10/12/2024;diciembre;2024;0.0;21.39;Càrrec;menjar;AreaGuissona;;False
4389;BBVA;VISA;21/12/2024;diciembre;2024;0.0;258.9;Càrrec;varis;Regal;Portàtil Jordi;False
4383;Efectiu;;21/12/2024;diciembre;2024;0.0;4.2;Càrrec;menjar;Fruiteria Deepak;;False
4384;Efectiu;;20/12/2024;diciembre;2024;0.0;15.0;Càrrec;personal;Isa;Sopar Gym;False
4385;Efectiu;;21/12/2024;diciembre;2024;0.0;3.0;Càrrec;personal;Jordi;;False
4390;BBVA;VISA;21/12/2024;diciembre;2024;0.0;20.69;Càrrec;manteniment;Aliexpress;Disc dur portàtil;False
4388;BBVA;VISA;08/12/2024;diciembre;2024;0.0;27.41;Càrrec;manteniment;Aliexpress;Aixeta Lavabo;False
4411;Efectiu;;21/12/2024;diciembre;2024;0.0;8.8;Càrrec;menjar;Pa i pastisseria;;False
4417;BBVA;Compte;30/12/2024;diciembre;2024;0.0;58.95;Càrrec;despesa_general;Endesa;;False
4418;Efectiu;;30/12/2024;diciembre;2024;0.0;15.0;Càrrec;menjar;Pa i pastisseria;;False
4420;BBVA;Compte;31/12/2024;diciembre;2024;0.0;489.43;Càrrec;despesa_general;Hipoteca;;False
4422;Efectiu;;26/12/2024;diciembre;2024;0.0;8.38;Càrrec;menjar;Dialprix;;False
4423;Efectiu;;26/12/2024;diciembre;2024;0.0;0.75;Càrrec;neteja;Dialprix;;False
4424;Efectiu;;23/12/2024;diciembre;2024;0.0;13.35;Càrrec;menjar;Dialprix;;False
4425;Efectiu;;24/12/2024;diciembre;2024;0.0;68.05;Càrrec;menjar;Aldi;;False
4426;Efectiu;;24/12/2024;diciembre;2024;0.0;0.99;Càrrec;neteja;Aldi;;False
4427;Efectiu;;26/12/2024;diciembre;2024;0.0;8.13;Càrrec;menjar;LIDL;;False
4428;Efectiu;;24/12/2024;diciembre;2024;0.0;7.78;Càrrec;menjar;Mercadona;;False
4363;BBVA;Dèbit;15/12/2024;diciembre;2024;0.0;8.36;Càrrec;neteja;Action Girona;;False
4365;BBVA;Dèbit;18/12/2024;diciembre;2024;0.0;12.45;Càrrec;menjar;Mercadona;;False
4366;BBVA;Dèbit;18/12/2024;diciembre;2024;0.0;56.85;Càrrec;restaurant;Restaurant;Can Serrallonga. Salt;False
4367;BBVA;Dèbit;19/12/2024;diciembre;2024;0.0;37.0;Càrrec;restaurant;Restaurant;Enjoy. Platja d'Aro;False
4435;BBVA;Compte;02/01/2025;enero;2025;0.0;61.6;Càrrec;despesa_general;Piscina;;False
4436;Efectiu;;03/01/2025;enero;2025;0.0;50.0;Càrrec;varis;Regal;Mireia;False
4439;Efectiu;;03/01/2025;enero;2025;0.0;10.0;Càrrec;menjar;Pa i pastisseria;;False
4441;Efectiu;;05/01/2025;enero;2025;0.0;55.0;Càrrec;despesa_general;Lloguer Parking;;False
4451;BBVA;Compte;07/01/2025;enero;2025;0.0;14.63;Càrrec;assegurança;DP Morts Enric;;False
4452;BBVA;Compte;07/01/2025;enero;2025;0.0;210.0;Càrrec;despesa_general;PJ Isabel;;False
4453;BBVA;Compte;07/01/2025;enero;2025;0.0;20.98;Càrrec;assegurança;DP MP Mireia;;False
4456;BBVA;Compte;07/01/2025;enero;2025;0.0;40.52;Càrrec;assegurança;BBVA Asseg. Casa;;False
4457;BBVA;VISA;03/01/2025;enero;2025;0.0;30.0;Càrrec;gasolina;Gasolina altres;Autopista;False
4437;Efectiu;;03/01/2025;enero;2025;0.0;50.0;Càrrec;restaurant;Restaurant;Mesón St.Jaume. Torreblanca;False
4463;Efectiu;;04/01/2025;enero;2025;0.0;5.97;Càrrec;menjar;Fruiteria Deepak;;False
4466;Efectiu;;02/01/2025;enero;2025;0.0;12.0;Càrrec;menjar;Altres menjar;Espècies La Torre;False
4465;BBVA;VISA;04/01/2025;enero;2025;0.0;30.0;Càrrec;gasolina;GasolinaAreaGuissona;;False
4468;Efectiu;;26/12/2024;diciembre;2024;0.0;13.0;Càrrec;restaurant;Restaurant;Pollastre a l'ast;False
4469;LaCaixa;Compte;08/01/2025;enero;2025;0.0;50.0;Càrrec;varis;Multa;;False
4470;Efectiu;;08/01/2025;enero;2025;0.0;5.72;Càrrec;menjar;Fruiteria Deepak;;False
4483;Efectiu;;12/01/2025;enero;2025;0.0;30.0;Càrrec;menjar;Altres menjar;;False
4488;Efectiu;;13/01/2025;enero;2025;0.0;30.0;Càrrec;menjar;Ous casolans;;False
4490;Efectiu;;12/01/2025;enero;2025;0.0;1.18;Càrrec;menjar;Fruiteria Deepak;;False
4491;Efectiu;;11/01/2025;enero;2025;0.0;12.0;Càrrec;restaurant;Restaurant;Kebab;False
4492;BBVA;Compte;14/01/2025;enero;2025;0.0;38.85;Càrrec;despesa_general;Lowi;;False
4496;Efectiu;;18/01/2025;enero;2025;0.0;6.8;Càrrec;menjar;Pa i pastisseria;;False
4497;Efectiu;;18/01/2025;enero;2025;0.0;5.4;Càrrec;menjar;Fruiteria Deepak;;False
4498;Efectiu;;18/01/2025;enero;2025;0.0;16.87;Càrrec;menjar;Can Rinsa;;False
4499;Efectiu;;17/01/2025;enero;2025;0.0;4.8;Càrrec;menjar;Pa i pastisseria;;False
4500;Efectiu;;18/01/2025;enero;2025;0.0;1.8;Càrrec;menjar;Pa i pastisseria;;False
4501;Efectiu;;16/01/2025;enero;2025;0.0;6.45;Càrrec;menjar;Novavenda;;False
4502;Efectiu;;16/01/2025;enero;2025;0.0;3.0;Càrrec;proveidor;Prolab;Fotos Paqui Moreno;False
4504;Efectiu;;18/01/2025;enero;2025;0.0;5.45;Càrrec;neteja;Clarel;;False
4505;Efectiu;;20/01/2025;enero;2025;0.0;118.0;Càrrec;rebost;Oli Jaen.MaCarmen;;False
4438;Efectiu;;03/01/2025;enero;2025;0.0;10.0;Càrrec;menjar;Plaça;;False
4442;Efectiu;;03/01/2025;enero;2025;0.0;4.86;Càrrec;menjar;Plaça;;False
4440;BBVA;Dèbit;02/01/2025;enero;2025;0.0;16.5;Càrrec;menjar;Dialprix;;False
4443;BBVA;Dèbit;02/01/2025;enero;2025;0.0;20.37;Càrrec;manteniment;LeroyMerlin;Cables llum;False
4445;BBVA;Dèbit;02/01/2025;enero;2025;0.0;44.22;Càrrec;roba;Altre roba;Woman Secret;False
4446;BBVA;Dèbit;02/01/2025;enero;2025;0.0;24.78;Càrrec;restaurant;Restaurant;McDonald's;False
4507;Efectiu;;19/01/2025;enero;2025;0.0;5.8;Càrrec;menjar;Pa i pastisseria;;False
4560;BBVA;Compte;04/02/2025;febrero;2025;0.0;27.54;Càrrec;assegurança;Ocaso;;False
4512;Efectiu;;21/01/2025;enero;2025;0.0;3.62;Càrrec;menjar;Fruiteria Deepak;;False
4572;BBVA;Compte;05/02/2025;febrero;2025;0.0;16.34;Càrrec;assegurança;DP Morts Enric;;False
4574;BBVA;Compte;05/02/2025;febrero;2025;0.0;20.98;Càrrec;assegurança;DP MP Mireia;;False
4532;BBVA;Compte;25/01/2025;enero;2025;0.0;100.0;Càrrec;varis;Regal;Cumple Àlex R.;False
4554;Efectiu;;29/01/2025;enero;2025;0.0;24.0;Càrrec;manteniment;Altres mant.;Joier Arbúcies, Joimar;False
4566;Efectiu;;04/02/2025;febrero;2025;0.0;12.0;Càrrec;roba;Altre roba;Esports Montseny. Pantaló;False
4529;Efectiu;;26/01/2025;enero;2025;0.0;1.9;Càrrec;menjar;Pa i pastisseria;;False
4530;Efectiu;;27/01/2025;enero;2025;0.0;4.43;Càrrec;menjar;Fruiteria Deepak;;False
4534;BBVA;VISA;22/01/2025;enero;2025;0.0;12.09;Càrrec;Parallar;Aliexpress;Llums escala;False
4536;Efectiu;;27/01/2025;enero;2025;0.0;2.4;Càrrec;menjar;Pa i pastisseria;;False
4537;Efectiu;;27/01/2025;enero;2025;0.0;2.9;Càrrec;menjar;Fruiteria Deepak;;False
4543;BBVA;Compte;31/01/2025;enero;2025;0.0;489.43;Càrrec;despesa_general;Hipoteca;;False
4556;Efectiu;;02/02/2025;febrero;2025;0.0;30.0;Càrrec;menjar;Ous casolans;;False
4557;Efectiu;;02/02/2025;febrero;2025;0.0;3.97;Càrrec;menjar;Fruiteria Deepak;;False
4561;BBVA;Compte;04/02/2025;febrero;2025;0.0;61.6;Càrrec;despesa_general;Piscina;;False
4562;BBVA;Compte;04/02/2025;febrero;2025;0.0;52.21;Càrrec;despesa_general;Aigua;;False
4565;Efectiu;;04/02/2025;febrero;2025;0.0;6.0;Càrrec;menjar;Fruiteria Bayes;;False
4567;Efectiu;;04/02/2025;febrero;2025;0.0;55.0;Càrrec;despesa_general;Lloguer Parking;;False
4568;Efectiu;;04/02/2025;febrero;2025;0.0;10.0;Càrrec;personal;Enric;;False
4571;BBVA;Compte;05/02/2025;febrero;2025;0.0;85.62;Càrrec;despesa_general;Endesa;;False
4573;BBVA;Compte;05/02/2025;febrero;2025;0.0;210.0;Càrrec;despesa_general;PJ Isabel;;False
4544;BBVA;Compte;31/01/2025;enero;2025;0.0;337.14;Càrrec;despesa_general;Crèdit Cotxe;;False
4528;Efectiu;;26/01/2025;enero;2025;0.0;6.8;Càrrec;menjar;Plaça;;False
4508;BBVA;Dèbit;19/01/2025;enero;2025;0.0;8.11;Càrrec;menjar;Dia;;False
4511;BBVA;Dèbit;20/01/2025;enero;2025;0.0;13.56;Càrrec;menjar;AreaGuissona;;False
4587;Efectiu;;09/02/2025;febrero;2025;0.0;13.11;Càrrec;menjar;AreaGuissona;;False
4589;Efectiu;;09/02/2025;febrero;2025;0.0;25.11;Càrrec;menjar;Fruiteria Bayes;;False
4590;Efectiu;;09/02/2025;febrero;2025;0.0;9.81;Càrrec;menjar;Fruiteria Deepak;;False
4593;BBVA;Compte;11/02/2025;febrero;2025;0.0;23.92;Càrrec;varis;Interesos;Amortització crèdit;False
4596;BBVA;VISA;08/02/2025;febrero;2025;0.0;32.99;Càrrec;Parallar;Altres mobles;Ufesa. Minipimer;False
4597;BBVA;VISA;11/02/2025;febrero;2025;0.0;21.76;Càrrec;Parallar;Aliexpress;2 Plafons cuina;False
4599;BBVA;Compte;12/02/2025;febrero;2025;0.0;38.95;Càrrec;despesa_general;Lowi;;False
4600;Efectiu;;12/02/2025;febrero;2025;0.0;5.2;Càrrec;menjar;Novavenda;;False
4598;Efectiu;;13/02/2025;febrero;2025;0.0;19.0;Càrrec;manteniment;Reparacions;Joieria Arbúcies. Esclava;False
4603;BBVA;Compte;15/02/2025;febrero;2025;0.0;5.0;Càrrec;varis;Regal;Cesc Gimnàs. Bizum;False
4608;BBVA;VISA;15/02/2025;febrero;2025;0.0;-258.9;Càrrec;varis;Regal;Abono. Portàtil Jordi;False
4642;BBVA;VISA;25/02/2025;febrero;2025;0.0;4.0;Càrrec;restaurant;Bar;Cafè jubilats;False
4606;Efectiu;;15/02/2025;febrero;2025;0.0;7.26;Càrrec;menjar;Fruiteria Deepak;;False
4607;Efectiu;;15/02/2025;febrero;2025;0.0;5.01;Càrrec;menjar;Fruiteria Bayes;;False
4609;Efectiu;;14/02/2025;febrero;2025;0.0;14.0;Càrrec;personal;Jordi;;False
4645;BBVA;VISA;25/02/2025;febrero;2025;0.0;-32.99;Càrrec;Parallar;Altres mobles;Devolució Ufesa;False
4592;BBVA;Compte;11/02/2025;febrero;2025;0.0;2000.0;Càrrec;despesa_general;Crèdit Cotxe;Amortització parcial;False
4616;BBVA;VISA;15/02/2025;febrero;2025;0.0;21.45;Càrrec;restaurant;Restaurant;Pizzeria El Niu;False
4617;BBVA;VISA;16/02/2025;febrero;2025;0.0;5.65;Càrrec;restaurant;Bar;El casino;False
4621;BBVA;VISA;19/02/2025;febrero;2025;0.0;3.0;Càrrec;restaurant;Bar;Jubilats;False
4622;BBVA;VISA;20/02/2025;febrero;2025;0.0;4.5;Càrrec;restaurant;Bar;Jubilats;False
4624;Efectiu;;21/02/2025;febrero;2025;0.0;3.07;Càrrec;menjar;Fruiteria Deepak;;False
4625;Efectiu;;22/02/2025;febrero;2025;0.0;3.05;Càrrec;menjar;Fruiteria Bayes;;False
4632;Efectiu;;22/02/2025;febrero;2025;0.0;4.3;Càrrec;menjar;Fruiteria Bayes;;False
4634;Efectiu;;24/02/2025;febrero;2025;0.0;5.6;Càrrec;menjar;Fruiteria Deepak;;False
4636;Efectiu;;25/02/2025;febrero;2025;0.0;2.95;Càrrec;menjar;Fruiteria Bayes;;False
4637;Efectiu;;25/02/2025;febrero;2025;0.0;30.0;Càrrec;roba;Altre roba;Sports Montseny;False
4643;BBVA;VISA;22/02/2025;febrero;2025;0.0;21.76;Càrrec;Parallar;Aliexpress;2 plafons menjador;False
4644;BBVA;VISA;22/02/2025;febrero;2025;0.0;27.0;Càrrec;restaurant;Restaurant;Can Puig. Dinar gym;False
4653;BBVA;Compte;28/02/2025;febrero;2025;0.0;489.43;Càrrec;despesa_general;Hipoteca;;False
4588;Efectiu;;09/02/2025;febrero;2025;0.0;9.6;Càrrec;menjar;Plaça;;False
4614;Efectiu;;16/02/2025;febrero;2025;0.0;4.8;Càrrec;menjar;Plaça;;False
4585;BBVA;Dèbit;08/02/2025;febrero;2025;0.0;17.983;Càrrec;roba;LIDL;samarreta+jaqueta EXV;False
4591;BBVA;Dèbit;10/02/2025;febrero;2025;0.0;5.53;Càrrec;neteja;Clarel;;False
4594;BBVA;Dèbit;11/02/2025;febrero;2025;0.0;1.8;Càrrec;varis;Compres: varis;Xino.Paper embolicar;False
4657;Efectiu;;28/02/2025;febrero;2025;0.0;20.0;Càrrec;personal;Enric;;False
4658;Efectiu;;28/02/2025;febrero;2025;0.0;13.0;Càrrec;menjar;Pa i pastisseria;;False
4659;Efectiu;;03/03/2025;marzo;2025;0.0;30.0;Càrrec;menjar;Ous casolans;;False
4724;T.CorteInglés;T.CorteInglés;12/03/2025;marzo;2025;0.0;39.0;Càrrec;Parallar;El Corte Inglés;Minipimer Solac (conjunt);False
4667;BBVA;Compte;03/03/2025;marzo;2025;0.0;27.54;Càrrec;assegurança;Ocaso;;False
4680;BBVA;Compte;06/03/2025;marzo;2025;0.0;40.52;Càrrec;assegurança;BBVA Asseg. Casa;;False
4668;BBVA;Compte;03/03/2025;marzo;2025;0.0;61.6;Càrrec;despesa_general;Piscina;;False
4681;BBVA;Compte;06/03/2025;marzo;2025;0.0;16.0;Càrrec;assegurança;DP Morts Enric;;False
4683;BBVA;Compte;06/03/2025;marzo;2025;0.0;20.98;Càrrec;assegurança;DP MP Mireia;;False
4699;Efectiu;;06/03/2025;marzo;2025;0.0;9.87;Càrrec;farmàcia;Farmàcia;;False
4672;Efectiu;;28/02/2025;febrero;2025;0.0;9.39;Càrrec;menjar;Fruiteria Deepak;;False
4675;BBVA;Compte;04/03/2025;marzo;2025;0.0;115.65;Càrrec;despesa_general;Endesa;;False
4662;BBVA;Dèbit;03/03/2025;marzo;2025;0.0;34.7;Càrrec;restaurant;Restaurant;L'Olivera. Palamós;False
4677;BBVA;Compte;28/02/2025;febrero;2025;0.0;58.6;Càrrec;restaurant;Restaurant;Buffet La llarga. Girona;False
4682;BBVA;Compte;06/03/2025;marzo;2025;0.0;210.0;Càrrec;despesa_general;PJ Isabel;;False
4688;BBVA;VISA;27/02/2025;febrero;2025;0.0;3.4;Càrrec;restaurant;Bar;jubilats;False
4689;BBVA;VISA;04/03/2025;marzo;2025;0.0;3.3;Càrrec;restaurant;Bar;jubilats;False
4690;BBVA;VISA;06/03/2025;marzo;2025;0.0;7.0;Càrrec;menjar;Pa i pastisseria;;False
4691;BBVA;VISA;06/03/2025;marzo;2025;0.0;13.69;Càrrec;varis;Regal;Clarel. Cumple Isa;False
4692;BBVA;VISA;06/03/2025;marzo;2025;0.0;4.39;Càrrec;varis;Regal;Novavenda. Rafaelo Isa;False
4693;BBVA;VISA;06/03/2025;marzo;2025;0.0;27.0;Càrrec;varis;Regal;Sports. Jaqueta Isa;False
4694;Efectiu;;01/03/2025;marzo;2025;0.0;12.5;Càrrec;menjar;Pa i pastisseria;;False
4695;Efectiu;;05/03/2025;marzo;2025;0.0;6.4;Càrrec;menjar;Pa i pastisseria;;False
4696;Efectiu;;05/03/2025;marzo;2025;0.0;2.44;Càrrec;menjar;Novavenda;;False
4697;Efectiu;;05/03/2025;marzo;2025;0.0;2.34;Càrrec;neteja;Novavenda;;False
4698;Efectiu;;06/03/2025;marzo;2025;0.0;5.16;Càrrec;menjar;Fruiteria Deepak;;False
4703;Efectiu;;09/03/2025;marzo;2025;0.0;14.98;Càrrec;menjar;Peixeteria;;False
4705;Efectiu;;09/03/2025;marzo;2025;0.0;3.2;Càrrec;menjar;Fruiteria Deepak;;False
4706;Efectiu;;09/03/2025;marzo;2025;0.0;4.0;Càrrec;menjar;Pa i pastisseria;;False
4726;BBVA;VISA;10/03/2025;marzo;2025;0.0;3.4;Càrrec;restaurant;Bar;jubilats;False
4704;Efectiu;;09/03/2025;marzo;2025;0.0;8.3;Càrrec;menjar;Plaça;;False
4660;BBVA;Dèbit;28/02/2025;febrero;2025;0.0;12.67;Càrrec;menjar;Mercadona;;False
4661;BBVA;Dèbit;28/02/2025;febrero;2025;0.0;14.68;Càrrec;menjar;Dia;;False
4727;BBVA;VISA;13/03/2025;marzo;2025;0.0;3.4;Càrrec;restaurant;Bar;jubilats;False
4728;Efectiu;;14/03/2025;marzo;2025;0.0;55.0;Càrrec;despesa_general;Lloguer Parking;;False
4729;Efectiu;;14/03/2025;marzo;2025;0.0;20.0;Càrrec;personal;Jordi;carnaval + drissa 14/03/25;False
4730;Efectiu;;12/03/2025;marzo;2025;0.0;5.0;Càrrec;restaurant;Bar;Sta. Caterina . Isa;False
4731;Efectiu;;10/03/2025;marzo;2025;0.0;3.5;Càrrec;menjar;Fruiteria Bayes;;False
4732;Efectiu;;13/03/2025;marzo;2025;0.0;12.58;Càrrec;menjar;Peixeteria;;False
4735;BBVA;Compte;14/03/2025;marzo;2025;0.0;1.29;Càrrec;manteniment;Xino Sta.Coloma;Cola flexible;False
4736;BBVA;Compte;17/03/2025;marzo;2025;0.0;1.76;Càrrec;varis;Impost;;False
4733;T.CorteInglés;T.CorteInglés;12/03/2025;marzo;2025;0.0;18.27;Càrrec;rebost;El Corte Inglés;;False
4770;BBVA;Compte;24/03/2025;marzo;2025;50.0;0.0;Càrrec;ingrés_general;Hisenda 50 2;;False
4744;Efectiu;;17/03/2025;marzo;2025;0.0;3.56;Càrrec;menjar;Dia;;False
4745;Efectiu;;14/03/2025;marzo;2025;0.0;3.85;Càrrec;menjar;Novavenda;;False
4752;Efectiu;;18/03/2025;marzo;2025;0.0;6.79;Càrrec;menjar;Fruiteria Deepak;;False
4754;BBVA;VISA;20/03/2025;marzo;2025;0.0;4.88;Càrrec;manteniment;Aliexpress;Carxofa dutxa;False
4765;Efectiu;;22/03/2025;marzo;2025;0.0;2.5;Càrrec;menjar;Fruiteria Bayes;;False
4766;Efectiu;;22/03/2025;marzo;2025;0.0;3.0;Càrrec;roba;Altre roba;Canvi Sports Montseny;False
4767;Efectiu;;22/03/2025;marzo;2025;0.0;4.5;Càrrec;menjar;Fruiteria Bayes;;False
4772;BBVA;VISA;24/03/2025;marzo;2025;0.0;15.19;Càrrec;manteniment;Aliexpress;Aixeta lavabo;False
4784;BBVA;Compte;27/03/2025;marzo;2025;0.0;300.0;Càrrec;varis;Regal;TV. + part joies;False
4787;Efectiu;;27/03/2025;marzo;2025;0.0;10.03;Càrrec;menjar;Fruiteria Deepak;;False
4788;Efectiu;;27/03/2025;marzo;2025;0.0;1.69;Càrrec;menjar;Fruiteria Bayes;;False
4789;Efectiu;;27/03/2025;marzo;2025;0.0;7.0;Càrrec;personal;Jordi;;False
4790;Efectiu;;27/03/2025;marzo;2025;0.0;3.0;Càrrec;menjar;Pa i pastisseria;;False
4793;BBVA;Compte;01/04/2025;marzo;2025;0.0;72.01;Càrrec;despesa_general;Endesa;;False
4795;Efectiu;;29/03/2025;marzo;2025;0.0;12.79;Càrrec;menjar;Can Rinsa;;False
4797;Efectiu;;28/03/2025;marzo;2025;0.0;3.55;Càrrec;menjar;Fruiteria Deepak;;False
4796;Efectiu;;30/03/2025;marzo;2025;0.0;7.0;Càrrec;menjar;Plaça;;False
4734;BBVA;Dèbit;14/03/2025;marzo;2025;0.0;54.65;Càrrec;gasolina;GasolinaAreaGuissona;;False
4799;BBVA;Compte;31/03/2025;marzo;2025;0.0;489.43;Càrrec;despesa_general;Hipoteca;;False
4804;BBVA;Compte;01/04/2025;abril;2025;0.0;66.52;Càrrec;despesa_general;Piscina;;False
4803;BBVA;Compte;01/04/2025;abril;2025;0.0;27.54;Càrrec;assegurança;Ocaso;;False
4810;BBVA;Compte;03/04/2025;abril;2025;0.0;22.29;Càrrec;assegurança;DP MP Mireia;;False
4809;BBVA;Compte;03/04/2025;abril;2025;0.0;210.0;Càrrec;despesa_general;PJ Isabel;;False
4817;BBVA;Compte;04/04/2025;abril;2025;0.0;40.52;Càrrec;assegurança;BBVA Asseg. Casa;;False
4820;BBVA;Compte;04/04/2025;abril;2025;0.0;16.0;Càrrec;assegurança;DP Morts Enric;;False
4814;Efectiu;;05/04/2025;abril;2025;0.0;3.0;Càrrec;menjar;Pa i pastisseria;;False
4815;Efectiu;;05/04/2025;abril;2025;0.0;2.2;Càrrec;menjar;Fruiteria Deepak;;False
4816;Efectiu;;03/04/2025;abril;2025;0.0;5.0;Càrrec;personal;Jordi;;False
4866;BBVA;VISA;15/04/2025;abril;2025;0.0;3.78;Càrrec;Parallar;Action Girona;2 plats grissos;False
4827;Efectiu;;05/04/2025;abril;2025;0.0;2.1;Càrrec;menjar;Pa i pastisseria;;False
4828;Efectiu;;05/04/2025;abril;2025;0.0;22.84;Càrrec;menjar;AreaGuissona;;False
4829;Efectiu;;05/04/2025;abril;2025;0.0;5.0;Càrrec;roba;Altre roba;Sports Montsent. Bambes Jordi;False
4833;Efectiu;;06/04/2025;abril;2025;0.0;30.0;Càrrec;menjar;Ous casolans;;False
4835;Efectiu;;06/04/2025;abril;2025;0.0;55.0;Càrrec;despesa_general;Lloguer Parking;;False
4838;Efectiu;;10/04/2025;abril;2025;0.0;5.7;Càrrec;menjar;Fruiteria Deepak;;False
4839;Efectiu;;10/04/2025;abril;2025;0.0;4.0;Càrrec;menjar;Fruiteria Bayes;;False
4840;Efectiu;;07/04/2025;abril;2025;0.0;0.8;Càrrec;menjar;Fruiteria Deepak;;False
4841;BBVA;Compte;10/04/2025;abril;2025;0.0;12.0;Càrrec;varis;Jubilats Isa;;False
4842;BBVA;Compte;10/04/2025;abril;2025;0.0;12.0;Càrrec;varis;Jubilats Enric;;False
4843;BBVA;VISA;26/03/2025;marzo;2025;0.0;3.4;Càrrec;restaurant;Bar;jubilats;False
4849;Efectiu;;14/04/2025;abril;2025;0.0;5.85;Càrrec;menjar;Fruiteria Deepak;;False
4850;Efectiu;;14/04/2025;abril;2025;0.0;4.0;Càrrec;personal;Jordi;;False
4851;BBVA;Compte;14/04/2025;abril;2025;0.0;38.85;Càrrec;despesa_general;Lowi;;False
4857;BBVA;VISA;15/04/2025;abril;2025;0.0;3.4;Càrrec;restaurant;Bar;jubilats;False
4864;BBVA;VISA;15/04/2025;abril;2025;0.0;11.97;Càrrec;menjar;Action Girona;;False
4865;BBVA;VISA;15/04/2025;abril;2025;0.0;9.46;Càrrec;neteja;Action Girona;;False
4867;BBVA;VISA;15/04/2025;abril;2025;0.0;11.95;Càrrec;manteniment;Action Girona;Pistora aire calent;False
4868;BBVA;VISA;15/04/2025;abril;2025;0.0;62.9;Càrrec;roba;Zara;Isabel. Casament Santi;False
4800;BBVA;Compte;31/03/2025;marzo;2025;0.0;337.14;Càrrec;despesa_general;Crèdit Cotxe;;False
4834;Efectiu;;06/04/2025;abril;2025;0.0;8.3;Càrrec;menjar;Plaça;;False
4844;Efectiu;;11/04/2025;abril;2025;0.0;3.55;Càrrec;menjar;Poste Valls.Arbúcies;;False
4805;BBVA;Dèbit;01/04/2025;abril;2025;0.0;99.19;Càrrec;menjar;LIDL;;False
4806;BBVA;Dèbit;02/04/2025;abril;2025;0.0;56.26;Càrrec;manteniment;LeroyMerlin;vinilic+endolls;False
4870;Efectiu;;16/04/2025;abril;2025;0.0;5.32;Càrrec;menjar;Peixeteria;;False
4871;Efectiu;;17/04/2025;abril;2025;0.0;7.4;Càrrec;menjar;Fruiteria Bayes;;False
4913;T.CorteInglés;T.CorteInglés;26/04/2025;abril;2025;0.0;183.0;Càrrec;roba;El Corte Inglés;Casament Santi.;False
4938;BBVA;Compte;02/05/2025;mayo;2025;0.0;27.54;Càrrec;assegurança;Ocaso;;False
4875;BBVA;VISA;19/04/2025;abril;2025;0.0;6.15;Càrrec;manteniment;Aliexpress;passamurs sostre;False
4876;Efectiu;;17/04/2025;abril;2025;0.0;5.3;Càrrec;menjar;Fruiteria Deepak;;False
4877;Efectiu;;18/04/2025;abril;2025;0.0;115.47;Càrrec;rebost;Vents i Marees;;False
4878;Efectiu;;18/04/2025;abril;2025;0.0;39.0;Càrrec;restaurant;Restaurant;Fira Medieval Hostalric;False
4879;BBVA;VISA;19/04/2025;abril;2025;0.0;26.8;Càrrec;varis;Regal;Rosa Sant Jordi Mireia;False
4880;Efectiu;;19/04/2025;abril;2025;0.0;13.0;Càrrec;menjar;AreaGuissona;;False
4881;Efectiu;;19/04/2025;abril;2025;0.0;7.72;Càrrec;neteja;AreaGuissona;;False
4883;Efectiu;;20/04/2025;abril;2025;0.0;40.0;Càrrec;restaurant;Restaurant;Fira mediaval. Hostalric;False
4885;Efectiu;;21/04/2025;abril;2025;0.0;1.4;Càrrec;menjar;Fruiteria Bayes;;False
4916;LaCaixa;Compte;25/04/2025;abril;2025;119.67;0.0;Càrrec;ingrés_general;Complement Generalitat;;False
4882;Efectiu;;20/04/2025;abril;2025;0.0;20.0;Càrrec;restaurant;Restaurant;Palamós. Casa Pepe;False
4918;BBVA;VISA;27/04/2025;abril;2025;0.0;-22.95;Càrrec;roba;Zara;Devolució xal;False
4884;Efectiu;;20/04/2025;abril;2025;0.0;14.0;Càrrec;restaurant;Restaurant;Gelats Palamós;False
4901;Efectiu;;23/04/2025;abril;2025;0.0;16.0;Càrrec;varis;Llibres;Llibra Jordi+rosa;False
4902;Efectiu;;23/04/2025;abril;2025;0.0;9.0;Càrrec;restaurant;Restaurant;99 Cheesecake;False
4903;Efectiu;;24/04/2025;abril;2025;0.0;4.0;Càrrec;personal;Jordi;;False
4904;Efectiu;;24/04/2025;abril;2025;0.0;5.0;Càrrec;personal;Enric;;False
4911;Efectiu;;25/04/2025;abril;2025;0.0;6.17;Càrrec;menjar;Fruiteria Bayes;;False
4924;Efectiu;;27/04/2025;abril;2025;0.0;2.1;Càrrec;menjar;Pa i pastisseria;;False
4925;Efectiu;;28/04/2025;abril;2025;0.0;2.9;Càrrec;menjar;Fruiteria Deepak;;False
4926;Efectiu;;28/04/2025;abril;2025;0.0;15.06;Càrrec;menjar;Can Rinsa;;False
4927;Efectiu;;27/04/2025;abril;2025;0.0;2.8;Càrrec;menjar;Pa i pastisseria;;False
4930;BBVA;Compte;01/05/2025;mayo;2025;0.0;51.12;Càrrec;despesa_general;Endesa;;False
4931;Efectiu;;28/04/2025;abril;2025;0.0;21.25;Càrrec;menjar;Dia;;False
4933;BBVA;Compte;30/04/2025;abril;2025;0.0;489.43;Càrrec;despesa_general;Hipoteca;;False
4939;BBVA;Compte;02/05/2025;mayo;2025;0.0;66.52;Càrrec;despesa_general;Piscina;;False
4941;Efectiu;;01/05/2025;mayo;2025;0.0;3.5;Càrrec;menjar;Fruiteria Bayes;;False
4942;Efectiu;;02/05/2025;mayo;2025;0.0;2.1;Càrrec;menjar;Pa i pastisseria;;False
4943;Efectiu;;01/05/2025;mayo;2025;0.0;3.91;Càrrec;menjar;Fruiteria Deepak;;False
4923;Efectiu;;27/04/2025;abril;2025;0.0;11.0;Càrrec;menjar;Plaça;;False
4869;BBVA;Dèbit;17/04/2025;abril;2025;0.0;2.1;Càrrec;menjar;Pa i pastisseria;;False
4944;Efectiu;;02/05/2025;mayo;2025;0.0;7.5;Càrrec;menjar;Can Rinsa;;False
4947;Efectiu;;04/05/2025;mayo;2025;0.0;7.95;Càrrec;menjar;Fruiteria Bayes;;False
4948;Efectiu;;04/05/2025;mayo;2025;0.0;11.96;Càrrec;menjar;Pa i pastisseria;;False
4949;Efectiu;;05/05/2025;mayo;2025;0.0;30.0;Càrrec;menjar;Ous casolans;;False
4950;Efectiu;;04/05/2025;mayo;2025;0.0;5.64;Càrrec;menjar;Fruiteria Deepak;;False
4953;BBVA;Compte;07/05/2025;mayo;2025;0.0;40.52;Càrrec;assegurança;BBVA Asseg. Casa;;False
4952;Efectiu;;05/05/2025;mayo;2025;0.0;55.0;Càrrec;despesa_general;Lloguer Parking;;False
4955;BBVA;Compte;07/05/2025;mayo;2025;0.0;210.0;Càrrec;despesa_general;PJ Isabel;;False
4957;Efectiu;;07/05/2025;mayo;2025;0.0;3.9;Càrrec;menjar;Pa i pastisseria;;False
4954;BBVA;Compte;07/05/2025;mayo;2025;0.0;16.0;Càrrec;assegurança;DP Morts Enric;;False
4956;BBVA;Compte;07/05/2025;mayo;2025;0.0;21.62;Càrrec;assegurança;DP MP Mireia;;False
4963;Efectiu;;07/05/2025;mayo;2025;0.0;19.0;Càrrec;butà;Butà reparto;;False
4983;BBVA;VISA;12/05/2025;mayo;2025;0.0;103.31;Càrrec;manteniment;Emmcat Constr.;Pedra+rasilla+geotèxtil;False
4965;BBVA;Compte;08/05/2025;mayo;2025;0.0;77.56;Càrrec;despesa_general;Aigua;;False
5013;BBVA;VISA;16/05/2025;mayo;2025;0.0;283.2;Càrrec;manteniment;Reparacions cotxe;Revisió Tivoli Girona;False
4969;Efectiu;;09/05/2025;mayo;2025;0.0;2.9;Càrrec;menjar;Fruiteria Bayes;;False
4970;Efectiu;;09/05/2025;mayo;2025;0.0;4.95;Càrrec;menjar;Fruiteria Deepak;;False
4971;Efectiu;;09/05/2025;mayo;2025;0.0;8.0;Càrrec;personal;Jordi;;False
5047;Efectiu;;25/05/2025;mayo;2025;0.0;3.6;Càrrec;menjar;Pa i pastisseria;;False
4973;BBVA;VISA;10/05/2025;mayo;2025;0.0;28.72;Càrrec;manteniment;LeroyMerlin;2 ciment cola+ 2 cal+ 2 pedra;False
4974;BBVA;VISA;10/05/2025;mayo;2025;0.0;7.78;Càrrec;manteniment;Bauhaus;mecanisme persiana;False
4975;BBVA;VISA;10/05/2025;mayo;2025;0.0;6.43;Càrrec;manteniment;Aliexpress;soport tele;False
4981;BBVA;Compte;12/05/2025;mayo;2025;0.0;26.45;Càrrec;despesa_general;Lowi;;False
4986;Efectiu;;12/05/2025;mayo;2025;0.0;13.93;Càrrec;menjar;Dia;;False
4987;Efectiu;;13/05/2025;mayo;2025;0.0;5.0;Càrrec;personal;Jordi;;False
4988;Efectiu;;11/05/2025;mayo;2025;0.0;5.86;Càrrec;menjar;Novavenda;;False
4989;Efectiu;;23/04/2025;abril;2025;0.0;15.44;Càrrec;menjar;Can Rinsa;;False
4990;Efectiu;;11/05/2025;mayo;2025;0.0;4.79;Càrrec;menjar;Fruiteria Bayes;;False
4999;Efectiu;;15/05/2025;mayo;2025;0.0;17.11;Càrrec;menjar;AreaGuissona;;False
5007;Efectiu;;18/05/2025;mayo;2025;0.0;2.1;Càrrec;menjar;Pa i pastisseria;;False
5009;Efectiu;;18/05/2025;mayo;2025;0.0;4.9;Càrrec;menjar;Novavenda;;False
5010;Efectiu;;16/05/2025;mayo;2025;0.0;6.62;Càrrec;menjar;AreaGuissona;;False
5014;BBVA;VISA;18/05/2025;mayo;2025;0.0;13.37;Càrrec;Parallar;Aliexpress;2 llinternes + hub zigbee;False
5006;Efectiu;;18/05/2025;mayo;2025;0.0;8.3;Càrrec;menjar;Plaça;;False
4945;BBVA;Dèbit;04/05/2025;mayo;2025;0.0;13.69;Càrrec;menjar;AreaGuissona;;False
5089;BBVA;Compte;02/06/2025;junio;2025;0.0;27.54;Càrrec;assegurança;Ocaso;;False
5017;BBVA;Dèbit;19/05/2025;mayo;2025;0.0;14.85;Càrrec;varis;Transport;Bo Autubús Jordi;False
5016;BBVA;Dèbit;19/05/2025;mayo;2025;0.0;23.79;Càrrec;manteniment;LeroyMerlin;3 Morter calç + 3 ciment cola;False
5044;Efectiu;;25/05/2025;mayo;2025;0.0;12.0;Càrrec;restaurant;Restaurant;Pollastre a l'ast;False
5045;Efectiu;;24/05/2025;mayo;2025;0.0;4.8;Càrrec;menjar;Fruiteria Bayes;;False
5046;Efectiu;;24/05/2025;mayo;2025;0.0;5.4;Càrrec;menjar;Novavenda;;False
5048;Efectiu;;23/05/2025;mayo;2025;0.0;10.0;Càrrec;personal;Jordi;;False
5050;Efectiu;;24/05/2025;mayo;2025;0.0;4.52;Càrrec;neteja;Clarel;;False
5051;Efectiu;;24/05/2025;mayo;2025;0.0;2.1;Càrrec;menjar;Pa i pastisseria;;False
5052;Efectiu;;25/05/2025;mayo;2025;0.0;3.3;Càrrec;menjar;Fruiteria Bayes;;False
5053;Efectiu;;25/05/2025;mayo;2025;0.0;3.8;Càrrec;menjar;Fruiteria Deepak;;False
5065;BBVA;Compte;28/05/2025;mayo;2025;0.0;20.0;Càrrec;varis;Bizum;Mireia. Crema cara;False
5067;Efectiu;;28/05/2025;mayo;2025;0.0;3.9;Càrrec;menjar;Pa i pastisseria;;False
5068;Efectiu;;29/05/2025;mayo;2025;0.0;23.76;Càrrec;varis;Extra;1a. Quota Piscina Jordi;False
5073;Efectiu;;30/05/2025;mayo;2025;0.0;4.15;Càrrec;menjar;Novavenda;;False
5075;Efectiu;;28/05/2025;mayo;2025;0.0;3.2;Càrrec;menjar;Pa i pastisseria;;False
5076;Efectiu;;30/05/2025;mayo;2025;0.0;5.0;Càrrec;varis;Regal;Despedida Adam Piscina;False
5077;Efectiu;;30/05/2025;mayo;2025;0.0;4.2;Càrrec;menjar;Pa i pastisseria;;False
5078;Efectiu;;01/06/2025;junio;2025;0.0;30.0;Càrrec;menjar;Ous casolans;;False
5084;BBVA;Compte;01/06/2025;junio;2025;0.0;23.33;Càrrec;despesa_general;Endesa;;False
5085;BBVA;Compte;31/05/2025;mayo;2025;0.0;489.43;Càrrec;despesa_general;Hipoteca;;False
5090;BBVA;Compte;02/06/2025;junio;2025;0.0;66.52;Càrrec;despesa_general;Piscina;;False
5094;Efectiu;;02/06/2025;junio;2025;0.0;7.9;Càrrec;menjar;Can Rinsa;;False
5101;BBVA;Compte;04/06/2025;junio;2025;0.0;210.0;Càrrec;despesa_general;PJ Isabel;;False
5104;Efectiu;;01/06/2025;junio;2025;0.0;96.0;Càrrec;restaurant;Restaurant;Can Puig;False
5105;Efectiu;;05/06/2025;junio;2025;0.0;55.0;Càrrec;despesa_general;Lloguer Parking;;False
5106;Efectiu;;04/06/2025;junio;2025;0.0;16.55;Càrrec;menjar;AreaGuissona;;False
5109;Efectiu;;06/06/2025;junio;2025;0.0;3.8;Càrrec;menjar;Fruiteria Deepak;;False
5098;BBVA;Compte;04/06/2025;junio;2025;0.0;40.52;Càrrec;assegurança;BBVA Asseg. Casa;;False
5099;BBVA;Compte;04/06/2025;junio;2025;0.0;16.0;Càrrec;assegurança;DP Morts Enric;;False
5100;BBVA;Compte;04/06/2025;junio;2025;0.0;21.62;Càrrec;assegurança;DP MP Mireia;;False
5126;BBVA;Compte;13/06/2025;junio;2025;0.0;270.29;Càrrec;assegurança;Assegurança Cotxe;DP;False
5159;Efectiu;;23/06/2025;junio;2025;0.0;15.95;Càrrec;farmàcia;Farmàcia;;False
5115;Efectiu;;10/06/2025;junio;2025;0.0;50.0;Càrrec;restaurant;Restaurant;Esmorzar Walking Pineda;False
5117;BBVA;VISA;11/06/2025;junio;2025;0.0;178.79;Càrrec;proveidor;Exaprint;Estovalles Xarrup 3000;False
5120;Efectiu;;13/06/2025;junio;2025;0.0;5.0;Càrrec;personal;Jordi;;False
5119;Efectiu;;13/06/2025;junio;2025;0.0;6.0;Càrrec;varis;Loteria;ESO Arbúcies;False
5148;BBVA;VISA;20/06/2025;junio;2025;0.0;11.65;Càrrec;menjar;Pa i pastisseria;Sopar ve├»ns.  5 rodó;False
5122;BBVA;Compte;12/06/2025;junio;2025;0.0;39.4;Càrrec;despesa_general;Lowi;Aplicat Abonament;False
5174;Efectiu;;26/06/2025;junio;2025;0.0;47.4;Càrrec;restaurant;Restaurant;Arròs Jubilats 5p.(Manolo);False
5129;BBVA;VISA;14/06/2025;junio;2025;0.0;35.62;Càrrec;menjar;Dia;;False
5130;BBVA;VISA;14/06/2025;junio;2025;0.0;3.88;Càrrec;neteja;Dia;;False
5131;Efectiu;;13/06/2025;junio;2025;0.0;3.99;Càrrec;menjar;Fruiteria Deepak;;False
5132;Efectiu;;13/06/2025;junio;2025;0.0;19.5;Càrrec;varis;Transport;Targeta Bus Girona;False
5133;Efectiu;;16/06/2025;junio;2025;0.0;5.0;Càrrec;varis;Expectacles/Teatre;Enrramades;False
5138;Efectiu;;15/06/2025;junio;2025;0.0;2.92;Càrrec;menjar;Dia;;False
5139;Efectiu;;18/06/2025;junio;2025;0.0;6.0;Càrrec;menjar;Emili Walking;;False
5140;Efectiu;;14/06/2025;junio;2025;0.0;4.0;Càrrec;menjar;Pa i pastisseria;;False
5147;BBVA;VISA;16/06/2025;junio;2025;0.0;18.7;Càrrec;restaurant;Restaurant;La Trona. Jordi i Isabel;False
5149;BBVA;VISA;20/06/2025;junio;2025;0.0;22.49;Càrrec;menjar;Mercadona;;False
5150;Efectiu;;20/06/2025;junio;2025;0.0;4.3;Càrrec;menjar;Fruiteria Bayes;;False
5151;Efectiu;;20/06/2025;junio;2025;0.0;7.0;Càrrec;restaurant;Restaurant;Butifarrada;False
5152;BBVA;VISA;20/06/2025;junio;2025;0.0;12.16;Càrrec;menjar;Dia;;False
5153;BBVA;VISA;21/06/2025;junio;2025;0.0;22.52;Càrrec;menjar;AreaGuissona;;False
5154;Efectiu;;21/06/2025;junio;2025;0.0;8.0;Càrrec;menjar;Emili Walking;;False
5155;Efectiu;;22/06/2025;junio;2025;0.0;5.18;Càrrec;menjar;Dia;;False
5156;BBVA;VISA;21/06/2025;junio;2025;0.0;39.98;Càrrec;Parallar;LIDL;Aspirador;False
5160;Efectiu;;23/06/2025;junio;2025;0.0;2.27;Càrrec;menjar;Fruiteria Deepak;;False
5161;Efectiu;;23/06/2025;junio;2025;0.0;9.48;Càrrec;menjar;Dia;;False
5166;BBVA;Compte;25/06/2025;junio;2025;0.0;12.0;Càrrec;despesa_general;Oncolliga;;False
5167;Efectiu;;24/06/2025;junio;2025;0.0;15.91;Càrrec;menjar;Can Rinsa;;False
5168;Efectiu;;24/06/2025;junio;2025;0.0;10.5;Càrrec;menjar;Novavenda;;False
5169;Efectiu;;24/06/2025;junio;2025;0.0;9.08;Càrrec;menjar;Dia;;False
5175;Efectiu;;29/06/2025;junio;2025;0.0;3.9;Càrrec;menjar;Pa i pastisseria;;False
5176;Efectiu;;29/06/2025;junio;2025;0.0;9.3;Càrrec;menjar;Plaça;;False
5096;BBVA;Dèbit;02/06/2025;junio;2025;0.0;51.2;Càrrec;roba;Altre roba;sabates La Roca;False
5103;BBVA;Dèbit;05/06/2025;junio;2025;0.0;16.09;Càrrec;menjar;Dia;;False
5177;Efectiu;;29/06/2025;junio;2025;0.0;10.96;Càrrec;menjar;Dia;;False
5178;BBVA;VISA;28/06/2025;junio;2025;0.0;21.71;Càrrec;menjar;AreaGuissona;;False
5179;BBVA;VISA;28/06/2025;junio;2025;0.0;0.95;Càrrec;neteja;AreaGuissona;;False
5180;BBVA;Compte;30/06/2025;junio;2025;0.0;489.43;Càrrec;despesa_general;Hipoteca;;False
5182;BBVA;Compte;01/07/2025;julio;2025;0.0;22.49;Càrrec;despesa_general;Endesa;;False
5186;BBVA;Compte;01/07/2025;julio;2025;0.0;90.28;Càrrec;despesa_general;Piscina;;False
5187;BBVA;VISA;30/06/2025;junio;2025;0.0;19.83;Càrrec;manteniment;Temu;45┬║ rajola+auricolars+pasta fugues;False
5188;BBVA;VISA;30/06/2025;junio;2025;0.0;19.14;Càrrec;menjar;Dia;;False
5189;BBVA;VISA;01/07/2025;julio;2025;0.0;16.01;Càrrec;menjar;AreaGuissona;;False
5190;Efectiu;;03/07/2025;julio;2025;0.0;6.44;Càrrec;menjar;Dia;;False
5191;Efectiu;;02/07/2025;julio;2025;0.0;4.18;Càrrec;neteja;Clarel;;False
5192;Efectiu;;02/07/2025;julio;2025;0.0;15.35;Càrrec;menjar;AreaGuissona;;False
5193;Efectiu;;03/07/2025;julio;2025;0.0;8.0;Càrrec;menjar;Emili Walking;;False
5195;Efectiu;;03/07/2025;julio;2025;0.0;2.4;Càrrec;menjar;Pa i pastisseria;;False
5199;BBVA;Compte;04/07/2025;julio;2025;0.0;210.0;Càrrec;despesa_general;PJ Isabel;;False
5201;BBVA;VISA;04/07/2025;julio;2025;0.0;1.8;Càrrec;varis;Parking;Sta. Caterina;False
5202;BBVA;VISA;04/07/2025;julio;2025;0.0;48.62;Càrrec;gasolina;GasolinaAreaGuissona;;False
5204;Efectiu;;04/07/2025;julio;2025;0.0;7.71;Càrrec;menjar;Novavenda;;False
5205;Efectiu;;04/07/2025;julio;2025;0.0;6.0;Càrrec;personal;Jordi;;False
5209;BBVA;VISA;06/07/2025;julio;2025;0.0;19.48;Càrrec;menjar;AreaGuissona;;False
5210;Efectiu;;06/07/2025;julio;2025;0.0;3.59;Càrrec;menjar;Fruiterra;;False
5211;Efectiu;;06/07/2025;julio;2025;0.0;9.75;Càrrec;menjar;Novavenda;;False
5212;Efectiu;;06/07/2025;julio;2025;0.0;8.05;Càrrec;menjar;Pa i pastisseria;;False
5213;Efectiu;;07/07/2025;julio;2025;0.0;55.0;Càrrec;despesa_general;Lloguer Parking;;False
5214;Efectiu;;08/07/2025;julio;2025;0.0;30.0;Càrrec;menjar;Ous casolans;;False
5215;BBVA;VISA;08/07/2025;julio;2025;0.0;14.46;Càrrec;menjar;Mercadona;;False
5216;BBVA;VISA;08/07/2025;julio;2025;0.0;8.15;Càrrec;neteja;Mercadona;;False
5217;BBVA;VISA;09/07/2025;julio;2025;0.0;14.39;Càrrec;menjar;AreaGuissona;;False
5218;BBVA;VISA;09/07/2025;julio;2025;0.0;4.05;Càrrec;neteja;AreaGuissona;;False
5219;Efectiu;;09/07/2025;julio;2025;0.0;3.4;Càrrec;menjar;Fruiteria Bayes;;False
5220;Efectiu;;09/07/2025;julio;2025;0.0;4.0;Càrrec;menjar;Emili Walking;;False
5221;Efectiu;;08/07/2025;julio;2025;0.0;6.9;Càrrec;restaurant;Bar;esmorzar Isa-Jordi;False
5222;Efectiu;;08/07/2025;julio;2025;0.0;8.0;Càrrec;roba;Altre roba;Kiabi Girona;False
5223;BBVA;VISA;10/07/2025;julio;2025;0.0;2.4;Càrrec;menjar;Pa i pastisseria;;False
5185;BBVA;Compte;01/07/2025;julio;2025;0.0;27.54;Càrrec;assegurança;Ocaso;;False
5227;BBVA;VISA;10/07/2025;julio;2025;0.0;7.74;Càrrec;menjar;Novavenda;;False
5228;BBVA;VISA;10/07/2025;julio;2025;0.0;19.35;Càrrec;rebost;Novavenda;;False
5229;BBVA;VISA;10/07/2025;julio;2025;0.0;10.25;Càrrec;neteja;Novavenda;;False
5230;Efectiu;;10/07/2025;julio;2025;0.0;5.0;Càrrec;personal;Jordi;;False
5196;BBVA;Compte;04/07/2025;julio;2025;0.0;40.52;Càrrec;assegurança;BBVA Asseg. Casa;;False
5232;BBVA;VISA;10/07/2025;julio;2025;0.0;3.4;Càrrec;restaurant;Bar;jubilats;False
5234;BBVA;VISA;12/07/2025;julio;2025;0.0;31.53;Càrrec;menjar;Dia;;False
5235;Efectiu;;10/07/2025;julio;2025;0.0;2.1;Càrrec;menjar;Pa i pastisseria;;False
5236;Efectiu;;13/07/2025;julio;2025;0.0;2.0;Càrrec;menjar;Fruiteria Bayes;;False
5237;Efectiu;;13/07/2025;julio;2025;0.0;7.0;Càrrec;menjar;Pa i pastisseria;;False
5239;BBVA;VISA;13/07/2025;julio;2025;0.0;29.32;Càrrec;menjar;AreaGuissona;;False
5240;Efectiu;;14/07/2025;julio;2025;0.0;10.0;Càrrec;varis;Festa;Sopar Enramades;False
5241;Efectiu;;11/07/2025;julio;2025;0.0;4.98;Càrrec;menjar;Dia;;False
5242;BBVA;Compte;14/07/2025;julio;2025;0.0;38.85;Càrrec;despesa_general;Lowi;;False
5181;BBVA;Compte;30/06/2025;junio;2025;0.0;337.14;Càrrec;despesa_general;Crèdit Cotxe;;False
5226;LaCaixa;Compte;10/07/2025;julio;2025;0.0;50.0;Càrrec;varis;Multa;Tràfic;False
5233;BBVA;VISA;11/07/2025;julio;2025;0.0;7.68;Càrrec;manteniment;Temu;pulidora + ambientador;False
5238;Efectiu;;13/07/2025;julio;2025;0.0;4.9;Càrrec;menjar;Plaça;;False
5203;Efectiu;;04/07/2025;julio;2025;0.0;3.9;Càrrec;menjar;Poste Valls.Arbúcies;;False
5244;BBVA;Dèbit;14/07/2025;julio;2025;0.0;21.43;Càrrec;menjar;Dia;;False
5245;BBVA;Dèbit;16/07/2025;julio;2025;0.0;41.94;Càrrec;roba;Decatlon;Piscina Jordi;False
5194;Efectiu;;03/07/2025;julio;2025;0.0;13.9;Càrrec;farmàcia;Farmàcia;;False
5283;Efectiu;;24/07/2025;julio;2025;0.0;52.0;Càrrec;proveidor;Prolab;Àlbum Lidia Cerrillo;False
5293;Efectiu;;24/07/2025;julio;2025;0.0;69.0;Càrrec;restaurant;Restaurant;Mala Uva. Palamós;False
5306;Efectiu;;29/07/2025;julio;2025;0.0;3.0;Càrrec;varis;Papereria;fotocòpies testament;False
5255;BBVA;VISA;14/07/2025;julio;2025;0.0;40.59;Càrrec;Parallar;Temu;Potes ferro taula;False
5257;Efectiu;;17/07/2025;julio;2025;0.0;5.0;Càrrec;personal;Jordi;;False
5258;Efectiu;;17/07/2025;julio;2025;0.0;4.8;Càrrec;menjar;Pa i pastisseria;;False
5266;BBVA;VISA;19/07/2025;julio;2025;0.0;30.13;Càrrec;varis;Certificat/registre;registre propietat;False
5269;Efectiu;;19/07/2025;julio;2025;0.0;3.4;Càrrec;menjar;Fruiteria Bayes;;False
5270;Efectiu;;19/07/2025;julio;2025;0.0;7.23;Càrrec;menjar;Fruiteria Deepak;;False
5271;Efectiu;;19/07/2025;julio;2025;0.0;17.94;Càrrec;menjar;Can Rinsa;;False
5274;Efectiu;;21/07/2025;julio;2025;0.0;4.0;Càrrec;menjar;Novavenda;;False
5286;BBVA;VISA;26/07/2025;julio;2025;0.0;-9.52;Càrrec;manteniment;Temu;Abonament 45┬║radial;False
5290;Efectiu;;25/07/2025;julio;2025;0.0;3.0;Càrrec;menjar;Novavenda;;False
5291;Efectiu;;25/07/2025;julio;2025;0.0;4.8;Càrrec;menjar;Pa i pastisseria;;False
5294;Efectiu;;25/07/2025;julio;2025;0.0;10.0;Càrrec;personal;Jordi;;False
5307;Efectiu;;29/07/2025;julio;2025;0.0;4.0;Càrrec;menjar;Emili Walking;;False
5308;BBVA;VISA;29/07/2025;julio;2025;0.0;25.0;Càrrec;varis;Certificat/registre;ultimes voluntats ;False
5313;BBVA;Compte;01/08/2025;agosto;2025;0.0;28.71;Càrrec;despesa_general;Endesa;;False
5314;Efectiu;;30/07/2025;julio;2025;0.0;3.0;Càrrec;menjar;Novavenda;;False
5316;Efectiu;;30/07/2025;julio;2025;0.0;8.0;Càrrec;personal;Jordi;;False
5317;BBVA;Compte;31/07/2025;julio;2025;0.0;489.43;Càrrec;despesa_general;Hipoteca;;False
5318;BBVA;Compte;31/07/2025;julio;2025;0.0;337.14;Càrrec;despesa_general;Crèdit Cotxe;;False
5273;Efectiu;;20/07/2025;julio;2025;0.0;3.9;Càrrec;menjar;Plaça;;False
5246;BBVA;Dèbit;16/07/2025;julio;2025;0.0;6.92;Càrrec;restaurant;Bar;Sta. Caterina;False
5247;BBVA;Dèbit;16/07/2025;julio;2025;0.0;0.8;Càrrec;varis;Parking;Sta. Caterina;False
5324;BBVA;Compte;01/08/2025;agosto;2025;0.0;27.54;Càrrec;assegurança;Ocaso;;False
5352;BBVA;Compte;06/08/2025;agosto;2025;0.0;40.52;Càrrec;assegurança;BBVA Asseg. Casa;;False
5355;BBVA;Compte;06/08/2025;agosto;2025;0.0;16.0;Càrrec;assegurança;DP Morts Enric;;False
5356;BBVA;Compte;06/08/2025;agosto;2025;0.0;21.62;Càrrec;assegurança;DP MP Mireia;;False
5325;BBVA;Compte;01/08/2025;agosto;2025;0.0;90.28;Càrrec;despesa_general;Piscina;;False
5364;Efectiu;;08/08/2025;agosto;2025;0.0;-10.0;Càrrec;menjar;Vents i Marees;Pago Joan Vehí;False
5329;BBVA;Compte;02/08/2025;agosto;2025;0.0;200.0;Càrrec;varis;Regal;Cumple Mireia;False
5330;Efectiu;;01/08/2025;agosto;2025;0.0;3.3;Càrrec;menjar;Fruiteria Deepak;;False
5332;Efectiu;;30/07/2025;julio;2025;0.0;3.23;Càrrec;menjar;Fruiteria Deepak;;False
5338;Efectiu;;03/08/2025;agosto;2025;0.0;-24.85;Càrrec;neteja;Clarel;Abono efectiu Error;False
5340;Efectiu;;03/08/2025;agosto;2025;0.0;10.0;Càrrec;menjar;Emili Walking;;False
5341;Efectiu;;03/08/2025;agosto;2025;0.0;1.94;Càrrec;menjar;Fruiteria Deepak;;False
5343;BBVA;Compte;04/08/2025;agosto;2025;0.0;12.0;Càrrec;manteniment;Altres mant.;Corretja secadora.Bizum Mireia;False
5344;BBVA;Compte;04/08/2025;agosto;2025;0.0;70.76;Càrrec;despesa_general;Aigua;;False
5347;Efectiu;;06/08/2025;agosto;2025;0.0;5.0;Càrrec;personal;Jordi;;False
5348;Efectiu;;06/08/2025;agosto;2025;0.0;55.0;Càrrec;despesa_general;Lloguer Parking;;False
5349;Efectiu;;06/08/2025;agosto;2025;0.0;11.85;Càrrec;varis;Transport;Targeta Jordi;False
5351;Efectiu;;06/08/2025;agosto;2025;0.0;11.3;Càrrec;menjar;Can Rinsa;;False
5357;BBVA;Compte;06/08/2025;agosto;2025;0.0;210.0;Càrrec;despesa_general;PJ Isabel;;False
5365;Efectiu;;08/08/2025;agosto;2025;0.0;5.88;Càrrec;menjar;Dia;;False
5370;Efectiu;;11/08/2025;agosto;2025;0.0;7.5;Càrrec;menjar;Ous casolans;;False
5371;Efectiu;;11/08/2025;agosto;2025;0.0;1.92;Càrrec;menjar;Fruiteria Deepak;;False
5373;BBVA;Compte;12/08/2025;agosto;2025;0.0;34.79;Càrrec;despesa_general;Lowi;;False
5382;Efectiu;;13/08/2025;agosto;2025;0.0;5.0;Càrrec;personal;Jordi;;False
5427;Efectiu;;27/08/2025;agosto;2025;0.0;17.0;Càrrec;restaurant;Bar;Gelats. La Torre+Palamós;False
5428;Efectiu;;23/08/2025;agosto;2025;0.0;16.0;Càrrec;restaurant;Bar;El Mojón;False
5439;Efectiu;;25/08/2025;agosto;2025;0.0;51.0;Càrrec;restaurant;Restaurant;Dinar. El Trànsit. Figueres;False
5440;Efectiu;;27/08/2025;agosto;2025;0.0;14.0;Càrrec;restaurant;Restaurant;Gelats Palamós;False
5441;Efectiu;;26/08/2025;agosto;2025;0.0;20.0;Càrrec;roba;Altre roba;Mercat Palamós;False
5419;BBVA;VISA;22/08/2025;agosto;2025;0.0;60.75;Càrrec;restaurant;Restaurant;Xino. Asia Pilar;False
5420;BBVA;VISA;23/08/2025;agosto;2025;0.0;33.17;Càrrec;gasolina;Gasolina altres;Torre de la Horadada;False
5421;BBVA;VISA;23/08/2025;agosto;2025;0.0;100.55;Càrrec;restaurant;Restaurant;Ca Marta. Vila Joiosa;False
5422;BBVA;VISA;23/08/2025;agosto;2025;0.0;30.0;Càrrec;gasolina;Gasolina altres;autopista;False
5423;Efectiu;;23/08/2025;agosto;2025;0.0;18.75;Càrrec;menjar;Altres menjar;Herbes mercat Pilar;False
5424;Efectiu;;23/08/2025;agosto;2025;0.0;36.79;Càrrec;menjar;Carn Matilde;;False
5426;Efectiu;;27/08/2025;agosto;2025;0.0;10.0;Càrrec;personal;Jordi;;False
5429;Efectiu;;21/08/2025;agosto;2025;0.0;11.65;Càrrec;menjar;Carn Matilde;;False
5430;Efectiu;;15/08/2025;agosto;2025;0.0;6.0;Càrrec;varis;Extra;;False
5431;Efectiu;;22/08/2025;agosto;2025;0.0;50.0;Càrrec;restaurant;Restaurant;Grec. La Torre;False
5432;Efectiu;;23/08/2025;agosto;2025;0.0;6.0;Càrrec;restaurant;Bar;Vila Joiosa;False
5437;Efectiu;;23/08/2025;agosto;2025;0.0;1.4;Càrrec;varis;Parking;Vila Joiosa;False
5438;Efectiu;;22/08/2025;agosto;2025;0.0;0.75;Càrrec;manteniment;Xino Sta.Coloma;La Torre. Alcayatas;False
5442;Efectiu;;26/08/2025;agosto;2025;0.0;5.54;Càrrec;menjar;Novavenda;;False
5443;Efectiu;;26/08/2025;agosto;2025;0.0;3.0;Càrrec;menjar;Fruiteria Deepak;;False
5383;Efectiu;;13/08/2025;agosto;2025;0.0;40.0;Càrrec;menjar;Plaça;;False
5381;BBVA;Dèbit;13/08/2025;agosto;2025;0.0;27.54;Càrrec;neteja;Cash Levante;;False
5385;BBVA;Dèbit;14/08/2025;agosto;2025;0.0;7.0;Càrrec;restaurant;Bar;;False
5386;BBVA;Dèbit;14/08/2025;agosto;2025;0.0;11.5;Càrrec;restaurant;Bar;chiringuito la sirena;False
5459;BBVA;Compte;01/09/2025;septiembre;2025;0.0;27.54;Càrrec;assegurança;Ocaso;;False
5451;BBVA;Compte;31/08/2025;agosto;2025;0.0;489.43;Càrrec;despesa_general;Hipoteca;;False
5472;BBVA;Compte;03/09/2025;septiembre;2025;0.0;21.62;Càrrec;assegurança;DP MP Mireia;;False
5483;BBVA;Compte;04/09/2025;septiembre;2025;0.0;40.52;Càrrec;assegurança;BBVA Asseg. Casa;;False
5484;BBVA;Compte;04/09/2025;septiembre;2025;0.0;16.0;Càrrec;assegurança;DP Morts Enric;;False
5456;Efectiu;;23/08/2025;agosto;2025;0.0;0.0;Càrrec;menjar;Altres menjar;anulat;False
5460;BBVA;Compte;01/09/2025;septiembre;2025;0.0;90.28;Càrrec;despesa_general;Piscina;;False
5467;Efectiu;;02/09/2025;septiembre;2025;0.0;2.58;Càrrec;menjar;Fruiteria Deepak;;False
5470;BBVA;Compte;03/09/2025;septiembre;2025;0.0;29.91;Càrrec;despesa_general;Endesa;;False
5471;BBVA;Compte;03/09/2025;septiembre;2025;0.0;210.0;Càrrec;despesa_general;PJ Isabel;;False
5473;BBVA;VISA;01/09/2025;septiembre;2025;0.0;36.16;Càrrec;manteniment;Temu;colocador rajoles;False
5474;Efectiu;;03/09/2025;septiembre;2025;0.0;30.0;Càrrec;menjar;Ous casolans;;False
5475;Efectiu;;03/09/2025;septiembre;2025;0.0;5.0;Càrrec;menjar;Emili Walking;;False
5476;Efectiu;;01/09/2025;septiembre;2025;0.0;5.0;Càrrec;personal;Jordi;;False
5477;Efectiu;;01/09/2025;septiembre;2025;0.0;15.0;Càrrec;restaurant;Restaurant;Postres. Blanes;False
5478;Efectiu;;13/08/2025;agosto;2025;0.0;20.46;Càrrec;menjar;Altres menjar;;False
5479;Efectiu;;13/08/2025;agosto;2025;0.0;4.0;Càrrec;menjar;Super Villa-Teresa;;False
5480;Efectiu;;15/08/2025;agosto;2025;0.0;9.0;Càrrec;restaurant;Bar;Gelats. La Torre;False
5481;Efectiu;;22/08/2025;agosto;2025;0.0;50.0;Càrrec;restaurant;Restaurant;Griego. La Torre;False
5485;Efectiu;;04/09/2025;septiembre;2025;0.0;55.0;Càrrec;despesa_general;Lloguer Parking;;False
5487;Efectiu;;04/09/2025;septiembre;2025;0.0;5.0;Càrrec;menjar;Novavenda;;False
5488;Efectiu;;04/09/2025;septiembre;2025;0.0;5.0;Càrrec;personal;Jordi;;False
5497;Efectiu;;06/09/2025;septiembre;2025;0.0;20.0;Càrrec;varis;Expectacles/Teatre;├Æpera Carmen;False
5498;Efectiu;;05/09/2025;septiembre;2025;0.0;23.0;Càrrec;restaurant;Restaurant;Piscina Sopar Isa;False
5499;Efectiu;;06/09/2025;septiembre;2025;0.0;3.5;Càrrec;varis;Rentar cotxe;;False
5500;Efectiu;;04/09/2025;septiembre;2025;0.0;5.0;Càrrec;personal;Jordi;;False
5504;Efectiu;;07/09/2025;septiembre;2025;0.0;3.1;Càrrec;menjar;Pa i pastisseria;;False
5505;Efectiu;;07/09/2025;septiembre;2025;0.0;5.9;Càrrec;menjar;Dia;;False
5506;Efectiu;;07/09/2025;septiembre;2025;0.0;4.2;Càrrec;menjar;Novavenda;;False
5507;Efectiu;;07/09/2025;septiembre;2025;0.0;4.0;Càrrec;personal;Jordi;;False
5512;Efectiu;;10/09/2025;septiembre;2025;0.0;4.2;Càrrec;menjar;Pa i pastisseria;;False
5513;Efectiu;;11/09/2025;septiembre;2025;0.0;4.16;Càrrec;menjar;Fruiteria Deepak;;False
5503;Efectiu;;07/09/2025;septiembre;2025;0.0;7.0;Càrrec;menjar;Plaça;;False
5449;BBVA;Dèbit;01/09/2025;septiembre;2025;0.0;1.9;Càrrec;menjar;Pa i pastisseria;;False
5515;Efectiu;;11/09/2025;septiembre;2025;0.0;188.0;Càrrec;rebost;Oli Jaen.MaCarmen;;False
5518;BBVA;Compte;13/09/2025;septiembre;2025;0.0;39.49;Càrrec;despesa_general;Lowi;;False
5585;BBVA;Compte;02/10/2025;octubre;2025;0.0;27.54;Càrrec;assegurança;Ocaso;;False
5583;Efectiu;;02/10/2025;octubre;2025;0.0;0.0;Càrrec;butà;Butà Gasolinera;;False
5584;Efectiu;;02/10/2025;octubre;2025;0.0;6.0;Càrrec;farmàcia;Farmàcia;;False
5517;BBVA;VISA;10/09/2025;septiembre;2025;0.0;5.69;Càrrec;manteniment;Aliexpress;actuador botó wifi;False
5525;Efectiu;;12/09/2025;septiembre;2025;0.0;5.13;Càrrec;menjar;Novavenda;;False
5526;Efectiu;;13/09/2025;septiembre;2025;0.0;5.06;Càrrec;menjar;Dia;;False
5528;Efectiu;;14/09/2025;septiembre;2025;0.0;30.27;Càrrec;menjar;BonPreu;;False
5529;Efectiu;;14/09/2025;septiembre;2025;0.0;2.0;Càrrec;menjar;Emili Walking;;False
5556;Efectiu;;23/09/2025;septiembre;2025;0.0;10.0;Càrrec;personal;Jordi;Drissa + Besalú;False
5531;BBVA;VISA;17/09/2025;septiembre;2025;0.0;279.0;Càrrec;Parallar;PCComponents;TV Hab. Mireia;False
5533;Efectiu;;08/09/2025;septiembre;2025;0.0;5.8;Càrrec;menjar;Pa i pastisseria;;False
5534;Efectiu;;15/09/2025;septiembre;2025;0.0;2.75;Càrrec;menjar;Fruiteria Deepak;;False
5536;BBVA;VISA;18/09/2025;septiembre;2025;0.0;7.06;Càrrec;menjar;Mercadona;;False
5540;BBVA;VISA;20/09/2025;septiembre;2025;0.0;74.05;Càrrec;restaurant;Restaurant;La cuina d'en Manel. Pineda de Mar;False
5542;Efectiu;;19/09/2025;septiembre;2025;0.0;6.0;Càrrec;personal;Jordi;;False
5543;Efectiu;;21/09/2025;septiembre;2025;0.0;24.0;Càrrec;varis;Viatges;Oncolliga. Joanet;False
5544;Efectiu;;19/09/2025;septiembre;2025;0.0;11.04;Càrrec;menjar;Dia;;False
5545;Efectiu;;20/09/2025;septiembre;2025;0.0;10.0;Càrrec;menjar;Emili Walking;;False
5546;Efectiu;;19/09/2025;septiembre;2025;0.0;4.9;Càrrec;menjar;Novavenda;;False
5547;Efectiu;;21/09/2025;septiembre;2025;0.0;17.49;Càrrec;menjar;Dia;;False
5548;Efectiu;;20/09/2025;septiembre;2025;0.0;9.15;Càrrec;menjar;Can Rinsa;;False
5549;Efectiu;;19/09/2025;septiembre;2025;0.0;3.14;Càrrec;menjar;Fruiteria Deepak;;False
5562;Efectiu;;25/09/2025;septiembre;2025;0.0;6.0;Càrrec;menjar;Emili Walking;;False
5566;Efectiu;;25/09/2025;septiembre;2025;0.0;5.13;Càrrec;menjar;Novavenda;;False
5575;BBVA;Compte;30/09/2025;septiembre;2025;0.0;489.43;Càrrec;despesa_general;Hipoteca;;False
5578;Efectiu;;01/09/2025;septiembre;2025;0.0;2.4;Càrrec;menjar;Pa i pastisseria;;False
5579;Efectiu;;01/10/2025;octubre;2025;0.0;4.0;Càrrec;menjar;Emili Walking;;False
5580;Efectiu;;02/10/2025;octubre;2025;0.0;5.0;Càrrec;personal;Jordi;;False
5582;Efectiu;;02/10/2025;octubre;2025;0.0;55.0;Càrrec;despesa_general;Lloguer Parking;;False
5586;BBVA;Compte;02/10/2025;octubre;2025;0.0;90.28;Càrrec;despesa_general;Piscina;;False
5576;BBVA;Compte;30/09/2025;septiembre;2025;0.0;337.14;Càrrec;despesa_general;Crèdit Cotxe;;False
5519;BBVA;Dèbit;12/09/2025;septiembre;2025;0.0;7.13;Càrrec;restaurant;Bar;Sta. Caterina;False
5599;BBVA;Compte;06/10/2025;octubre;2025;0.0;40.52;Càrrec;assegurança;BBVA Asseg. Casa;;False
5600;BBVA;Compte;06/10/2025;octubre;2025;0.0;16.0;Càrrec;assegurança;DP Morts Enric;;False
5589;Efectiu;;02/10/2025;octubre;2025;0.0;2.4;Càrrec;menjar;Pa i pastisseria;;False
5601;BBVA;Compte;06/10/2025;octubre;2025;0.0;21.62;Càrrec;assegurança;DP MP Mireia;;False
5594;Efectiu;;04/10/2025;octubre;2025;0.0;2.4;Càrrec;menjar;Pa i pastisseria;;False
5595;Efectiu;;04/10/2025;octubre;2025;0.0;4.5;Càrrec;menjar;Fruiterra;;False
5596;Efectiu;;06/10/2025;octubre;2025;0.0;30.0;Càrrec;menjar;Ous casolans;;False
5602;BBVA;Compte;06/10/2025;octubre;2025;0.0;220.5;Càrrec;despesa_general;PJ Isabel;;False
5639;BBVA;VISA;17/10/2025;octubre;2025;0.0;10.57;Càrrec;manteniment;Aliexpress;RAM 8GB+cinturó;False
5608;Efectiu;;05/10/2025;octubre;2025;0.0;10.0;Càrrec;menjar;Dia;;False
5610;BBVA;VISA;09/10/2025;octubre;2025;0.0;6.52;Càrrec;manteniment;Aliexpress;suport tv Mireia;False
5612;Efectiu;;08/10/2025;octubre;2025;0.0;5.12;Càrrec;menjar;Pa i pastisseria;;False
5615;BBVA;Compte;10/10/2025;octubre;2025;0.0;27.5;Càrrec;despesa_general;Endesa;;False
5616;BBVA;Compte;10/10/2025;octubre;2025;0.0;38.85;Càrrec;despesa_general;Lowi;;False
5621;Efectiu;;12/10/2025;octubre;2025;0.0;5.23;Càrrec;menjar;Fruiteria Deepak;;False
5625;Efectiu;;13/10/2025;octubre;2025;0.0;35.0;Càrrec;restaurant;Restaurant;Vostra Llar;False
5626;Efectiu;;13/10/2025;octubre;2025;0.0;5.0;Càrrec;personal;Jordi;;False
5627;Efectiu;;13/10/2025;octubre;2025;0.0;20.0;Càrrec;varis;Loteria;Yaya;False
5628;Efectiu;;13/10/2025;octubre;2025;0.0;3.9;Càrrec;menjar;Pa i pastisseria;;False
5635;Efectiu;;15/10/2025;octubre;2025;0.0;11.53;Càrrec;menjar;Can Rinsa;;False
5636;Efectiu;;17/10/2025;octubre;2025;0.0;3.15;Càrrec;menjar;Pa i pastisseria;;False
5637;Efectiu;;17/10/2025;octubre;2025;0.0;1.8;Càrrec;menjar;Fruiteria Deepak;;False
5642;BBVA;VISA;20/10/2025;octubre;2025;0.0;52.86;Càrrec;menjar;LIDL;;False
5643;Efectiu;;20/10/2025;octubre;2025;0.0;3.67;Càrrec;menjar;Dia;;False
5644;Efectiu;;20/10/2025;octubre;2025;0.0;2.1;Càrrec;menjar;Pa i pastisseria;;False
5645;Efectiu;;18/10/2025;octubre;2025;0.0;6.93;Càrrec;menjar;Fruiterra;;False
5647;Efectiu;;19/10/2025;octubre;2025;0.0;6.0;Càrrec;menjar;Pa i pastisseria;;False
5648;Efectiu;;19/10/2025;octubre;2025;0.0;8.13;Càrrec;menjar;Novavenda;;False
5649;Efectiu;;19/10/2025;octubre;2025;0.0;2.2;Càrrec;menjar;Pa i pastisseria;;False
5650;Efectiu;;20/10/2025;octubre;2025;0.0;1.35;Càrrec;menjar;Pa i pastisseria;;False
5651;Efectiu;;22/10/2025;octubre;2025;0.0;5.17;Càrrec;menjar;Peixeteria;;False
5653;Efectiu;;23/10/2025;octubre;2025;0.0;40.0;Càrrec;varis;Loteria;familia;False
5654;Efectiu;;22/10/2025;octubre;2025;0.0;4.05;Càrrec;menjar;AreaGuissona;;False
5620;Efectiu;;12/10/2025;octubre;2025;0.0;6.9;Càrrec;menjar;Plaça;;False
5646;Efectiu;;19/10/2025;octubre;2025;0.0;4.2;Càrrec;menjar;Plaça;;False
5590;BBVA;Dèbit;02/10/2025;octubre;2025;0.0;8.67;Càrrec;menjar;Dia;;False
5591;BBVA;Dèbit;02/10/2025;octubre;2025;0.0;0.85;Càrrec;neteja;Dia;;False
5597;BBVA;Dèbit;05/10/2025;octubre;2025;0.0;3.4;Càrrec;restaurant;Bar;jubilats;False
5659;BBVA;Compte;24/10/2025;octubre;2025;0.0;0.74;Càrrec;menjar;Clarel;;False
5660;BBVA;Compte;24/10/2025;octubre;2025;0.0;7.49;Càrrec;neteja;Clarel;;False
5697;BBVA;Compte;03/11/2025;noviembre;2025;0.0;27.54;Càrrec;assegurança;Ocaso;;False
5705;BBVA;Compte;05/11/2025;noviembre;2025;0.0;40.48;Càrrec;assegurança;BBVA Asseg. Casa;;False
5707;BBVA;Compte;05/11/2025;noviembre;2025;0.0;16.0;Càrrec;assegurança;DP Morts Enric;;False
5666;Efectiu;;25/10/2025;octubre;2025;0.0;2.1;Càrrec;menjar;Pa i pastisseria;;False
5667;Efectiu;;25/10/2025;octubre;2025;0.0;7.81;Càrrec;menjar;Fruiteria Deepak;;False
5671;Efectiu;;26/10/2025;octubre;2025;0.0;6.5;Càrrec;menjar;AreaGuissona;;False
5709;BBVA;Compte;05/11/2025;noviembre;2025;0.0;21.62;Càrrec;assegurança;DP MP Mireia;;False
5725;Efectiu;;09/11/2025;noviembre;2025;0.0;7.0;Càrrec;restaurant;Bar;Bar Vicky. Arbúcies;False
5676;BBVA;Compte;28/10/2025;octubre;2025;0.0;13.53;Càrrec;varis;Impost;CO2;False
5677;Efectiu;;26/10/2025;octubre;2025;0.0;6.08;Càrrec;menjar;Dia;;False
5678;Efectiu;;27/10/2025;octubre;2025;0.0;3.9;Càrrec;menjar;Pa i pastisseria;;False
5679;BBVA;VISA;28/10/2025;octubre;2025;0.0;4.9;Càrrec;varis;Transport;2 devolucions Aliexpres. DDR3 + accesoris;False
5684;BBVA;Compte;01/11/2025;noviembre;2025;0.0;38.27;Càrrec;despesa_general;Endesa;;False
5688;BBVA;Compte;31/10/2025;octubre;2025;0.0;489.43;Càrrec;despesa_general;Hipoteca;;False
5691;Efectiu;;18/11/2025;noviembre;2025;0.0;6.48;Càrrec;menjar;Aldi;;False
5695;Efectiu;;12/11/2025;noviembre;2025;0.0;12.9;Càrrec;menjar;AreaGuissona;;False
5698;BBVA;Compte;03/11/2025;noviembre;2025;0.0;90.28;Càrrec;despesa_general;Piscina;;False
5699;Efectiu;;17/11/2025;noviembre;2025;0.0;14.75;Càrrec;menjar;AreaGuissona;;False
5700;Efectiu;;03/11/2025;noviembre;2025;0.0;23.84;Càrrec;menjar;Can Rinsa;;False
5701;Efectiu;;16/11/2025;noviembre;2025;0.0;10.07;Càrrec;menjar;Can Rinsa;;False
5704;BBVA;Compte;05/11/2025;noviembre;2025;0.0;60.7;Càrrec;despesa_general;Aigua;;False
5708;BBVA;Compte;05/11/2025;noviembre;2025;0.0;220.5;Càrrec;despesa_general;PJ Isabel;;False
5710;Efectiu;;05/11/2025;noviembre;2025;0.0;55.0;Càrrec;despesa_general;Lloguer Parking;;False
5716;Efectiu;;17/11/2025;noviembre;2025;0.0;4.3;Càrrec;menjar;Fruiteria Bayes;;False
5721;Efectiu;;01/11/2025;noviembre;2025;0.0;2.6;Càrrec;menjar;Fruiteria Deepak;;False
5722;Efectiu;;06/11/2025;noviembre;2025;0.0;1.0;Càrrec;menjar;Fruiteria Deepak;;False
5723;Efectiu;;16/11/2025;noviembre;2025;0.0;13.5;Càrrec;menjar;Fruiteria Deepak;bolets;False
5724;Efectiu;;17/11/2025;noviembre;2025;0.0;1.58;Càrrec;menjar;Fruiterra;;False
5726;Efectiu;;09/11/2025;noviembre;2025;0.0;10.0;Càrrec;restaurant;Restaurant;Fita del flabiol. Bolets amb salsitxes;False
5727;Efectiu;;08/11/2025;noviembre;2025;0.0;26.0;Càrrec;restaurant;Restaurant;Pizza. Fira del flabiol;False
5689;BBVA;Compte;31/10/2025;octubre;2025;0.0;337.14;Càrrec;despesa_general;Crèdit Cotxe;;False
5670;Efectiu;;28/10/2025;octubre;2025;0.0;4.2;Càrrec;menjar;Plaça;;False
5655;BBVA;Dèbit;23/10/2025;octubre;2025;0.0;2.4;Càrrec;menjar;Pa i pastisseria;;False
5729;Efectiu;;08/11/2025;noviembre;2025;0.0;8.0;Càrrec;varis;Curs;Licor de poma;False
5734;Efectiu;;03/11/2025;noviembre;2025;0.0;1.99;Càrrec;menjar;Novavenda;;False
5736;Efectiu;;13/11/2025;noviembre;2025;0.0;9.42;Càrrec;neteja;Clarel;;False
5738;Efectiu;;19/11/2025;noviembre;2025;0.0;6.71;Càrrec;menjar;Novavenda;;False
5742;Efectiu;;03/11/2025;noviembre;2025;0.0;30.0;Càrrec;menjar;Ous casolans;;False
5743;Efectiu;;01/11/2025;noviembre;2025;0.0;2.6;Càrrec;menjar;Pa i pastisseria;;False
5728;Efectiu;;08/11/2025;noviembre;2025;0.0;18.0;Càrrec;restaurant;Bar;El Casino. Arbúcies;False
5774;BBVA;Compte;23/11/2025;noviembre;2025;0.0;19.0;Càrrec;menjar;Altres menjar;Ratafia+aigua. Excursió Castell Montsoriu;False
5747;Efectiu;;05/11/2025;noviembre;2025;0.0;3.9;Càrrec;menjar;Pa i pastisseria;;False
5748;Efectiu;;09/11/2025;noviembre;2025;0.0;15.0;Càrrec;menjar;Pa i pastisseria;;False
5779;Efectiu;;24/11/2025;noviembre;2025;0.0;195.0;Càrrec;varis;Llenya;Ramón;False
5750;Efectiu;;16/11/2025;noviembre;2025;0.0;7.0;Càrrec;menjar;Pa i pastisseria;;False
5752;BBVA;VISA;12/11/2025;noviembre;2025;0.0;54.9;Càrrec;manteniment;Altres mant.;Baliça V16 Movistar;False
5793;BBVA;Compte;28/11/2025;noviembre;2025;0.0;200.0;Càrrec;Parallar;Altres mobles;Baliça+cremes;False
5759;BBVA;VISA;18/11/2025;noviembre;2025;0.0;38.01;Càrrec;gasolina;GasolinaAreaGuissona;;False
5760;Efectiu;;18/11/2025;noviembre;2025;0.0;11.85;Càrrec;varis;Transport;Bono Bus Jordi;False
5761;Efectiu;;18/11/2025;noviembre;2025;0.0;58.0;Càrrec;restaurant;Restaurant;Esmorzar Caminar;False
5764;BBVA;VISA;21/11/2025;noviembre;2025;0.0;32.98;Càrrec;Parallar;LIDL;Planxa panini. Online;False
5776;Efectiu;;24/11/2025;noviembre;2025;0.0;1.45;Càrrec;menjar;Fruiteria Deepak;;False
5777;Efectiu;;24/11/2025;noviembre;2025;0.0;2.05;Càrrec;menjar;Pa i pastisseria;;False
5778;Efectiu;;25/11/2025;noviembre;2025;0.0;5.0;Càrrec;personal;Jordi;;False
5796;Efectiu;;29/11/2025;noviembre;2025;0.0;6.26;Càrrec;menjar;Dia;;False
5797;BBVA;Compte;01/12/2025;diciembre;2025;0.0;37.35;Càrrec;despesa_general;Endesa;;False
5799;BBVA;Compte;30/11/2025;noviembre;2025;0.0;489.43;Càrrec;despesa_general;Hipoteca;;False
5801;Efectiu;;29/11/2025;noviembre;2025;0.0;10.0;Càrrec;varis;Loteria;Penya Barcelonista;False
5802;Efectiu;;29/11/2025;noviembre;2025;0.0;32.0;Càrrec;restaurant;Restaurant;Dinar Wlaking. Joanet;False
5805;Efectiu;;30/11/2025;noviembre;2025;0.0;13.8;Càrrec;menjar;Pa i pastisseria;;False
5800;BBVA;Compte;30/11/2025;noviembre;2025;0.0;337.14;Càrrec;despesa_general;Crèdit Cotxe;;False
5791;Efectiu;;27/11/2025;noviembre;2025;0.0;16.5;Càrrec;manteniment;Mòbils;Funda Jordi;False
5753;Efectiu;;02/11/2025;noviembre;2025;0.0;6.66;Càrrec;menjar;Plaça;;False
5755;Efectiu;;09/11/2025;noviembre;2025;0.0;9.58;Càrrec;menjar;Plaça;;False
5730;BBVA;Dèbit;04/11/2025;noviembre;2025;0.0;43.35;Càrrec;menjar;LIDL;;False
5731;BBVA;Dèbit;11/11/2025;noviembre;2025;0.0;6.26;Càrrec;menjar;LIDL;;False
5732;BBVA;Dèbit;11/11/2025;noviembre;2025;0.0;20.04;Càrrec;menjar;Mercadona;;False
5733;BBVA;Dèbit;11/11/2025;noviembre;2025;0.0;5.45;Càrrec;neteja;Mercadona;;False
5735;BBVA;Dèbit;11/11/2025;noviembre;2025;0.0;3.74;Càrrec;manteniment;LIDL;cargols;False
5737;BBVA;Dèbit;14/11/2025;noviembre;2025;0.0;17.01;Càrrec;menjar;Novavenda;;False
5807;BBVA;Compte;01/12/2025;diciembre;2025;0.0;90.28;Càrrec;despesa_general;Piscina;;False
5813;BBVA;Compte;02/12/2025;diciembre;2025;0.0;220.5;Càrrec;despesa_general;PJ Isabel;;False
5817;Efectiu;;03/12/2025;diciembre;2025;0.0;55.0;Càrrec;despesa_general;Lloguer Parking;;False
5819;Efectiu;;04/12/2025;diciembre;2025;0.0;5.0;Càrrec;personal;Jordi;;False
5821;Efectiu;;04/12/2025;diciembre;2025;0.0;3.5;Càrrec;menjar;Fruiteria Bayes;;False
5806;BBVA;Compte;01/12/2025;diciembre;2025;0.0;27.54;Càrrec;assegurança;Ocaso;;False
5814;BBVA;Compte;02/12/2025;diciembre;2025;0.0;21.62;Càrrec;assegurança;DP MP Mireia;;False
5815;BBVA;Compte;02/12/2025;diciembre;2025;0.0;16.0;Càrrec;assegurança;DP Morts Enric;;False
5816;BBVA;Compte;04/12/2025;diciembre;2025;0.0;42.34;Càrrec;assegurança;BBVA Asseg. Casa;;False
5818;Efectiu;;05/12/2025;diciembre;2025;0.0;15.0;Càrrec;varis;Expectacles/Teatre;Gimmnàs Marató;False
5832;Efectiu;;06/12/2025;diciembre;2025;0.0;20.0;Càrrec;roba;Altre roba;fira tió. Mitjons i pulsera;False
5833;Efectiu;;06/12/2025;diciembre;2025;0.0;8.0;Càrrec;varis;Expectacles/Teatre;fira tió. Crema + Creps;False
5842;BBVA;VISA;27/11/2025;noviembre;2025;0.0;-8.99;Càrrec;manteniment;Aliexpress;Abonament memòria RAM;False
5843;BBVA;VISA;27/11/2025;noviembre;2025;0.0;-5.69;Càrrec;manteniment;Aliexpress;Abonament domòtica;False
5836;BBVA;Compte;06/12/2025;diciembre;2025;0.0;8.78;Càrrec;menjar;Dia;;False
5845;BBVA;VISA;11/12/2025;diciembre;2025;0.0;-29.99;Càrrec;Parallar;LIDL;Devolució online. Grill;False
5838;Efectiu;;08/12/2025;diciembre;2025;0.0;30.0;Càrrec;menjar;Ous casolans;;False
5840;Efectiu;;07/12/2025;diciembre;2025;0.0;10.3;Càrrec;menjar;Pa i pastisseria;;False
5844;BBVA;VISA;05/12/2025;diciembre;2025;0.0;32.98;Càrrec;Parallar;LIDL;estufa;False
5850;Efectiu;;10/12/2025;diciembre;2025;0.0;6.85;Càrrec;menjar;Novavenda;;False
5851;Efectiu;;11/12/2025;diciembre;2025;0.0;1.6;Càrrec;menjar;Dia;;False
5852;Efectiu;;09/12/2025;diciembre;2025;0.0;26.0;Càrrec;restaurant;Restaurant;esmorzar Espinelves;False
5853;Efectiu;;09/12/2025;diciembre;2025;0.0;20.0;Càrrec;varis;Loteria;Espinelves;False
5854;Efectiu;;10/12/2025;diciembre;2025;0.0;12.0;Càrrec;varis;Loteria;Creu Roja;False
5855;Efectiu;;11/12/2025;diciembre;2025;0.0;5.0;Càrrec;personal;Jordi;;False
5860;BBVA;Compte;12/12/2025;diciembre;2025;0.0;38.95;Càrrec;despesa_general;Lowi;;False
5865;Efectiu;;12/12/2025;diciembre;2025;0.0;1.5;Càrrec;neteja;Jysk;;False
5866;Efectiu;;12/12/2025;diciembre;2025;0.0;1.79;Càrrec;menjar;Fruiteria Deepak;;False
5867;Efectiu;;11/12/2025;diciembre;2025;0.0;4.95;Càrrec;menjar;AreaGuissona;;False
5868;Efectiu;;12/12/2025;diciembre;2025;0.0;52.0;Càrrec;proveidor;Prolab;Album Lidia Cerrillo;False
5871;Efectiu;;14/12/2025;diciembre;2025;0.0;8.5;Càrrec;menjar;Pa i pastisseria;;False
5810;BBVA;Dèbit;01/12/2025;diciembre;2025;0.0;31.92;Càrrec;menjar;AreaGuissona;;False
5811;BBVA;Dèbit;01/12/2025;diciembre;2025;0.0;11.15;Càrrec;menjar;Novavenda;;False
5812;BBVA;Dèbit;01/12/2025;diciembre;2025;0.0;56.22;Càrrec;neteja;Atida;Cremes Isabel;False
5822;BBVA;Dèbit;03/12/2025;diciembre;2025;0.0;14.81;Càrrec;menjar;Dia;;False
5873;Efectiu;;14/12/2025;diciembre;2025;0.0;4.47;Càrrec;menjar;Fruiterra;;False
5933;BBVA;Compte;02/01/2026;enero;2026;0.0;29.33;Càrrec;assegurança;Ocaso;;False
5936;BBVA;Compte;07/01/2026;enero;2026;0.0;16.0;Càrrec;assegurança;DP Morts Enric;;False
5937;BBVA;Compte;07/01/2026;enero;2026;0.0;21.62;Càrrec;assegurança;DP MP Mireia;;False
5939;BBVA;Compte;08/01/2026;enero;2026;0.0;42.34;Càrrec;assegurança;BBVA Asseg. Casa;;False
5820;Efectiu;;04/12/2025;diciembre;2025;0.0;4.0;Càrrec;menjar;Pa i pastisseria;;False
5886;Efectiu;;17/12/2025;diciembre;2025;0.0;3.88;Càrrec;menjar;Fruiterra;;False
5887;Efectiu;;18/12/2025;diciembre;2025;0.0;2.4;Càrrec;menjar;Fruiteria Deepak;;False
5888;Efectiu;;18/12/2025;diciembre;2025;0.0;10.6;Càrrec;menjar;Pa i pastisseria;;False
5889;Efectiu;;18/12/2025;diciembre;2025;0.0;9.1;Càrrec;manteniment;Xino Sta.Coloma;Xino Girona;False
5898;Efectiu;;20/12/2025;diciembre;2025;0.0;14.4;Càrrec;menjar;Dia;;False
5929;BBVA;Compte;31/12/2025;diciembre;2025;0.0;489.43;Càrrec;despesa_general;Hipoteca;;False
5931;BBVA;Compte;01/01/2026;enero;2026;0.0;65.88;Càrrec;despesa_general;Endesa;;False
5932;BBVA;Compte;01/01/2026;enero;2026;0.0;45.5;Càrrec;varis;Loteria;;False
5934;BBVA;Compte;02/01/2026;enero;2026;0.0;90.28;Càrrec;despesa_general;Piscina;;False
5938;BBVA;Compte;07/01/2026;enero;2026;0.0;220.5;Càrrec;despesa_general;PJ Isabel;;False
5946;TradeRep.;Compte;29/12/2025;diciembre;2025;0.0;22.0;Càrrec;despesa_general;Accions S&P500;;False
5947;TradeRep.;Compte;29/12/2025;diciembre;2025;0.0;11.0;Càrrec;despesa_general;Accions NVIDIA;;False
5953;TradeRep.;Compte;29/12/2025;diciembre;2025;0.0;44.46;Càrrec;roba;Decatlon;;False
5874;BBVA;Dèbit;16/12/2025;diciembre;2025;0.0;34.0;Càrrec;varis;Perruqueria;Jordi i Enric;False
5875;BBVA;Dèbit;15/12/2025;diciembre;2025;0.0;13.33;Càrrec;menjar;AreaGuissona;;False
5966;TradeRep.;Compte;02/01/2026;enero;2026;0.0;0.0;Càrrec;despesa_general;Accions S&P500;4,26 Cashback a S&P500;False
5967;TradeRep.;Compte;02/01/2026;enero;2026;0.0;25.0;Càrrec;despesa_general;Accions S&P500;;False
5968;TradeRep.;Compte;02/01/2026;enero;2026;0.0;25.0;Càrrec;despesa_general;Accions NVIDIA;;False
5988;Efectiu;;20/12/2025;diciembre;2025;0.0;9.1;Càrrec;menjar;Pa i pastisseria;;False
5989;Efectiu;;22/12/2025;diciembre;2025;0.0;2.35;Càrrec;menjar;Altres menjar;;False
5990;Efectiu;;23/12/2025;diciembre;2025;0.0;1.0;Càrrec;menjar;Dialprix;;False
5991;Efectiu;;25/12/2025;diciembre;2025;0.0;50.0;Càrrec;varis;Regal;Regal nadal Mireia;False
5992;Efectiu;;24/12/2025;diciembre;2025;0.0;3.5;Càrrec;manteniment;Xino Sta.Coloma;Xino La Torre. Paper taula;False
5993;Efectiu;;24/12/2025;diciembre;2025;0.0;4.95;Càrrec;menjar;Altres menjar;;False
5995;Efectiu;;02/01/2026;enero;2026;0.0;40.0;Càrrec;Parallar;Altres mobles;Cafetera Nespresso Wallapop;False
5996;Efectiu;;05/01/2026;enero;2026;0.0;35.0;Càrrec;varis;Regal;Abric Nino gos;False
5997;Efectiu;;08/01/2026;enero;2026;0.0;30.0;Càrrec;menjar;Ous casolans;;False
5998;Efectiu;;07/01/2026;enero;2026;0.0;6.29;Càrrec;menjar;Fruiteria Deepak;;False
6002;BBVA;VISA;23/12/2025;diciembre;2025;0.0;-29.99;Càrrec;Parallar;LIDL;Abonament Radiador;False
6003;BBVA;VISA;03/01/2026;enero;2026;0.0;13.67;Càrrec;manteniment;Aliexpress;Mitjons, corretja rellotge;False
6006;Efectiu;;11/01/2026;enero;2026;0.0;55.0;Càrrec;despesa_general;Lloguer Parking;;False
6012;Efectiu;;09/01/2026;enero;2026;0.0;27.5;Càrrec;menjar;Novavenda;;False
6013;Efectiu;;09/01/2026;enero;2026;0.0;1.19;Càrrec;neteja;Novavenda;;False
6014;Efectiu;;11/01/2026;enero;2026;0.0;5.37;Càrrec;menjar;Novavenda;;False
6019;BBVA;VISA;12/01/2026;enero;2026;0.0;26.98;Càrrec;Parallar;Wallapop;Calefactor bany;False
5994;Efectiu;;25/12/2025;diciembre;2025;0.0;9.96;Càrrec;menjar;Plaça;;False
5999;Efectiu;;02/01/2026;enero;2026;0.0;23.45;Càrrec;menjar;Plaça;;False
6000;Efectiu;;05/01/2026;enero;2026;0.0;3.07;Càrrec;menjar;Plaça;;False
5956;TradeRep.;Dèbit;30/12/2025;diciembre;2025;0.0;14.65;Càrrec;menjar;LIDL;;False
5957;TradeRep.;Dèbit;30/12/2025;diciembre;2025;0.0;3.99;Càrrec;manteniment;LIDL;Oli WD40;False
5958;TradeRep.;Dèbit;30/12/2025;diciembre;2025;0.0;15.49;Càrrec;menjar;Mamper;;False
5959;TradeRep.;Dèbit;30/12/2025;diciembre;2025;0.0;21.0;Càrrec;rebost;Mamper;;False
6020;Efectiu;;12/01/2026;enero;2026;0.0;19.6;Càrrec;menjar;Can Rinsa;;False
6022;Efectiu;;20/12/2025;diciembre;2025;0.0;10.0;Càrrec;proveidor;Prolab;Calendaris Paqui Moreno;False
6023;BBVA;Compte;14/01/2026;enero;2026;0.0;38.85;Càrrec;despesa_general;Lowi;;False
6092;BBVA;Compte;02/02/2026;febrero;2026;0.0;28.89;Càrrec;assegurança;Ocaso;;False
6021;Efectiu;;12/01/2026;enero;2026;0.0;10.9;Càrrec;farmàcia;Farmàcia;;False
6031;Efectiu;;17/01/2026;enero;2026;0.0;6.68;Càrrec;menjar;Fruiteria Deepak;;False
6036;Efectiu;;18/01/2026;enero;2026;0.0;5.55;Càrrec;menjar;Novavenda;;False
6041;Efectiu;;19/01/2026;enero;2026;0.0;3.86;Càrrec;menjar;Novavenda;;False
6050;Efectiu;;23/01/2026;enero;2026;0.0;4.9;Càrrec;menjar;Pa i pastisseria;;False
6051;Efectiu;;23/01/2026;enero;2026;0.0;3.0;Càrrec;personal;Jordi;;False
6055;Efectiu;;24/01/2026;enero;2026;0.0;-4.2;Càrrec;menjar;Pa i pastisseria;Pa Marta;False
6066;Efectiu;;25/01/2026;enero;2026;0.0;5.92;Càrrec;menjar;Fruiteria Deepak;;False
6067;Efectiu;;26/01/2026;enero;2026;0.0;10.75;Càrrec;menjar;AreaGuissona;;False
6070;Efectiu;;26/01/2026;enero;2026;0.0;-4.72;Càrrec;neteja;Clarel;;False
6074;Efectiu;;28/01/2026;enero;2026;0.0;2.1;Càrrec;menjar;Fruiterra;;False
6075;Efectiu;;29/01/2026;enero;2026;0.0;2.0;Càrrec;varis;Certificat/registre;empradonament;False
6079;BBVA;Compte;31/01/2026;enero;2026;0.0;489.43;Càrrec;despesa_general;Hipoteca;;False
6086;Efectiu;;01/02/2026;febrero;2026;0.0;55.0;Càrrec;despesa_general;Lloguer Parking;;False
6087;BBVA;VISA;01/02/2026;febrero;2026;0.0;100.69;Càrrec;Parallar;Wallapop;2 acumuladors;False
6091;Efectiu;;01/02/2026;febrero;2026;0.0;21.96;Càrrec;menjar;Novavenda;;False
6093;BBVA;Compte;02/02/2026;febrero;2026;0.0;90.28;Càrrec;despesa_general;Piscina;;False
6097;TradeRep.;Compte;03/02/2026;febrero;2026;0.0;25.0;Càrrec;despesa_general;Accions S&P500;;False
6065;Efectiu;;25/01/2026;enero;2026;0.0;5.1;Càrrec;menjar;Plaça;;False
6090;Efectiu;;01/02/2026;febrero;2026;0.0;7.8;Càrrec;menjar;Plaça;;False
6024;TradeRep.;Dèbit;12/01/2026;enero;2026;0.0;4.8;Càrrec;menjar;AreaGuissona;;False
6098;TradeRep.;Compte;03/02/2026;febrero;2026;0.0;25.0;Càrrec;despesa_general;Accions NVIDIA;;False
6111;BBVA;Compte;05/02/2026;febrero;2026;0.0;42.34;Càrrec;assegurança;BBVA Asseg. Casa;;False
6112;BBVA;Compte;05/02/2026;febrero;2026;0.0;90.46;Càrrec;despesa_general;Endesa;;False
6115;BBVA;Compte;05/02/2026;febrero;2026;0.0;220.5;Càrrec;despesa_general;PJ Isabel;;False
6116;BBVA;Compte;05/02/2026;febrero;2026;0.0;68.43;Càrrec;despesa_general;Aigua;;False
6113;BBVA;Compte;05/02/2026;febrero;2026;0.0;17.96;Càrrec;assegurança;DP Morts Enric;;False
6114;BBVA;Compte;05/02/2026;febrero;2026;0.0;21.62;Càrrec;assegurança;DP MP Mireia;;False
6125;BBVA;VISA;07/02/2026;febrero;2026;0.0;17.78;Càrrec;manteniment;Aliexpress;2 magnetotèrmic ;False
6120;Efectiu;;03/02/2026;febrero;2026;0.0;2.44;Càrrec;menjar;Fruiterra;;False
6121;Efectiu;;05/02/2026;febrero;2026;0.0;5.0;Càrrec;personal;Jordi;;False
6124;BBVA;VISA;07/02/2026;febrero;2026;0.0;17.91;Càrrec;manteniment;Aliexpress;contactor 40A;False
6143;Efectiu;;08/02/2026;febrero;2026;0.0;4.7;Càrrec;menjar;Fruiteria Deepak;;False
6144;Efectiu;;08/02/2026;febrero;2026;0.0;19.94;Càrrec;menjar;Can Rinsa;;False
6152;Efectiu;;11/02/2026;febrero;2026;0.0;7.4;Càrrec;menjar;Fruiteria Deepak;;False
6160;BBVA;Compte;13/02/2026;febrero;2026;0.0;35.9;Càrrec;despesa_general;Lowi;;False
6162;BBVA;VISA;11/02/2026;febrero;2026;0.0;17.35;Càrrec;manteniment;Aliexpress;Termostat wifi;False
6163;BBVA;VISA;11/02/2026;febrero;2026;0.0;6.32;Càrrec;manteniment;Aliexpress;Rodes mobles pesants;False
6171;Efectiu;;14/02/2026;febrero;2026;0.0;3.25;Càrrec;menjar;Pa i pastisseria;;False
6482;Efectiu;;18/04/2026;abril;2026;0.0;5.0;Càrrec;personal;Jordi;;False
6108;Efectiu;;03/02/2026;febrero;2026;0.0;4.08;Càrrec;menjar;Plaça;;False
6110;TradeRep.;Dèbit;03/02/2026;febrero;2026;0.0;17.94;Càrrec;menjar;AreaGuissona;;False
6224;BBVA;Compte;02/03/2026;marzo;2026;0.0;28.89;Càrrec;assegurança;Ocaso;;False
6249;BBVA;Compte;05/03/2026;marzo;2026;0.0;42.34;Càrrec;assegurança;BBVA Asseg. Casa;;False
6250;BBVA;Compte;05/03/2026;marzo;2026;0.0;9.88;Càrrec;assegurança;DP Morts Enric;;False
6239;BBVA;VISA;03/03/2026;marzo;2026;0.0;-6.32;Càrrec;manteniment;Aliexpress;Devolució. Rodes mobles;False
6179;Efectiu;;20/02/2026;febrero;2026;0.0;30.0;Càrrec;menjar;Ous casolans;;False
6180;Efectiu;;19/02/2026;febrero;2026;0.0;5.0;Càrrec;menjar;Pa i pastisseria;;False
6185;Efectiu;;19/02/2026;febrero;2026;0.0;41.0;Càrrec;restaurant;Restaurant;Dijous gras. Vic. Porc;False
6188;BBVA;Compte;01/03/2026;marzo;2026;0.0;80.24;Càrrec;despesa_general;Endesa;;False
6209;Efectiu;;21/02/2026;febrero;2026;0.0;2.0;Càrrec;menjar;Novavenda;;False
6210;Efectiu;;25/02/2026;febrero;2026;0.0;3.5;Càrrec;menjar;Fruiteria Bayes;;False
6211;Efectiu;;23/02/2026;febrero;2026;0.0;7.0;Càrrec;menjar;Pa i pastisseria;;False
6212;Efectiu;;25/02/2026;febrero;2026;0.0;2.93;Càrrec;menjar;Fruiterra;;False
6213;Efectiu;;25/02/2026;febrero;2026;0.0;5.0;Càrrec;personal;Jordi;;False
6220;BBVA;VISA;27/02/2026;febrero;2026;0.0;204.25;Càrrec;proveidor;Exaprint;Estovalles Xarrup 3000;False
6221;BBVA;Compte;28/02/2026;febrero;2026;0.0;489.43;Càrrec;despesa_general;Hipoteca;;False
6225;BBVA;Compte;02/03/2026;marzo;2026;0.0;90.28;Càrrec;despesa_general;Piscina;;False
6230;TradeRep.;Compte;02/03/2026;marzo;2026;0.0;25.0;Càrrec;despesa_general;Accions S&P500;;False
6231;TradeRep.;Compte;02/03/2026;marzo;2026;0.0;25.0;Càrrec;despesa_general;Accions NVIDIA;;False
6232;Efectiu;;02/03/2026;marzo;2026;0.0;55.0;Càrrec;despesa_general;Lloguer Parking;;False
6233;Efectiu;;01/03/2026;marzo;2026;0.0;7.28;Càrrec;menjar;Pa i pastisseria;;False
6235;Efectiu;;02/03/2026;marzo;2026;0.0;30.0;Càrrec;menjar;Ous casolans;;False
6243;Efectiu;;03/03/2026;marzo;2026;0.0;18.96;Càrrec;menjar;Can Rinsa;;False
6244;Efectiu;;03/03/2026;marzo;2026;0.0;5.0;Càrrec;personal;Jordi;;False
6172;TradeRep.;Dèbit;17/02/2026;febrero;2026;0.0;7.96;Càrrec;manteniment;Action Girona;Piles+Bombeta+cianocrilat;False
6173;TradeRep.;Dèbit;17/02/2026;febrero;2026;0.0;0.65;Càrrec;varis;Parking;Sta. Caterina;False
6252;BBVA;Compte;05/03/2026;marzo;2026;0.0;220.5;Càrrec;despesa_general;PJ Isabel;;False
6254;BBVA;VISA;04/03/2026;marzo;2026;0.0;16.0;Càrrec;manteniment;Temu;rodes mobles pesants;False
6251;BBVA;Compte;05/03/2026;marzo;2026;0.0;21.62;Càrrec;assegurança;DP MP Mireia;;False
6284;BBVA;VISA;13/03/2026;marzo;2026;0.0;42.67;Càrrec;Parallar;Aliexpress;termòstat+làmina cale.;False
6316;Efectiu;;18/03/2026;marzo;2026;0.0;48.0;Càrrec;restaurant;Restaurant;Can Quel. Palamós;False
6256;TradeRep.;Dèbit;07/03/2026;marzo;2026;0.0;2.15;Càrrec;varis;Parking;zona blava Palamós;False
6263;Efectiu;;08/03/2026;marzo;2026;0.0;3.2;Càrrec;menjar;Fruiteria Deepak;;False
6264;Efectiu;;06/03/2026;marzo;2026;0.0;1.59;Càrrec;menjar;Fruiterra;;False
6269;Efectiu;;09/03/2026;marzo;2026;0.0;0.9;Càrrec;menjar;Pa i pastisseria;;False
6270;Efectiu;;09/03/2026;marzo;2026;0.0;2.75;Càrrec;menjar;AreaGuissona;;False
6281;Efectiu;;12/03/2026;marzo;2026;0.0;3.6;Càrrec;menjar;Pa i pastisseria;;False
6282;Efectiu;;12/03/2026;marzo;2026;0.0;1.48;Càrrec;menjar;Fruiteria Deepak;;False
6283;BBVA;Compte;13/03/2026;marzo;2026;0.0;35.9;Càrrec;despesa_general;Lowi;;False
6287;BBVA;Compte;16/03/2026;marzo;2026;0.0;0.82;Càrrec;varis;Interesos;;False
6306;Efectiu;;17/03/2026;marzo;2026;0.0;6.57;Càrrec;neteja;Clarel;;False
6307;T.Moneder;Compte;19/03/2026;marzo;2026;0.0;2.75;Càrrec;menjar;Dia;;False
6308;Efectiu;;14/03/2026;marzo;2026;0.0;5.68;Càrrec;menjar;Peixeteria;;False
6309;Efectiu;;20/03/2026;marzo;2026;0.0;2.9;Càrrec;menjar;Fruiteria Bayes;;False
6311;Efectiu;;13/03/2026;marzo;2026;0.0;12.25;Càrrec;varis;Transport;Targeta Jordi;False
6313;Efectiu;;14/03/2026;marzo;2026;0.0;3.3;Càrrec;menjar;Pa i pastisseria;;False
6314;Efectiu;;17/03/2026;marzo;2026;0.0;3.5;Càrrec;menjar;Fruiteria Deepak;;False
6315;Efectiu;;18/03/2026;marzo;2026;0.0;9.24;Càrrec;menjar;Fruiterra;;False
6317;Efectiu;;18/03/2026;marzo;2026;0.0;5.0;Càrrec;personal;Jordi;;False
6319;Efectiu;;20/03/2026;marzo;2026;0.0;6.68;Càrrec;menjar;Can Rinsa;;False
6262;Efectiu;;08/03/2026;marzo;2026;0.0;15.2;Càrrec;menjar;Plaça;;False
6255;TradeRep.;Dèbit;06/03/2026;marzo;2026;0.0;9.7;Càrrec;menjar;Pa i pastisseria;;False
6323;Efectiu;;22/03/2026;marzo;2026;0.0;20.0;Càrrec;gasolina;GasolinaAreaGuissona;;False
6325;Efectiu;;21/03/2026;marzo;2026;0.0;2.35;Càrrec;menjar;Fruiteria Bayes;;False
6376;BBVA;Compte;01/04/2026;abril;2026;0.0;28.89;Càrrec;assegurança;Ocaso;;False
6386;BBVA;Compte;06/04/2026;abril;2026;0.0;42.34;Càrrec;assegurança;BBVA Asseg. Casa;;False
6346;BBVA;Compte;26/03/2026;marzo;2026;0.0;22.99;Càrrec;varis;Advocat;Reclamació BBVA;False
6329;T.Moneder;Compte;21/03/2026;marzo;2026;0.0;1.6;Càrrec;personal;Jordi;;False
6357;Efectiu;;26/03/2026;marzo;2026;0.0;19.5;Càrrec;restaurant;Restaurant;Montsoriu. Gimnàs Isa;False
6364;BBVA;VISA;28/03/2026;marzo;2026;0.0;-18.21;Càrrec;manteniment;Aliexpress;Termòstat Cancelació;False
6343;Efectiu;;24/03/2026;marzo;2026;0.0;2.4;Càrrec;menjar;Pa i pastisseria;;False
6344;Efectiu;;22/03/2026;marzo;2026;0.0;3.44;Càrrec;menjar;Fruiteria Deepak;;False
6345;Efectiu;;24/03/2026;marzo;2026;0.0;4.0;Càrrec;personal;Jordi;;False
6358;Efectiu;;27/03/2026;marzo;2026;0.0;8.55;Càrrec;menjar;Pa i pastisseria;;False
6359;Efectiu;;28/03/2026;marzo;2026;0.0;1.8;Càrrec;menjar;Fruiteria Bayes;;False
6362;Efectiu;;28/03/2026;marzo;2026;0.0;5.67;Càrrec;menjar;Fruiterra;;False
6363;BBVA;VISA;27/03/2026;marzo;2026;0.0;19.47;Càrrec;manteniment;Aliexpress;bluetooth cotxe+cordons;False
6368;BBVA;Compte;31/03/2026;marzo;2026;0.0;489.43;Càrrec;despesa_general;Hipoteca;;False
6375;Efectiu;;31/03/2026;marzo;2026;0.0;0.95;Càrrec;manteniment;Xino Sta.Coloma;tacos 5;False
6377;BBVA;Compte;01/04/2026;abril;2026;0.0;90.28;Càrrec;despesa_general;Piscina;;False
6389;Efectiu;;03/04/2026;abril;2026;0.0;6.0;Càrrec;menjar;Pa i pastisseria;;False
6390;Efectiu;;03/04/2026;abril;2026;0.0;5.0;Càrrec;personal;Jordi;;False
6399;Efectiu;;03/04/2026;abril;2026;0.0;6.8;Càrrec;menjar;Fruiterra;;False
6402;TradeRep.;Compte;02/04/2026;abril;2026;0.0;25.0;Càrrec;despesa_general;Accions S&P500;;False
6403;TradeRep.;Compte;02/04/2026;abril;2026;0.0;25.0;Càrrec;despesa_general;Accions NVIDIA;;False
6408;TradeRep.;Compte;02/04/2026;abril;2026;0.0;-4.99;Càrrec;roba;LIDL;malles isa;False
6393;Efectiu;;05/04/2026;abril;2026;0.0;16.96;Càrrec;menjar;Plaça;;False
6324;TradeRep.;Dèbit;21/03/2026;marzo;2026;0.0;24.55;Càrrec;menjar;Fruiterra;;False
6447;BBVA;Compte;08/04/2026;abril;2026;0.0;9.72;Càrrec;assegurança;DP Morts Enric;;False
6478;Efectiu;;16/04/2026;abril;2026;0.0;55.0;Càrrec;restaurant;Restaurant;Far St. Sebastià;False
6416;Efectiu;;06/04/2026;abril;2026;0.0;30.0;Càrrec;menjar;Ous casolans;;False
6479;Efectiu;;18/04/2026;abril;2026;0.0;10.0;Càrrec;varis;Expectacles/Teatre;Excursió Herbes;False
6422;BBVA;Compte;07/04/2026;abril;2026;0.0;111.5;Càrrec;despesa_general;Endesa;;False
6423;Efectiu;;07/04/2026;abril;2026;0.0;55.0;Càrrec;despesa_general;Lloguer Parking;;False
6424;BBVA;VISA;07/04/2026;abril;2026;0.0;34.98;Càrrec;Parallar;LIDL;Aixeta cuina;False
6430;Efectiu;;08/04/2026;abril;2026;0.0;60.0;Càrrec;restaurant;Restaurant;Vostra Llar;False
6431;Efectiu;;08/04/2026;abril;2026;0.0;3.6;Càrrec;menjar;Novavenda;;False
6432;Efectiu;;08/04/2026;abril;2026;0.0;5.0;Càrrec;personal;Jordi;;False
6434;Efectiu;;11/04/2026;abril;2026;0.0;7.4;Càrrec;menjar;Pa i pastisseria;;False
6435;Efectiu;;11/04/2026;abril;2026;0.0;4.9;Càrrec;menjar;Novavenda;;False
6445;Efectiu;;12/04/2026;abril;2026;0.0;6.25;Càrrec;menjar;Fruiteria Deepak;;False
6448;BBVA;Compte;08/04/2026;abril;2026;0.0;12.0;Càrrec;varis;Jubilats Isa;;False
6449;BBVA;Compte;08/04/2026;abril;2026;0.0;12.0;Càrrec;varis;Jubilats Enric;;False
6450;BBVA;Compte;08/04/2026;abril;2026;0.0;220.5;Càrrec;despesa_general;PJ Isabel;;False
6452;Efectiu;;08/04/2026;abril;2026;0.0;30.0;Càrrec;restaurant;Restaurant;Viacrucis St. Hilari;False
6453;Efectiu;;08/04/2026;abril;2026;0.0;5.0;Càrrec;varis;Fira;Incens Jordi;False
6454;Efectiu;;14/04/2026;abril;2026;0.0;5.0;Càrrec;personal;Jordi;;False
6455;Efectiu;;14/04/2026;abril;2026;0.0;3.0;Càrrec;menjar;Pa i pastisseria;;False
6459;BBVA;Compte;14/04/2026;abril;2026;0.0;35.9;Càrrec;despesa_general;Lowi;;False
6465;BBVA;VISA;18/04/2026;abril;2026;0.0;18.85;Càrrec;varis;Regal;Envio Rosa St. Jordi a Mireia;False
6466;BBVA;VISA;18/04/2026;abril;2026;0.0;26.13;Càrrec;Parallar;Aliexpress;esterilla esquena;False
6480;Efectiu;;16/04/2026;abril;2026;0.0;20.0;Càrrec;personal;Enric;rentar cotxe;False
6481;Efectiu;;15/04/2026;abril;2026;0.0;45.0;Càrrec;varis;Perruqueria;Isabel;False
6412;TradeRep.;Dèbit;03/04/2026;abril;2026;0.0;27.71;Càrrec;gasolina;GasolinaAreaGuissona;;False
6413;TradeRep.;Dèbit;05/04/2026;abril;2026;0.0;24.81;Càrrec;menjar;Dia;;False
6414;TradeRep.;Dèbit;06/04/2026;abril;2026;0.0;15.8;Càrrec;menjar;Pa i pastisseria;;False
6483;Efectiu;;18/04/2026;abril;2026;0.0;34.08;Càrrec;menjar;Vents i Marees;;False
6484;Efectiu;;18/04/2026;abril;2026;0.0;67.12;Càrrec;rebost;Vents i Marees;;False
6485;Efectiu;;18/04/2026;abril;2026;0.0;20.82;Càrrec;menjar;Can Rinsa;;False
6487;Efectiu;;19/04/2026;abril;2026;0.0;10.0;Càrrec;menjar;Pa i pastisseria;;False
6488;Efectiu;;19/04/2026;abril;2026;0.0;4.09;Càrrec;menjar;Fruiteria Deepak;;False
6489;Efectiu;;15/04/2026;abril;2026;0.0;11.04;Càrrec;menjar;Fruiterra;;False
6542;BBVA;Compte;04/05/2026;mayo;2026;0.0;28.89;Càrrec;assegurança;Ocaso;;False
6496;BBVA;VISA;23/04/2026;abril;2026;0.0;30.8;Càrrec;gasolina;GasolinaAreaGuissona;;False
6557;BBVA;Compte;06/05/2026;mayo;2026;0.0;42.34;Càrrec;assegurança;BBVA Asseg. Casa;;False
6558;BBVA;Compte;06/05/2026;mayo;2026;0.0;14.12;Càrrec;assegurança;DP Morts Enric;;False
6521;BBVA;Compte;29/04/2026;abril;2026;21.86;0.0;Càrrec;ingrés_general;Cartera DP Petit;;False
6501;Efectiu;;23/04/2026;abril;2026;0.0;21.11;Càrrec;varis;Llibres;St. Jordi;False
6502;Efectiu;;24/04/2026;abril;2026;0.0;4.31;Càrrec;menjar;Fruiterra;;False
6504;Efectiu;;20/04/2026;abril;2026;0.0;3.62;Càrrec;menjar;Novavenda;;False
6506;Efectiu;;22/04/2026;abril;2026;0.0;35.0;Càrrec;varis;Perruqueria;Jordi i Enric;False
6522;BBVA;Compte;30/04/2026;abril;2026;0.0;489.43;Càrrec;despesa_general;Hipoteca;;False
6524;BBVA;Compte;01/05/2026;mayo;2026;0.0;63.42;Càrrec;despesa_general;Endesa;;False
6540;TradeRep.;Compte;04/05/2026;mayo;2026;0.0;25.0;Càrrec;despesa_general;Accions S&P500;;False
6541;TradeRep.;Compte;04/05/2026;mayo;2026;0.0;25.0;Càrrec;despesa_general;Accions NVIDIA;;False
6543;BBVA;Compte;04/05/2026;mayo;2026;0.0;90.28;Càrrec;despesa_general;Piscina;;False
6545;Efectiu;;03/05/2026;mayo;2026;0.0;5.0;Càrrec;personal;Jordi;;False
6546;Efectiu;;02/05/2026;mayo;2026;0.0;5.68;Càrrec;menjar;Altres menjar;;False
6547;Efectiu;;02/05/2026;mayo;2026;0.0;5.0;Càrrec;varis;Loteria;;False
6548;Efectiu;;02/05/2026;mayo;2026;0.0;9.0;Càrrec;Parallar;Altres mobles;plantes Sta. Coloma F.;False
6550;Efectiu;;05/05/2026;mayo;2026;0.0;2.28;Càrrec;menjar;Fruiterra;;False
6551;Efectiu;;05/05/2026;mayo;2026;0.0;5.0;Càrrec;personal;Jordi;;False
6559;BBVA;Compte;06/05/2026;mayo;2026;0.0;220.5;Càrrec;despesa_general;PJ Isabel;;False
6560;BBVA;Compte;08/05/2026;mayo;2026;0.0;90.94;Càrrec;despesa_general;Aigua;;False
6561;Efectiu;;08/05/2026;mayo;2026;0.0;55.0;Càrrec;despesa_general;Lloguer Parking;;False
6567;BBVA;Compte;12/05/2026;mayo;2026;0.0;10.0;Càrrec;roba;Altre roba;samarreta Marxa Primavera;False
6486;Efectiu;;19/04/2026;abril;2026;0.0;8.3;Càrrec;menjar;Plaça;;False
6505;Efectiu;;22/04/2026;abril;2026;0.0;20.0;Càrrec;roba;Sports Arbúcies;Jordi;False
6492;BBVA;Dèbit;23/04/2026;abril;2026;0.0;76.0;Càrrec;restaurant;Restaurant;BCN. Sushi i saki;False
6568;BBVA;Compte;13/05/2026;mayo;2026;0.0;35.9;Càrrec;despesa_general;Lowi;;False
6569;BBVA;Compte;13/05/2026;mayo;2026;0.0;2.0;Càrrec;varis;Certificat/registre;BBVA titularitat;False
6595;Efectiu;;15/05/2026;mayo;2026;0.0;5.8;Càrrec;varis;Papereria;Fotocòpies Jordi;False
6575;Efectiu;;10/05/2026;mayo;2026;0.0;3.9;Càrrec;menjar;Pa i pastisseria;;False
6576;Efectiu;;10/05/2026;mayo;2026;0.0;4.2;Càrrec;menjar;Fruiteria Deepak;;False
6577;Efectiu;;10/05/2026;mayo;2026;0.0;30.0;Càrrec;menjar;Ous casolans;;False
6579;Efectiu;;10/05/2026;mayo;2026;0.0;30.0;Càrrec;varis;Viatges;Marxa Primavera;False
6586;Efectiu;;12/05/2026;mayo;2026;0.0;18.07;Càrrec;menjar;Can Rinsa;;False
6590;T.Moneder;Compte;15/05/2026;mayo;2026;0.0;1.0;Càrrec;personal;Jordi;;False
6596;Efectiu;;14/05/2026;mayo;2026;0.0;4.4;Càrrec;menjar;Pa i pastisseria;;False
6610;T.Moneder;Compte;16/05/2026;mayo;2026;0.0;1.5;Càrrec;personal;Jordi;;False
6616;Efectiu;;17/05/2026;mayo;2026;0.0;2.12;Càrrec;menjar;Fruiteria Deepak;;False
6618;Efectiu;;16/05/2026;mayo;2026;0.0;4.41;Càrrec;menjar;Fruiteria Deepak;;False
6619;Efectiu;;19/05/2026;mayo;2026;0.0;7.0;Càrrec;menjar;Pa i pastisseria;;False
6621;BBVA;VISA;14/05/2026;mayo;2026;0.0;14.17;Càrrec;manteniment;Aliexpress;aixeta+altres;False
6622;BBVA;VISA;14/05/2026;mayo;2026;0.0;23.24;Càrrec;manteniment;Aliexpress;genollera+;False
6623;Efectiu;;11/05/2026;mayo;2026;0.0;5.95;Càrrec;manteniment;Xino Sta.Coloma;Turba;False
6624;Efectiu;;18/05/2026;mayo;2026;0.0;16.0;Càrrec;menjar;Can Rinsa;;False
6625;Efectiu;;20/05/2026;mayo;2026;0.0;3.8;Càrrec;menjar;Fruiteria Deepak;;False
6627;BBVA;VISA;22/05/2026;mayo;2026;0.0;59.98;Càrrec;manteniment;LIDL;taladro pica pica;False
6642;Efectiu;;26/05/2026;mayo;2026;0.0;3.0;Càrrec;menjar;Pa i pastisseria;;False
6644;Efectiu;;26/05/2026;mayo;2026;0.0;7.76;Càrrec;menjar;Fruiterra;;False
6620;Efectiu;;17/05/2026;mayo;2026;0.0;12.87;Càrrec;menjar;Plaça;;False
6626;Efectiu;;22/05/2026;mayo;2026;0.0;17.0;Càrrec;varis;Podòleg;Isabel. Jubilats;False
6572;TradeRep.;Dèbit;08/05/2026;mayo;2026;0.0;16.71;Càrrec;menjar;Dia;;False
6573;TradeRep.;Dèbit;08/05/2026;mayo;2026;0.0;3.19;Càrrec;neteja;Dia;;False
6655;BBVA;Compte;31/05/2026;mayo;2026;0.0;489.43;Càrrec;despesa_general;Hipoteca;;False
6658;BBVA;Compte;01/06/2026;junio;2026;0.0;28.89;Càrrec;assegurança;Ocaso;;False
6657;BBVA;Compte;01/06/2026;junio;2026;0.0;34.79;Càrrec;despesa_general;Endesa;;False
6659;BBVA;Compte;01/06/2026;junio;2026;0.0;90.28;Càrrec;despesa_general;Piscina;;False
6679;BBVA;Compte;04/06/2026;junio;2026;0.0;42.34;Càrrec;assegurança;BBVA Asseg. Casa;;False
6682;BBVA;Compte;05/06/2026;junio;2026;0.0;14.04;Càrrec;assegurança;DP Morts Enric;;False
6676;Efectiu;;01/06/2026;junio;2026;0.0;4.0;Càrrec;varis;Papereria;Fotocòpies;False
6741;Efectiu;;15/06/2026;junio;2026;0.0;79.5;Càrrec;restaurant;Restaurant;El Pla. Palamós;False
6671;Efectiu;;31/05/2026;mayo;2026;0.0;13.0;Càrrec;menjar;Pa i pastisseria;;False
6674;Efectiu;;31/05/2026;mayo;2026;0.0;4.0;Càrrec;menjar;Fruiteria Deepak;;False
6675;Efectiu;;31/05/2026;mayo;2026;0.0;13.0;Càrrec;restaurant;Bar;Casino;False
6680;BBVA;Compte;04/06/2026;junio;2026;0.0;220.5;Càrrec;despesa_general;PJ Isabel;;False
6683;BBVA;VISA;01/06/2026;junio;2026;0.0;21.99;Càrrec;varis;IA;Antigravity;False
6684;TradeRep.;Compte;02/06/2026;junio;2026;0.0;25.0;Càrrec;despesa_general;Accions S&P500;;False
6685;TradeRep.;Compte;02/06/2026;junio;2026;0.0;25.0;Càrrec;despesa_general;Accions NVIDIA;;False
6699;Efectiu;;05/06/2026;junio;2026;0.0;10.44;Càrrec;menjar;Fruiteria Deepak;;False
6700;Efectiu;;05/06/2026;junio;2026;0.0;8.52;Càrrec;menjar;Fruiterra;;False
6701;Efectiu;;01/06/2026;junio;2026;0.0;3.62;Càrrec;menjar;Novavenda;;False
6703;Efectiu;;04/06/2026;junio;2026;0.0;3.0;Càrrec;menjar;Pa i pastisseria;;False
6704;Efectiu;;06/06/2026;junio;2026;0.0;10.0;Càrrec;personal;Jordi;;False
6705;Efectiu;;06/06/2026;junio;2026;0.0;3.0;Càrrec;varis;Expectacles/Teatre;Banderetes carrer;False
6708;Efectiu;;08/06/2026;junio;2026;0.0;55.0;Càrrec;despesa_general;Lloguer Parking;;False
6709;Efectiu;;05/06/2026;junio;2026;0.0;28.0;Càrrec;restaurant;Restaurant;Enrramades.Sopar veins;False
6713;Efectiu;;07/06/2026;junio;2026;0.0;9.5;Càrrec;menjar;Pa i pastisseria;;False
6747;BBVA;VISA;17/06/2026;junio;2026;;343.64;Càrrec;proveidor;ImprentaRapidaOnline;Cartes wire-o L'Olivera;False
6672;Efectiu;;31/05/2026;mayo;2026;0.0;3.0;Càrrec;menjar;Plaça;;False
6673;Efectiu;;31/05/2026;mayo;2026;0.0;10.0;Càrrec;menjar;Plaça;;False
6748;TradeRep.;Dèbit;15/06/2026;junio;2026;;19.17;Càrrec;menjar;AreaGuissona;;False
6749;TradeRep.;Dèbit;16/06/2026;junio;2026;;6.3;Càrrec;restaurant;Bar;Desig. Palam┬Ñs;False
6702;Efectiu;;05/06/2026;junio;2026;0.0;1.5;Càrrec;menjar;Plaça;;False
6712;Efectiu;;07/06/2026;junio;2026;0.0;10.8;Càrrec;menjar;Plaça;;False
6650;TradeRep.;Dèbit;27/05/2026;mayo;2026;0.0;3.99;Càrrec;neteja;Novavenda;;False
6654;BBVA;Dèbit;29/05/2026;mayo;2026;0.0;21.39;Càrrec;restaurant;Restaurant;McDonalds. Girona;False
6660;TradeRep.;Dèbit;28/05/2026;mayo;2026;0.0;4.4;Càrrec;menjar;Pa i pastisseria;;False
6661;TradeRep.;Dèbit;28/05/2026;mayo;2026;0.0;77.61;Càrrec;menjar;BonPreu;;False
2377;BBVA;Compte;03/07/2023;julio;2023;0.0;15.44;Càrrec;despesa_general;Endesa;;False
6752;TradeRep.;Dèbit;17/06/2026;junio;2026;;18.35;Càrrec;menjar;La Sirena;;False
6753;TradeRep.;Dèbit;17/06/2026;junio;2026;;5.13;Càrrec;neteja;Clarel;;False
6754;TradeRep.;Dèbit;18/06/2026;junio;2026;;4.4;Càrrec;menjar;Pa i pastisseria;;False
6755;TradeRep.;Dèbit;18/06/2026;junio;2026;;20.37;Càrrec;menjar;Dia;;False
6758;TradeRep.;Dèbit;19/06/2026;junio;2026;;15.72;Càrrec;menjar;Novavenda;;False
6759;TradeRep.;Dèbit;19/06/2026;junio;2026;;5.98;Càrrec;neteja;Novavenda;;False
6760;TradeRep.;Dèbit;20/06/2026;junio;2026;;3.21;Càrrec;menjar;Fruiterra;;False
6762;Efectiu;;21/06/2026;junio;2026;;10.4;Càrrec;menjar;Plaça;;False
5949;TradeRep.;Dèbit;29/12/2025;diciembre;2025;0.0;128.5;Càrrec;varis;Òptica;Ulleres Jordi;False
4444;BBVA;Dèbit;02/01/2025;enero;2025;0.0;196.0;Càrrec;varis;Òptica;2/2 Ulleres Enric i Isabel;False
4395;BBVA;Dèbit;23/12/2024;diciembre;2024;0.0;196.0;Càrrec;varis;Òptica;1/2 Ulleres Enric i Isabel;False
6757;BBVA;VISA;21/06/2026;junio;2026;;12.67;Càrrec;manteniment;Aliexpress;rj45+esparadrap+serra;False
6761;Efectiu;;21/06/2026;junio;2026;;4.4;Càrrec;menjar;Pa i pastisseria;;False
6763;Efectiu;;21/06/2026;junio;2026;;20.0;Càrrec;restaurant;Restaurant;Arròs. El Celler;False
6734;LaCaixa;Compte;10/06/2026;junio;2026;0.0;68.46;Càrrec;despesa_general;Ajunt. Arbúcies;;False
6563;LaCaixa;Compte;11/05/2026;mayo;2026;0.0;68.46;Càrrec;despesa_general;Ajunt. Arbúcies;;False
6460;LaCaixa;Compte;14/04/2026;abril;2026;0.0;68.46;Càrrec;despesa_general;Ajunt. Arbúcies;;False
6274;LaCaixa;Compte;10/03/2026;marzo;2026;0.0;68.46;Càrrec;despesa_general;Ajunt. Arbúcies;;False
6215;LaCaixa;Compte;10/02/2026;febrero;2026;0.0;68.46;Càrrec;despesa_general;Ajunt. Arbúcies;;False
6004;LaCaixa;Compte;09/01/2026;enero;2026;0.0;68.46;Càrrec;despesa_general;Ajunt. Arbúcies;;False
5857;LaCaixa;Compte;04/12/2025;diciembre;2025;0.0;29.23;Càrrec;despesa_general;Ajunt. Arbúcies;;False
