Nº Periode;Saldo inicial;Quota fixa;Interés;Abono capital;aportació;Saldo final;data;mes;any;pagat;id
0.0;;;;;;83376,21;;;;;1
;;;;;;;;;;;69
;;;;;;;;;;;70
;;;;;;;;;;;142
;;;;;;;;;;;216
;;;;;;;;;;;246
;;;;;;;;;;;247
;;;;;;;;;;;248
;;;;;;;;;;;249
;;;;;;;;;;;250
;;;;;;;;;;;251
;;;;;;;;;;;252
;;;;;;;;;;;253
;;;;;;;;;;;254
;;;;;;;;;;;255
;;;;;;;;;;;256
;;;;;;;;;;;257
;;;;;;;;;;;258
;;;;;;;;;;;259
;;;;;;;;;;;260
;;;;;;;;;;;261
;;;;;;;;;;;262
;;;;;;;;;;;263
;;;;;;;;;;;264
;;;;;;;;;;;265
;;;;;;;;;;;266
;;;;;;;;;;;267
;;;;;;;;;;;268
;;;;;;;;;;;269
;;;;;;;;;;;270
;;;;;;;;;;;271
;;;;;;;;;;;272
;;;;;;;;;;;273
;;;;;;;;;;;274
;;;;;;;;;;;275
;;;;;;;;;;;276
;;;;;;;;;;;277
;;;;;;;;;;;278
;;;;;;;;;;;279
;;;;;;;;;;;280
;;;;;;;;;;;281
;;;;;;;;;;;282
;;;;;;;;;;;283
;;;;;;;;;;;284
;;;;;;;;;;;285
;;;;;;;;;;;286
;;;;;;;;;;;287
;;;;;;;;;;;288
;;;;;;;;;;;289
;;;;;;;;;;;290
;;;;;;;;;;;291
;;;;;;;;;;;292
;;;;;;;;;;;293
;;;;;;;;;;;294
;;;;;;;;;;;295
;;;;;;;;;;;296
;;;;;;;;;;;297
;;;;;;;;;;;298
;;;;;;;;;;;299
;;;;;;;;;;;300
;;;;;;;;;;;301
;;;;;;;;;;;302
;;;;;;;;;;;303
;;;;;;;;;;;304
;;;;;;;;;;;305
;;;;;;;;;;;306
;;;;;;;;;;;307
;;;;;;;;;;;308
;;;;;;;;;;;309
;;;;;;;;;;;310
;;;;;;;;;;;311
;;;;;;;;;;;312
;;;;;;;;;;;313
;;;;;;;;;;;314
;;;;;;;;;;;315
;;;;;;;;;;;316
;;;;;;;;;;;317
;;;;;;;;;;;318
;;;;;;;;;;;319
;;;;;;;;;;;320
;;;;;;;;;;;321
;;;;;;;;;;;322
;;;;;;;;;;;323
;;;;;;;;;;;324
;;;;;;;;;;;325
;;;;;;;;;;;326
;;;;;;;;;;;327
;;;;;;;;;;;328
;;;;;;;;;;;329
;;;;;;;;;;;330
;;;;;;;;;;;331
;;;;;;;;;;;332
;;;;;;;;;;;333
;;;;;;;;;;;334
;;;;;;;;;;;335
;;;;;;;;;;;336
;;;;;;;;;;;337
;;;;;;;;;;;338
;;;;;;;;;;;339
;;;;;;;;;;;340
;;;;;;;;;;;341
;;;;;;;;;;;342
;;;;;;;;;;;343
;;;;;;;;;;;344
;;;;;;;;;;;345
;;;;;;;;;;;346
;;;;;;;;;;;347
;;;;;;;;;;;348
;;;;;;;;;;;349
;;;;;;;;;;;350
;;;;;;;;;;;351
;;;;;;;;;;;352
;;;;;;;;;;;353
;;;;;;;;;;;354
;;;;;;;;;;;355
;;;;;;;;;;;356
;;;;;;;;;;;357
;;;;;;;;;;;358
;;;;;;;;;;;359
;;;;;;;;;;;360
;;;;;;;;;;;361
;;;;;;;;;;;362
;;;;;;;;;;;363
;;;;;;;;;;;364
;;;;;;;;;;;365
;;;;;;;;;;;366
;;;;;;;;;;;367
;;;;;;;;;;;368
;;;;;;;;;;;369
;;;;;;;;;;;370
;;;;;;;;;;;371
;;;;;;;;;;;372
;;;;;;;;;;;373
;;;;;;;;;;;374
;;;;;;;;;;;375
;;;;;;;;;;;376
;;;;;;;;;;;377
;;;;;;;;;;;378
;;;;;;;;;;;379
;;;;;;;;;;;380
;;;;;;;;;;;381
;;;;;;;;;;;382
;;;;;;;;;;;383
;;;;;;;;;;;384
;;;;;;;;;;;385
;;;;;;;;;;;386
;;;;;;;;;;;387
;;;;;;;;;;;388
;;;;;;;;;;;389
;;;;;;;;;;;390
;;;;;;;;;;;391
;;;;;;;;;;;392
;;;;;;;;;;;393
;;;;;;;;;;;394
;;;;;;;;;;;395
;;;;;;;;;;;396
;;;;;;;;;;;397
;;;;;;;;;;;398
;;;;;;;;;;;399
;;;;;;;;;;;400
;;;;;;;;;;;401
;;;;;;;;;;;402
;;;;;;;;;;;403
;;;;;;;;;;;404
;;;;;;;;;;;405
;;;;;;;;;;;406
;;;;;;;;;;;407
;;;;;;;;;;;408
;;;;;;;;;;;409
;;;;;;;;;;;410
;;;;;;;;;;;411
;;;;;;;;;;;412
;;;;;;;;;;;413
;;;;;;;;;;;414
;;;;;;;;;;;415
;;;;;;;;;;;416
;;;;;;;;;;;417
;;;;;;;;;;;418
;;;;;;;;;;;419
;;;;;;;;;;;420
;;;;;;;;;;;421
;;;;;;;;;;;422
;;;;;;;;;;;423
;;;;;;;;;;;424
;;;;;;;;;;;425
;;;;;;;;;;;426
;;;;;;;;;;;427
;;;;;;;;;;;428
;;;;;;;;;;;429
;;;;;;;;;;;430
;;;;;;;;;;;431
;;;;;;;;;;;432
;;;;;;;;;;;433
;;;;;;;;;;;434
;;;;;;;;;;;435
;;;;;;;;;;;436
;;;;;;;;;;;437
;;;;;;;;;;;438
;;;;;;;;;;;439
;;;;;;;;;;;440
;;;;;;;;;;;441
;;;;;;;;;;;442
;;;;;;;;;;;443
;;;;;;;;;;;444
;;;;;;;;;;;445
;;;;;;;;;;;446
;;;;;;;;;;;447
;;;;;;;;;;;448
;;;;;;;;;;;449
;;;;;;;;;;;450
;;;;;;;;;;;451
;;;;;;;;;;;452
;;;;;;;;;;;453
;;;;;;;;;;;454
;;;;;;;;;;;455
;;;;;;;;;;;456
;;;;;;;;;;;457
;;;;;;;;;;;458
;;;;;;;;;;;459
;;;;;;;;;;;460
;;;;;;;;;;;461
;;;;;;;;;;;462
;;;;;;;;;;;463
;;;;;;;;;;;464
;;;;;;;;;;;465
;;;;;;;;;;;466
;;;;;;;;;;;467
;;;;;;;;;;;468
;;;;;;;;;;;469
;;;;;;;;;;;470
;;;;;;;;;;;471
;;;;;;;;;;;472
;;;;;;;;;;;473
;;;;;;;;;;;474
;;;;;;;;;;;475
;;;;;;;;;;;476
;;;;;;;;;;;477
;;;;;;;;;;;478
;;;;;;;;;;;479
;;;;;;;;;;;480
;;;;;;;;;;;481
;;;;;;;;;;;482
;;;;;;;;;;;483
;;;;;;;;;;;484
;;;;;;;;;;;485
;;;;;;;;;;;486
;;;;;;;;;;;487
;;;;;;;;;;;488
;;;;;;;;;;;489
;;;;;;;;;;;490
;;;;;;;;;;;491
;;;;;;;;;;;492
;;;;;;;;;;;493
;;;;;;;;;;;494
;;;;;;;;;;;495
;;;;;;;;;;;496
;;;;;;;;;;;497
;;;;;;;;;;;498
;;;;;;;;;;;499
;;;;;;;;;;;500
;;;;;;;;;;;501
;;;;;;;;;;;502
;;;;;;;;;;;503
;;;;;;;;;;;504
;;;;;;;;;;;505
;;;;;;;;;;;506
;;;;;;;;;;;507
;;;;;;;;;;;508
;;;;;;;;;;;509
;;;;;;;;;;;510
;;;;;;;;;;;511
;;;;;;;;;;;512
;;;;;;;;;;;513
;;;;;;;;;;;514
;;;;;;;;;;;515
;;;;;;;;;;;516
;;;;;;;;;;;517
;;;;;;;;;;;518
;;;;;;;;;;;519
;;;;;;;;;;;520
;;;;;;;;;;;521
;;;;;;;;;;;522
;;;;;;;;;;;523
;;;;;;;;;;;524
;;;;;;;;;;;525
;;;;;;;;;;;526
;;;;;;;;;;;527
;;;;;;;;;;;528
;;;;;;;;;;;529
;;;;;;;;;;;530
;;;;;;;;;;;531
;;;;;;;;;;;532
;;;;;;;;;;;533
;;;;;;;;;;;534
;;;;;;;;;;;535
;;;;;;;;;;;536
;;;;;;;;;;;537
;;;;;;;;;;;538
;;;;;;;;;;;539
;;;;;;;;;;;540
;;;;;;;;;;;541
;;;;;;;;;;;542
;;;;;;;;;;;543
;;;;;;;;;;;544
;;;;;;;;;;;545
;;;;;;;;;;;546
;;;;;;;;;;;547
;;;;;;;;;;;548
;;;;;;;;;;;549
;;;;;;;;;;;550
;;;;;;;;;;;551
;;;;;;;;;;;552
;;;;;;;;;;;553
;;;;;;;;;;;554
;;;;;;;;;;;555
;;;;;;;;;;;556
;;;;;;;;;;;557
;;;;;;;;;;;558
;;;;;;;;;;;559
;;;;;;;;;;;560
;;;;;;;;;;;561
;;;;;;;;;;;562
;;;;;;;;;;;563
;;;;;;;;;;;564
;;;;;;;;;;;565
;;;;;;;;;;;566
;;;;;;;;;;;567
;;;;;;;;;;;568
;;;;;;;;;;;569
;;;;;;;;;;;570
;;;;;;;;;;;571
;;;;;;;;;;;572
;;;;;;;;;;;573
;;;;;;;;;;;574
;;;;;;;;;;;575
;;;;;;;;;;;576
;;;;;;;;;;;577
;;;;;;;;;;;578
;;;;;;;;;;;579
;;;;;;;;;;;580
;;;;;;;;;;;581
;;;;;;;;;;;582
;;;;;;;;;;;583
;;;;;;;;;;;584
;;;;;;;;;;;585
;;;;;;;;;;;586
;;;;;;;;;;;587
;;;;;;;;;;;588
;;;;;;;;;;;589
;;;;;;;;;;;590
;;;;;;;;;;;591
;;;;;;;;;;;592
;;;;;;;;;;;593
;;;;;;;;;;;594
;;;;;;;;;;;595
;;;;;;;;;;;596
;;;;;;;;;;;597
;;;;;;;;;;;598
;;;;;;;;;;;599
;;;;;;;;;;;600
;;;;;;;;;;;601
;;;;;;;;;;;602
;;;;;;;;;;;603
;;;;;;;;;;;604
;;;;;;;;;;;605
;;;;;;;;;;;606
;;;;;;;;;;;607
;;;;;;;;;;;608
;;;;;;;;;;;609
;;;;;;;;;;;610
;;;;;;;;;;;611
;;;;;;;;;;;612
;;;;;;;;;;;613
;;;;;;;;;;;614
;;;;;;;;;;;615
;;;;;;;;;;;616
;;;;;;;;;;;617
;;;;;;;;;;;618
;;;;;;;;;;;619
;;;;;;;;;;;620
;;;;;;;;;;;621
;;;;;;;;;;;622
;;;;;;;;;;;623
;;;;;;;;;;;624
;;;;;;;;;;;625
;;;;;;;;;;;626
;;;;;;;;;;;627
;;;;;;;;;;;628
;;;;;;;;;;;629
;;;;;;;;;;;630
;;;;;;;;;;;631
;;;;;;;;;;;632
;;;;;;;;;;;633
;;;;;;;;;;;634
;;;;;;;;;;;635
;;;;;;;;;;;636
;;;;;;;;;;;637
;;;;;;;;;;;638
;;;;;;;;;;;639
;;;;;;;;;;;640
;;;;;;;;;;;641
;;;;;;;;;;;642
;;;;;;;;;;;643
;;;;;;;;;;;644
;;;;;;;;;;;645
;;;;;;;;;;;646
;;;;;;;;;;;647
;;;;;;;;;;;648
;;;;;;;;;;;649
;;;;;;;;;;;650
;;;;;;;;;;;651
;;;;;;;;;;;652
;;;;;;;;;;;653
;;;;;;;;;;;654
;;;;;;;;;;;655
;;;;;;;;;;;656
;;;;;;;;;;;657
;;;;;;;;;;;658
;;;;;;;;;;;659
;;;;;;;;;;;660
;;;;;;;;;;;661
;;;;;;;;;;;662
;;;;;;;;;;;663
;;;;;;;;;;;664
;;;;;;;;;;;665
;;;;;;;;;;;666
;;;;;;;;;;;667
;;;;;;;;;;;668
;;;;;;;;;;;669
;;;;;;;;;;;670
;;;;;;;;;;;671
;;;;;;;;;;;672
;;;;;;;;;;;673
;;;;;;;;;;;674
;;;;;;;;;;;675
;;;;;;;;;;;676
;;;;;;;;;;;677
;;;;;;;;;;;678
;;;;;;;;;;;679
;;;;;;;;;;;680
;;;;;;;;;;;681
;;;;;;;;;;;682
;;;;;;;;;;;683
;;;;;;;;;;;684
;;;;;;;;;;;685
;;;;;;;;;;;686
;;;;;;;;;;;687
;;;;;;;;;;;688
;;;;;;;;;;;689
;;;;;;;;;;;690
;;;;;;;;;;;691
;;;;;;;;;;;692
;;;;;;;;;;;693
;;;;;;;;;;;694
;;;;;;;;;;;695
;;;;;;;;;;;696
;;;;;;;;;;;697
;;;;;;;;;;;698
;;;;;;;;;;;699
;;;;;;;;;;;700
;;;;;;;;;;;701
;;;;;;;;;;;702
;;;;;;;;;;;703
;;;;;;;;;;;704
;;;;;;;;;;;705
;;;;;;;;;;;706
;;;;;;;;;;;707
;;;;;;;;;;;708
;;;;;;;;;;;709
;;;;;;;;;;;710
;;;;;;;;;;;711
;;;;;;;;;;;712
;;;;;;;;;;;713
;;;;;;;;;;;714
;;;;;;;;;;;715
;;;;;;;;;;;716
;;;;;;;;;;;717
;;;;;;;;;;;718
;;;;;;;;;;;719
;;;;;;;;;;;720
;;;;;;;;;;;721
;;;;;;;;;;;722
;;;;;;;;;;;723
;;;;;;;;;;;724
;;;;;;;;;;;725
;;;;;;;;;;;726
;;;;;;;;;;;727
;;;;;;;;;;;728
;;;;;;;;;;;729
;;;;;;;;;;;730
;;;;;;;;;;;731
;;;;;;;;;;;732
;;;;;;;;;;;733
;;;;;;;;;;;734
;;;;;;;;;;;735
;;;;;;;;;;;736
;;;;;;;;;;;737
;;;;;;;;;;;738
;;;;;;;;;;;739
;;;;;;;;;;;740
;;;;;;;;;;;741
;;;;;;;;;;;742
;;;;;;;;;;;743
;;;;;;;;;;;744
;;;;;;;;;;;745
;;;;;;;;;;;746
;;;;;;;;;;;747
;;;;;;;;;;;748
;;;;;;;;;;;749
;;;;;;;;;;;750
;;;;;;;;;;;751
;;;;;;;;;;;752
;;;;;;;;;;;753
;;;;;;;;;;;754
;;;;;;;;;;;755
;;;;;;;;;;;756
;;;;;;;;;;;757
;;;;;;;;;;;758
;;;;;;;;;;;759
;;;;;;;;;;;760
;;;;;;;;;;;761
;;;;;;;;;;;762
;;;;;;;;;;;763
;;;;;;;;;;;764
;;;;;;;;;;;765
;;;;;;;;;;;766
;;;;;;;;;;;767
;;;;;;;;;;;768
;;;;;;;;;;;769
;;;;;;;;;;;770
;;;;;;;;;;;771
;;;;;;;;;;;772
;;;;;;;;;;;773
;;;;;;;;;;;774
;;;;;;;;;;;775
;;;;;;;;;;;776
;;;;;;;;;;;777
;;;;;;;;;;;778
;;;;;;;;;;;779
;;;;;;;;;;;780
;;;;;;;;;;;781
;;;;;;;;;;;782
;;;;;;;;;;;783
;;;;;;;;;;;784
;;;;;;;;;;;785
;;;;;;;;;;;786
;;;;;;;;;;;787
;;;;;;;;;;;788
;;;;;;;;;;;789
;;;;;;;;;;;790
;;;;;;;;;;;791
;;;;;;;;;;;792
;;;;;;;;;;;793
;;;;;;;;;;;794
;;;;;;;;;;;795
;;;;;;;;;;;796
;;;;;;;;;;;797
;;;;;;;;;;;798
;;;;;;;;;;;799
;;;;;;;;;;;800
;;;;;;;;;;;801
;;;;;;;;;;;802
;;;;;;;;;;;803
;;;;;;;;;;;804
;;;;;;;;;;;805
;;;;;;;;;;;806
;;;;;;;;;;;807
;;;;;;;;;;;808
;;;;;;;;;;;809
;;;;;;;;;;;810
;;;;;;;;;;;811
;;;;;;;;;;;812
;;;;;;;;;;;813
;;;;;;;;;;;814
;;;;;;;;;;;815
;;;;;;;;;;;816
;;;;;;;;;;;817
;;;;;;;;;;;818
;;;;;;;;;;;819
;;;;;;;;;;;820
;;;;;;;;;;;821
;;;;;;;;;;;822
;;;;;;;;;;;823
;;;;;;;;;;;824
;;;;;;;;;;;825
;;;;;;;;;;;826
;;;;;;;;;;;827
;;;;;;;;;;;828
;;;;;;;;;;;829
;;;;;;;;;;;830
;;;;;;;;;;;831
;;;;;;;;;;;832
;;;;;;;;;;;833
;;;;;;;;;;;834
;;;;;;;;;;;835
;;;;;;;;;;;836
;;;;;;;;;;;837
;;;;;;;;;;;838
;;;;;;;;;;;839
;;;;;;;;;;;840
;;;;;;;;;;;841
;;;;;;;;;;;842
;;;;;;;;;;;843
;;;;;;;;;;;844
;;;;;;;;;;;845
;;;;;;;;;;;846
;;;;;;;;;;;847
;;;;;;;;;;;848
;;;;;;;;;;;849
;;;;;;;;;;;850
;;;;;;;;;;;851
;;;;;;;;;;;852
;;;;;;;;;;;853
;;;;;;;;;;;854
;;;;;;;;;;;855
;;;;;;;;;;;856
;;;;;;;;;;;857
;;;;;;;;;;;858
;;;;;;;;;;;859
;;;;;;;;;;;860
;;;;;;;;;;;861
;;;;;;;;;;;862
;;;;;;;;;;;863
;;;;;;;;;;;864
;;;;;;;;;;;865
;;;;;;;;;;;866
;;;;;;;;;;;867
;;;;;;;;;;;868
;;;;;;;;;;;869
;;;;;;;;;;;870
;;;;;;;;;;;871
;;;;;;;;;;;872
;;;;;;;;;;;873
;;;;;;;;;;;874
;;;;;;;;;;;875
;;;;;;;;;;;876
;;;;;;;;;;;877
;;;;;;;;;;;878
;;;;;;;;;;;879
;;;;;;;;;;;880
;;;;;;;;;;;881
;;;;;;;;;;;882
;;;;;;;;;;;883
;;;;;;;;;;;884
;;;;;;;;;;;885
;;;;;;;;;;;886
;;;;;;;;;;;887
;;;;;;;;;;;888
;;;;;;;;;;;889
;;;;;;;;;;;890
;;;;;;;;;;;891
;;;;;;;;;;;892
;;;;;;;;;;;893
;;;;;;;;;;;894
;;;;;;;;;;;895
;;;;;;;;;;;896
;;;;;;;;;;;897
;;;;;;;;;;;898
;;;;;;;;;;;899
;;;;;;;;;;;900
;;;;;;;;;;;901
;;;;;;;;;;;902
;;;;;;;;;;;903
;;;;;;;;;;;904
;;;;;;;;;;;905
;;;;;;;;;;;906
;;;;;;;;;;;907
;;;;;;;;;;;908
;;;;;;;;;;;909
;;;;;;;;;;;910
;;;;;;;;;;;911
;;;;;;;;;;;912
;;;;;;;;;;;913
;;;;;;;;;;;914
;;;;;;;;;;;915
;;;;;;;;;;;916
;;;;;;;;;;;917
;;;;;;;;;;;918
;;;;;;;;;;;919
;;;;;;;;;;;920
;;;;;;;;;;;921
;;;;;;;;;;;922
;;;;;;;;;;;923
;;;;;;;;;;;924
;;;;;;;;;;;925
;;;;;;;;;;;926
;;;;;;;;;;;927
;;;;;;;;;;;928
;;;;;;;;;;;929
;;;;;;;;;;;930
;;;;;;;;;;;931
;;;;;;;;;;;932
;;;;;;;;;;;933
;;;;;;;;;;;934
;;;;;;;;;;;935
;;;;;;;;;;;936
;;;;;;;;;;;937
;;;;;;;;;;;938
;;;;;;;;;;;939
;;;;;;;;;;;940
;;;;;;;;;;;941
;;;;;;;;;;;942
;;;;;;;;;;;943
;;;;;;;;;;;944
;;;;;;;;;;;945
;;;;;;;;;;;946
;;;;;;;;;;;947
;;;;;;;;;;;948
;;;;;;;;;;;949
;;;;;;;;;;;950
;;;;;;;;;;;951
;;;;;;;;;;;952
;;;;;;;;;;;953
;;;;;;;;;;;954
;;;;;;;;;;;955
;;;;;;;;;;;956
;;;;;;;;;;;957
;;;;;;;;;;;958
;;;;;;;;;;;959
;;;;;;;;;;;960
;;;;;;;;;;;961
;;;;;;;;;;;962
;;;;;;;;;;;963
;;;;;;;;;;;964
;;;;;;;;;;;965
;;;;;;;;;;;966
;;;;;;;;;;;967
;;;;;;;;;;;968
;;;;;;;;;;;969
;;;;;;;;;;;970
;;;;;;;;;;;971
;;;;;;;;;;;972
;;;;;;;;;;;973
;;;;;;;;;;;974
;;;;;;;;;;;975
;;;;;;;;;;;976
;;;;;;;;;;;977
;;;;;;;;;;;978
;;;;;;;;;;;979
;;;;;;;;;;;980
;;;;;;;;;;;981
;;;;;;;;;;;982
;;;;;;;;;;;983
;;;;;;;;;;;984
;;;;;;;;;;;985
;;;;;;;;;;;986
;;;;;;;;;;;987
;;;;;;;;;;;988
;;;;;;;;;;;989
;;;;;;;;;;;990
;;;;;;;;;;;991
;;;;;;;;;;;992
;;;;;;;;;;;993
;;;;;;;;;;;994
;;;;;;;;;;;995
;;;;;;;;;;;996
;;;;;;;;;;;997
;;;;;;;;;;;998
;;;;;;;;;;;999
;;;;;;;;;;;1000
;;;;;;;;;;;1001
;;;;;;;;;;;1002
;;;;;;;;;;;1003
;;;;;;;;;;;1004
;;;;;;;;;;;1005
;;;;;;;;;;;1006
;;;;;;;;;;;1007
;;;;;;;;;;;1008
;;;;;;;;;;;1009
;;;;;;;;;;;1010
;;;;;;;;;;;1011
;;;;;;;;;;;1012
;;;;;;;;;;;1013
;;;;;;;;;;;1014
;;;;;;;;;;;1015
;;;;;;;;;;;1016
;;;;;;;;;;;1017
;;;;;;;;;;;1018
;;;;;;;;;;;1019
;;;;;;;;;;;1020
;;;;;;;;;;;1021
;;;;;;;;;;;1022
;;;;;;;;;;;1023
;;;;;;;;;;;1024
;;;;;;;;;;;1025
;;;;;;;;;;;1026
;;;;;;;;;;;1027
;;;;;;;;;;;1028
;;;;;;;;;;;1029
;;;;;;;;;;;1030
;;;;;;;;;;;1031
;;;;;;;;;;;1032
;;;;;;;;;;;1033
;;;;;;;;;;;1034
;;;;;;;;;;;1035
;;;;;;;;;;;1036
;;;;;;;;;;;1037
;;;;;;;;;;;1038
;;;;;;;;;;;1039
;;;;;;;;;;;1040
;;;;;;;;;;;1041
;;;;;;;;;;;1042
;;;;;;;;;;;1043
;;;;;;;;;;;1044
;;;;;;;;;;;1045
;;;;;;;;;;;1046
;;;;;;;;;;;1047
;;;;;;;;;;;1048
;;;;;;;;;;;1049
;;;;;;;;;;;1050
;;;;;;;;;;;1051
;;;;;;;;;;;1052
;;;;;;;;;;;1053
;;;;;;;;;;;1054
;;;;;;;;;;;1055
;;;;;;;;;;;1056
;;;;;;;;;;;1057
;;;;;;;;;;;1058
;;;;;;;;;;;1059
;;;;;;;;;;;1060
;;;;;;;;;;;1061
;;;;;;;;;;;1062
;;;;;;;;;;;1063
;;;;;;;;;;;1064
;;;;;;;;;;;1065
;;;;;;;;;;;1066
;;;;;;;;;;;1067
;;;;;;;;;;;1068
;;;;;;;;;;;1069
;;;;;;;;;;;1070
;;;;;;;;;;;1071
;;;;;;;;;;;1072
;;;;;;;;;;;1073
;;;;;;;;;;;1074
;;;;;;;;;;;1075
;;;;;;;;;;;1076
;;;;;;;;;;;1077
;;;;;;;;;;;1078
;;;;;;;;;;;1079
;;;;;;;;;;;1080
;;;;;;;;;;;1081
;;;;;;;;;;;1082
;;;;;;;;;;;1083
;;;;;;;;;;;1084
;;;;;;;;;;;1085
;;;;;;;;;;;1086
;;;;;;;;;;;1087
;;;;;;;;;;;1088
;;;;;;;;;;;1089
;;;;;;;;;;;1090
;;;;;;;;;;;1091
;;;;;;;;;;;1092
;;;;;;;;;;;1093
;;;;;;;;;;;1094
;;;;;;;;;;;1095
;;;;;;;;;;;1096
;;;;;;;;;;;1097
;;;;;;;;;;;1098
;;;;;;;;;;;1099
;;;;;;;;;;;1100
;;;;;;;;;;;1101
;;;;;;;;;;;1102
;;;;;;;;;;;1103
;;;;;;;;;;;1104
;;;;;;;;;;;1105
;;;;;;;;;;;1106
;;;;;;;;;;;1107
;;;;;;;;;;;1108
;;;;;;;;;;;1109
;;;;;;;;;;;1110
;;;;;;;;;;;1111
;;;;;;;;;;;1112
;;;;;;;;;;;1113
;;;;;;;;;;;1114
;;;;;;;;;;;1115
;;;;;;;;;;;1116
;;;;;;;;;;;1117
;;;;;;;;;;;1118
;;;;;;;;;;;1119
;;;;;;;;;;;1120
;;;;;;;;;;;1121
;;;;;;;;;;;1122
;;;;;;;;;;;1123
;;;;;;;;;;;1124
;;;;;;;;;;;1125
;;;;;;;;;;;1126
;;;;;;;;;;;1127
;;;;;;;;;;;1128
;;;;;;;;;;;1129
;;;;;;;;;;;1130
;;;;;;;;;;;1131
;;;;;;;;;;;1132
;;;;;;;;;;;1133
;;;;;;;;;;;1134
;;;;;;;;;;;1135
;;;;;;;;;;;1136
;;;;;;;;;;;1137
;;;;;;;;;;;1138
;;;;;;;;;;;1139
;;;;;;;;;;;1140
;;;;;;;;;;;1141
;;;;;;;;;;;1142
;;;;;;;;;;;1143
;;;;;;;;;;;1144
;;;;;;;;;;;1145
;;;;;;;;;;;1146
;;;;;;;;;;;1147
;;;;;;;;;;;1148
;;;;;;;;;;;1149
;;;;;;;;;;;1150
;;;;;;;;;;;1151
;;;;;;;;;;;1152
;;;;;;;;;;;1153
;;;;;;;;;;;1154
;;;;;;;;;;;1155
;;;;;;;;;;;1156
;;;;;;;;;;;1157
;;;;;;;;;;;1158
;;;;;;;;;;;1159
;;;;;;;;;;;1160
;;;;;;;;;;;1161
;;;;;;;;;;;1162
;;;;;;;;;;;1163
;;;;;;;;;;;1164
;;;;;;;;;;;1165
;;;;;;;;;;;1166
;;;;;;;;;;;1167
;;;;;;;;;;;1168
;;;;;;;;;;;1169
;;;;;;;;;;;1170
;;;;;;;;;;;1171
;;;;;;;;;;;1172
;;;;;;;;;;;1173
;;;;;;;;;;;1174
;;;;;;;;;;;1175
;;;;;;;;;;;1176
;;;;;;;;;;;1177
;;;;;;;;;;;1178
;;;;;;;;;;;1179
;;;;;;;;;;;1180
;;;;;;;;;;;1181
;;;;;;;;;;;1182
;;;;;;;;;;;1183
;;;;;;;;;;;1184
;;;;;;;;;;;1185
;;;;;;;;;;;1186
;;;;;;;;;;;1187
;;;;;;;;;;;1188
;;;;;;;;;;;1189
;;;;;;;;;;;1190
;;;;;;;;;;;1191
;;;;;;;;;;;1192
;;;;;;;;;;;1193
;;;;;;;;;;;1194
;;;;;;;;;;;1195
;;;;;;;;;;;1196
;;;;;;;;;;;1197
;;;;;;;;;;;1198
;;;;;;;;;;;1199
;;;;;;;;;;;1200
;;;;;;;;;;;1201
;;;;;;;;;;;1202
;;;;;;;;;;;1203
;;;;;;;;;;;1204
;;;;;;;;;;;1205
;;;;;;;;;;;1206
;;;;;;;;;;;1207
;;;;;;;;;;;1208
;;;;;;;;;;;1209
;;;;;;;;;;;1210
;;;;;;;;;;;1211
;;;;;;;;;;;1212
;;;;;;;;;;;1213
;;;;;;;;;;;1214
;;;;;;;;;;;1215
;;;;;;;;;;;1216
;;;;;;;;;;;1217
;;;;;;;;;;;1218
;;;;;;;;;;;1219
;;;;;;;;;;;1220
;;;;;;;;;;;1221
;;;;;;;;;;;1222
;;;;;;;;;;;1223
;;;;;;;;;;;1224
;;;;;;;;;;;1225
;;;;;;;;;;;1226
;;;;;;;;;;;1227
;;;;;;;;;;;1228
;;;;;;;;;;;1229
;;;;;;;;;;;1230
;;;;;;;;;;;1231
;;;;;;;;;;;1232
;;;;;;;;;;;1233
;;;;;;;;;;;1234
;;;;;;;;;;;1235
;;;;;;;;;;;1236
;;;;;;;;;;;1237
;;;;;;;;;;;1238
;;;;;;;;;;;1239
;;;;;;;;;;;1240
;;;;;;;;;;;1241
;;;;;;;;;;;1242
;;;;;;;;;;;1243
;;;;;;;;;;;1244
;;;;;;;;;;;1245
;;;;;;;;;;;1246
;;;;;;;;;;;1247
;;;;;;;;;;;1248
;;;;;;;;;;;1249
;;;;;;;;;;;1250
;;;;;;;;;;;1251
;;;;;;;;;;;1252
;;;;;;;;;;;1253
;;;;;;;;;;;1254
;;;;;;;;;;;1255
;;;;;;;;;;;1256
;;;;;;;;;;;1257
;;;;;;;;;;;1258
;;;;;;;;;;;1259
;;;;;;;;;;;1260
;;;;;;;;;;;1261
;;;;;;;;;;;1262
;;;;;;;;;;;1263
;;;;;;;;;;;1264
;;;;;;;;;;;1265
;;;;;;;;;;;1266
;;;;;;;;;;;1267
;;;;;;;;;;;1268
;;;;;;;;;;;1269
;;;;;;;;;;;1270
;;;;;;;;;;;1271
;;;;;;;;;;;1272
;;;;;;;;;;;1273
;;;;;;;;;;;1274
;;;;;;;;;;;1275
;;;;;;;;;;;1276
;;;;;;;;;;;1277
;;;;;;;;;;;1278
;;;;;;;;;;;1279
;;;;;;;;;;;1280
;;;;;;;;;;;1281
;;;;;;;;;;;1282
;;;;;;;;;;;1283
;;;;;;;;;;;1284
;;;;;;;;;;;1285
;;;;;;;;;;;1286
;;;;;;;;;;;1287
;;;;;;;;;;;1288
;;;;;;;;;;;1289
;;;;;;;;;;;1290
;;;;;;;;;;;1291
;;;;;;;;;;;1292
;;;;;;;;;;;1293
;;;;;;;;;;;1294
;;;;;;;;;;;1295
;;;;;;;;;;;1296
;;;;;;;;;;;1297
;;;;;;;;;;;1298
;;;;;;;;;;;1299
;;;;;;;;;;;1300
;;;;;;;;;;;1301
;;;;;;;;;;;1302
;;;;;;;;;;;1303
;;;;;;;;;;;1304
;;;;;;;;;;;1305
;;;;;;;;;;;1306
;;;;;;;;;;;1307
;;;;;;;;;;;1308
;;;;;;;;;;;1309
;;;;;;;;;;;1310
;;;;;;;;;;;1311
;;;;;;;;;;;1312
;;;;;;;;;;;1313
;;;;;;;;;;;1314
;;;;;;;;;;;1315
;;;;;;;;;;;1316
;;;;;;;;;;;1317
;;;;;;;;;;;1318
;;;;;;;;;;;1319
;;;;;;;;;;;1320
;;;;;;;;;;;1321
;;;;;;;;;;;1322
;;;;;;;;;;;1323
;;;;;;;;;;;1324
;;;;;;;;;;;1325
;;;;;;;;;;;1326
;;;;;;;;;;;1327
;;;;;;;;;;;1328
;;;;;;;;;;;1329
;;;;;;;;;;;1330
;;;;;;;;;;;1331
;;;;;;;;;;;1332
;;;;;;;;;;;1333
;;;;;;;;;;;1334
;;;;;;;;;;;1335
;;;;;;;;;;;1336
;;;;;;;;;;;1337
;;;;;;;;;;;1338
;;;;;;;;;;;1339
;;;;;;;;;;;1340
;;;;;;;;;;;1341
;;;;;;;;;;;1342
;;;;;;;;;;;1343
;;;;;;;;;;;1344
;;;;;;;;;;;1345
;;;;;;;;;;;1346
;;;;;;;;;;;1347
;;;;;;;;;;;1348
;;;;;;;;;;;1349
;;;;;;;;;;;1350
;;;;;;;;;;;1351
;;;;;;;;;;;1352
;;;;;;;;;;;1353
;;;;;;;;;;;1354
;;;;;;;;;;;1355
;;;;;;;;;;;1356
;;;;;;;;;;;1357
;;;;;;;;;;;1358
;;;;;;;;;;;1359
;;;;;;;;;;;1360
;;;;;;;;;;;1361
;;;;;;;;;;;1362
;;;;;;;;;;;1363
;;;;;;;;;;;1364
;;;;;;;;;;;1365
;;;;;;;;;;;1366
;;;;;;;;;;;1367
;;;;;;;;;;;1368
;;;;;;;;;;;1369
;;;;;;;;;;;1370
;;;;;;;;;;;1371
;;;;;;;;;;;1372
;;;;;;;;;;;1373
;;;;;;;;;;;1374
;;;;;;;;;;;1375
;;;;;;;;;;;1376
;;;;;;;;;;;1377
;;;;;;;;;;;1378
;;;;;;;;;;;1379
;;;;;;;;;;;1380
;;;;;;;;;;;1381
;;;;;;;;;;;1382
;;;;;;;;;;;1383
;;;;;;;;;;;1384
;;;;;;;;;;;1385
;;;;;;;;;;;1386
;;;;;;;;;;;1387
;;;;;;;;;;;1388
;;;;;;;;;;;1389
;;;;;;;;;;;1390
;;;;;;;;;;;1391
;;;;;;;;;;;1392
;;;;;;;;;;;1393
;;;;;;;;;;;1394
;;;;;;;;;;;1395
;;;;;;;;;;;1396
;;;;;;;;;;;1397
;;;;;;;;;;;1398
;;;;;;;;;;;1399
;;;;;;;;;;;1400
;;;;;;;;;;;1401
;;;;;;;;;;;1402
;;;;;;;;;;;1403
;;;;;;;;;;;1404
;;;;;;;;;;;1405
;;;;;;;;;;;1406
;;;;;;;;;;;1407
;;;;;;;;;;;1408
;;;;;;;;;;;1409
;;;;;;;;;;;1410
;;;;;;;;;;;1411
;;;;;;;;;;;1412
;;;;;;;;;;;1413
;;;;;;;;;;;1414
;;;;;;;;;;;1415
;;;;;;;;;;;1416
;;;;;;;;;;;1417
;;;;;;;;;;;1418
;;;;;;;;;;;1419
;;;;;;;;;;;1420
;;;;;;;;;;;1421
;;;;;;;;;;;1422
;;;;;;;;;;;1423
;;;;;;;;;;;1424
;;;;;;;;;;;1425
;;;;;;;;;;;1426
;;;;;;;;;;;1427
;;;;;;;;;;;1428
;;;;;;;;;;;1429
;;;;;;;;;;;1430
;;;;;;;;;;;1431
;;;;;;;;;;;1432
;;;;;;;;;;;1433
;;;;;;;;;;;1434
;;;;;;;;;;;1435
;;;;;;;;;;;1436
;;;;;;;;;;;1437
;;;;;;;;;;;1438
;;;;;;;;;;;1439
;;;;;;;;;;;1440
;;;;;;;;;;;1441
;;;;;;;;;;;1442
;;;;;;;;;;;1443
;;;;;;;;;;;1444
;;;;;;;;;;;1445
;;;;;;;;;;;1446
;;;;;;;;;;;1447
;;;;;;;;;;;1448
;;;;;;;;;;;1449
;;;;;;;;;;;1450
;;;;;;;;;;;1451
;;;;;;;;;;;1452
;;;;;;;;;;;1453
;;;;;;;;;;;1454
;;;;;;;;;;;1455
;;;;;;;;;;;1456
;;;;;;;;;;;1457
;;;;;;;;;;;1458
;;;;;;;;;;;1459
;;;;;;;;;;;1460
;;;;;;;;;;;1461
;;;;;;;;;;;1462
;;;;;;;;;;;1463
;;;;;;;;;;;1464
;;;;;;;;;;;1465
;;;;;;;;;;;1466
;;;;;;;;;;;1467
;;;;;;;;;;;1468
;;;;;;;;;;;1469
;;;;;;;;;;;1470
;;;;;;;;;;;1471
;;;;;;;;;;;1472
;;;;;;;;;;;1473
;;;;;;;;;;;1474
;;;;;;;;;;;1475
;;;;;;;;;;;1476
;;;;;;;;;;;1477
;;;;;;;;;;;1478
;;;;;;;;;;;1479
;;;;;;;;;;;1480
;;;;;;;;;;;1481
;;;;;;;;;;;1482
;;;;;;;;;;;1483
;;;;;;;;;;;1484
;;;;;;;;;;;1485
;;;;;;;;;;;1486
;;;;;;;;;;;1487
;;;;;;;;;;;1488
;;;;;;;;;;;1489
;;;;;;;;;;;1490
;;;;;;;;;;;1491
;;;;;;;;;;;1492
;;;;;;;;;;;1493
;;;;;;;;;;;1494
;;;;;;;;;;;1495
;;;;;;;;;;;1496
;;;;;;;;;;;1497
;;;;;;;;;;;1498
;;;;;;;;;;;1499
;;;;;;;;;;;1500
;;;;;;;;;;;1501
;;;;;;;;;;;1502
;;;;;;;;;;;1503
;;;;;;;;;;;1504
;;;;;;;;;;;1505
;;;;;;;;;;;1506
;;;;;;;;;;;1507
;;;;;;;;;;;1508
;;;;;;;;;;;1509
;;;;;;;;;;;1510
;;;;;;;;;;;1511
;;;;;;;;;;;1512
;;;;;;;;;;;1513
;;;;;;;;;;;1514
;;;;;;;;;;;1515
;;;;;;;;;;;1516
;;;;;;;;;;;1517
;;;;;;;;;;;1518
;;;;;;;;;;;1519
;;;;;;;;;;;1520
;;;;;;;;;;;1521
;;;;;;;;;;;1522
;;;;;;;;;;;1523
;;;;;;;;;;;1524
;;;;;;;;;;;1525
;;;;;;;;;;;1526
;;;;;;;;;;;1527
;;;;;;;;;;;1528
;;;;;;;;;;;1529
;;;;;;;;;;;1530
;;;;;;;;;;;1531
;;;;;;;;;;;1532
;;;;;;;;;;;1533
;;;;;;;;;;;1534
;;;;;;;;;;;1535
;;;;;;;;;;;1536
;;;;;;;;;;;1537
;;;;;;;;;;;1538
;;;;;;;;;;;1539
;;;;;;;;;;;1540
;;;;;;;;;;;1541
;;;;;;;;;;;1542
;;;;;;;;;;;1543
;;;;;;;;;;;1544
;;;;;;;;;;;1545
;;;;;;;;;;;1546
;;;;;;;;;;;1547
;;;;;;;;;;;1548
;;;;;;;;;;;1549
;;;;;;;;;;;1550
;;;;;;;;;;;1551
;;;;;;;;;;;1552
;;;;;;;;;;;1553
;;;;;;;;;;;1554
;;;;;;;;;;;1555
;;;;;;;;;;;1556
;;;;;;;;;;;1557
;;;;;;;;;;;1558
;;;;;;;;;;;1559
;;;;;;;;;;;1560
;;;;;;;;;;;1561
;;;;;;;;;;;1562
;;;;;;;;;;;1563
;;;;;;;;;;;1564
;;;;;;;;;;;1565
;;;;;;;;;;;1566
;;;;;;;;;;;1567
;;;;;;;;;;;1568
;;;;;;;;;;;1569
;;;;;;;;;;;1570
;;;;;;;;;;;1571
;;;;;;;;;;;1572
;;;;;;;;;;;1573
;;;;;;;;;;;1574
;;;;;;;;;;;1575
;;;;;;;;;;;1576
;;;;;;;;;;;1577
;;;;;;;;;;;1578
;;;;;;;;;;;1579
;;;;;;;;;;;1580
;;;;;;;;;;;1581
;;;;;;;;;;;1582
;;;;;;;;;;;1583
;;;;;;;;;;;1584
;;;;;;;;;;;1585
;;;;;;;;;;;1586
;;;;;;;;;;;1587
;;;;;;;;;;;1588
;;;;;;;;;;;1589
;;;;;;;;;;;1590
;;;;;;;;;;;1591
;;;;;;;;;;;1592
;;;;;;;;;;;1593
;;;;;;;;;;;1594
;;;;;;;;;;;1595
;;;;;;;;;;;1596
;;;;;;;;;;;1597
;;;;;;;;;;;1598
;;;;;;;;;;;1599
;;;;;;;;;;;1600
;;;;;;;;;;;1601
;;;;;;;;;;;1602
;;;;;;;;;;;1603
;;;;;;;;;;;1604
;;;;;;;;;;;1605
;;;;;;;;;;;1606
;;;;;;;;;;;1607
;;;;;;;;;;;1608
;;;;;;;;;;;1609
;;;;;;;;;;;1610
;;;;;;;;;;;1611
;;;;;;;;;;;1612
;;;;;;;;;;;1613
;;;;;;;;;;;1614
;;;;;;;;;;;1615
;;;;;;;;;;;1616
;;;;;;;;;;;1617
;;;;;;;;;;;1618
;;;;;;;;;;;1619
;;;;;;;;;;;1620
;;;;;;;;;;;1621
;;;;;;;;;;;1622
;;;;;;;;;;;1623
;;;;;;;;;;;1624
;;;;;;;;;;;1625
;;;;;;;;;;;1626
;;;;;;;;;;;1627
;;;;;;;;;;;1628
;;;;;;;;;;;1629
;;;;;;;;;;;1630
;;;;;;;;;;;1631
;;;;;;;;;;;1632
;;;;;;;;;;;1633
;;;;;;;;;;;1634
;;;;;;;;;;;1635
;;;;;;;;;;;1636
;;;;;;;;;;;1637
;;;;;;;;;;;1638
;;;;;;;;;;;1639
;;;;;;;;;;;1640
;;;;;;;;;;;1641
;;;;;;;;;;;1642
;;;;;;;;;;;1643
;;;;;;;;;;;1644
;;;;;;;;;;;1645
;;;;;;;;;;;1646
;;;;;;;;;;;1647
;;;;;;;;;;;1648
;;;;;;;;;;;1649
;;;;;;;;;;;1650
;;;;;;;;;;;1651
;;;;;;;;;;;1652
;;;;;;;;;;;1653
;;;;;;;;;;;1654
;;;;;;;;;;;1655
;;;;;;;;;;;1656
;;;;;;;;;;;1657
;;;;;;;;;;;1658
;;;;;;;;;;;1659
;;;;;;;;;;;1660
;;;;;;;;;;;1661
;;;;;;;;;;;1662
;;;;;;;;;;;1663
;;;;;;;;;;;1664
;;;;;;;;;;;1665
;;;;;;;;;;;1666
;;;;;;;;;;;1667
;;;;;;;;;;;1668
;;;;;;;;;;;1669
;;;;;;;;;;;1670
;;;;;;;;;;;1671
;;;;;;;;;;;1672
;;;;;;;;;;;1673
;;;;;;;;;;;1674
;;;;;;;;;;;1675
;;;;;;;;;;;1676
;;;;;;;;;;;1677
;;;;;;;;;;;1678
;;;;;;;;;;;1679
;;;;;;;;;;;1680
;;;;;;;;;;;1681
;;;;;;;;;;;1682
;;;;;;;;;;;1683
;;;;;;;;;;;1684
;;;;;;;;;;;1685
;;;;;;;;;;;1686
;;;;;;;;;;;1687
;;;;;;;;;;;1688
;;;;;;;;;;;1689
;;;;;;;;;;;1690
;;;;;;;;;;;1691
;;;;;;;;;;;1692
;;;;;;;;;;;1693
;;;;;;;;;;;1694
;;;;;;;;;;;1695
;;;;;;;;;;;1696
;;;;;;;;;;;1697
;;;;;;;;;;;1698
;;;;;;;;;;;1699
;;;;;;;;;;;1700
;;;;;;;;;;;1701
;;;;;;;;;;;1702
;;;;;;;;;;;1703
;;;;;;;;;;;1704
;;;;;;;;;;;1705
;;;;;;;;;;;1706
;;;;;;;;;;;1707
;;;;;;;;;;;1708
;;;;;;;;;;;1709
;;;;;;;;;;;1710
;;;;;;;;;;;1711
;;;;;;;;;;;1712
;;;;;;;;;;;1713
;;;;;;;;;;;1714
;;;;;;;;;;;1715
;;;;;;;;;;;1716
;;;;;;;;;;;1717
;;;;;;;;;;;1718
;;;;;;;;;;;1719
;;;;;;;;;;;1720
;;;;;;;;;;;1721
;;;;;;;;;;;1722
;;;;;;;;;;;1723
;;;;;;;;;;;1724
;;;;;;;;;;;1725
;;;;;;;;;;;1726
;;;;;;;;;;;1727
;;;;;;;;;;;1728
;;;;;;;;;;;1729
;;;;;;;;;;;1730
;;;;;;;;;;;1731
;;;;;;;;;;;1732
;;;;;;;;;;;1733
;;;;;;;;;;;1734
;;;;;;;;;;;1735
;;;;;;;;;;;1736
;;;;;;;;;;;1737
;;;;;;;;;;;1738
;;;;;;;;;;;1739
;;;;;;;;;;;1740
;;;;;;;;;;;1741
;;;;;;;;;;;1742
;;;;;;;;;;;1743
;;;;;;;;;;;1744
;;;;;;;;;;;1745
;;;;;;;;;;;1746
;;;;;;;;;;;1747
;;;;;;;;;;;1748
;;;;;;;;;;;1749
;;;;;;;;;;;1750
;;;;;;;;;;;1751
;;;;;;;;;;;1752
;;;;;;;;;;;1753
;;;;;;;;;;;1754
;;;;;;;;;;;1755
;;;;;;;;;;;1756
;;;;;;;;;;;1757
;;;;;;;;;;;1758
;;;;;;;;;;;1759
;;;;;;;;;;;1760
;;;;;;;;;;;1761
;;;;;;;;;;;1762
;;;;;;;;;;;1763
;;;;;;;;;;;1764
;;;;;;;;;;;1765
;;;;;;;;;;;1766
;;;;;;;;;;;1767
;;;;;;;;;;;1768
;;;;;;;;;;;1769
;;;;;;;;;;;1770
;;;;;;;;;;;1771
;;;;;;;;;;;1772
;;;;;;;;;;;1773
;;;;;;;;;;;1774
;;;;;;;;;;;1775
;;;;;;;;;;;1776
;;;;;;;;;;;1777
;;;;;;;;;;;1778
;;;;;;;;;;;1779
;;;;;;;;;;;1780
;;;;;;;;;;;1781
;;;;;;;;;;;1782
;;;;;;;;;;;1783
;;;;;;;;;;;1784
;;;;;;;;;;;1785
;;;;;;;;;;;1786
;;;;;;;;;;;1787
;;;;;;;;;;;1788
;;;;;;;;;;;1789
;;;;;;;;;;;1790
;;;;;;;;;;;1791
;;;;;;;;;;;1792
;;;;;;;;;;;1793
;;;;;;;;;;;1794
;;;;;;;;;;;1795
;;;;;;;;;;;1796
;;;;;;;;;;;1797
;;;;;;;;;;;1798
;;;;;;;;;;;1799
;;;;;;;;;;;1800
;;;;;;;;;;;1801
;;;;;;;;;;;1802
;;;;;;;;;;;1803
;;;;;;;;;;;1804
;;;;;;;;;;;1805
;;;;;;;;;;;1806
;;;;;;;;;;;1807
;;;;;;;;;;;1808
;;;;;;;;;;;1809
;;;;;;;;;;;1810
;;;;;;;;;;;1811
;;;;;;;;;;;1812
;;;;;;;;;;;1813
;;;;;;;;;;;1814
;;;;;;;;;;;1815
;;;;;;;;;;;1816
;;;;;;;;;;;1817
;;;;;;;;;;;1818
;;;;;;;;;;;1819
;;;;;;;;;;;1820
;;;;;;;;;;;1821
;;;;;;;;;;;1822
;;;;;;;;;;;1823
;;;;;;;;;;;1824
;;;;;;;;;;;1825
;;;;;;;;;;;1826
;;;;;;;;;;;1827
;;;;;;;;;;;1828
;;;;;;;;;;;1829
;;;;;;;;;;;1830
;;;;;;;;;;;1831
;;;;;;;;;;;1832
;;;;;;;;;;;1833
;;;;;;;;;;;1834
;;;;;;;;;;;1835
;;;;;;;;;;;1836
;;;;;;;;;;;1837
;;;;;;;;;;;1838
;;;;;;;;;;;1839
;;;;;;;;;;;1840
;;;;;;;;;;;1841
;;;;;;;;;;;1842
;;;;;;;;;;;1843
;;;;;;;;;;;1844
;;;;;;;;;;;1845
;;;;;;;;;;;1846
;;;;;;;;;;;1847
;;;;;;;;;;;1848
;;;;;;;;;;;1849
;;;;;;;;;;;1850
;;;;;;;;;;;1851
;;;;;;;;;;;1852
;;;;;;;;;;;1853
;;;;;;;;;;;1854
;;;;;;;;;;;1855
;;;;;;;;;;;1856
;;;;;;;;;;;1857
;;;;;;;;;;;1858
;;;;;;;;;;;1859
;;;;;;;;;;;1860
;;;;;;;;;;;1861
;;;;;;;;;;;1862
;;;;;;;;;;;1863
;;;;;;;;;;;1864
;;;;;;;;;;;1865
;;;;;;;;;;;1866
;;;;;;;;;;;1867
;;;;;;;;;;;1868
;;;;;;;;;;;1869
;;;;;;;;;;;1870
;;;;;;;;;;;1871
;;;;;;;;;;;1872
;;;;;;;;;;;1873
;;;;;;;;;;;1874
;;;;;;;;;;;1875
;;;;;;;;;;;1876
;;;;;;;;;;;1877
;;;;;;;;;;;1878
;;;;;;;;;;;1879
;;;;;;;;;;;1880
;;;;;;;;;;;1881
;;;;;;;;;;;1882
;;;;;;;;;;;1883
;;;;;;;;;;;1884
;;;;;;;;;;;1885
;;;;;;;;;;;1886
;;;;;;;;;;;1887
;;;;;;;;;;;1888
;;;;;;;;;;;1889
;;;;;;;;;;;1890
;;;;;;;;;;;1891
;;;;;;;;;;;1892
;;;;;;;;;;;1893
;;;;;;;;;;;1894
;;;;;;;;;;;1895
;;;;;;;;;;;1896
;;;;;;;;;;;1897
;;;;;;;;;;;1898
;;;;;;;;;;;1899
;;;;;;;;;;;1900
;;;;;;;;;;;1901
;;;;;;;;;;;1902
;;;;;;;;;;;1903
;;;;;;;;;;;1904
;;;;;;;;;;;1905
;;;;;;;;;;;1906
;;;;;;;;;;;1907
;;;;;;;;;;;1908
;;;;;;;;;;;1909
;;;;;;;;;;;1910
;;;;;;;;;;;1911
;;;;;;;;;;;1912
;;;;;;;;;;;1913
;;;;;;;;;;;1914
;;;;;;;;;;;1915
;;;;;;;;;;;1916
;;;;;;;;;;;1917
;;;;;;;;;;;1918
;;;;;;;;;;;1919
;;;;;;;;;;;1920
;;;;;;;;;;;1921
;;;;;;;;;;;1922
;;;;;;;;;;;1923
;;;;;;;;;;;1924
;;;;;;;;;;;1925
;;;;;;;;;;;1926
;;;;;;;;;;;1927
;;;;;;;;;;;1928
;;;;;;;;;;;1929
;;;;;;;;;;;1930
;;;;;;;;;;;1931
;;;;;;;;;;;1932
;;;;;;;;;;;1933
;;;;;;;;;;;1934
;;;;;;;;;;;1935
;;;;;;;;;;;1936
;;;;;;;;;;;1937
;;;;;;;;;;;1938
;;;;;;;;;;;1939
;;;;;;;;;;;1940
;;;;;;;;;;;1941
;;;;;;;;;;;1942
;;;;;;;;;;;1943
;;;;;;;;;;;1944
;;;;;;;;;;;1945
;;;;;;;;;;;1946
;;;;;;;;;;;1947
;;;;;;;;;;;1948
;;;;;;;;;;;1949
;;;;;;;;;;;1950
;;;;;;;;;;;1951
;;;;;;;;;;;1952
;;;;;;;;;;;1953
;;;;;;;;;;;1954
;;;;;;;;;;;1955
;;;;;;;;;;;1956
;;;;;;;;;;;1957
;;;;;;;;;;;1958
;;;;;;;;;;;1959
;;;;;;;;;;;1960
;;;;;;;;;;;1961
;;;;;;;;;;;1962
;;;;;;;;;;;1963
;;;;;;;;;;;1964
;;;;;;;;;;;1965
;;;;;;;;;;;1966
;;;;;;;;;;;1967
;;;;;;;;;;;1968
;;;;;;;;;;;1969
;;;;;;;;;;;1970
;;;;;;;;;;;1971
;;;;;;;;;;;1972
;;;;;;;;;;;1973
;;;;;;;;;;;1974
;;;;;;;;;;;1975
;;;;;;;;;;;1976
;;;;;;;;;;;1977
;;;;;;;;;;;1978
;;;;;;;;;;;1979
;;;;;;;;;;;1980
;;;;;;;;;;;1981
;;;;;;;;;;;1982
;;;;;;;;;;;1983
;;;;;;;;;;;1984
;;;;;;;;;;;1985
;;;;;;;;;;;1986
;;;;;;;;;;;1987
;;;;;;;;;;;1988
;;;;;;;;;;;1989
;;;;;;;;;;;1990
;;;;;;;;;;;1991
;;;;;;;;;;;1992
;;;;;;;;;;;1993
;;;;;;;;;;;1994
;;;;;;;;;;;1995
;;;;;;;;;;;1996
;;;;;;;;;;;1997
;;;;;;;;;;;1998
;;;;;;;;;;;1999
;;;;;;;;;;;2000
;;;;;;;;;;;2001
;;;;;;;;;;;2002
;;;;;;;;;;;2003
;;;;;;;;;;;2004
;;;;;;;;;;;2005
;;;;;;;;;;;2006
;;;;;;;;;;;2007
;;;;;;;;;;;2008
;;;;;;;;;;;2009
;;;;;;;;;;;2010
;;;;;;;;;;;2011
;;;;;;;;;;;2012
;;;;;;;;;;;2013
;;;;;;;;;;;2014
;;;;;;;;;;;2015
;;;;;;;;;;;2016
;;;;;;;;;;;2017
;;;;;;;;;;;2018
;;;;;;;;;;;2019
;;;;;;;;;;;2020
;;;;;;;;;;;2021
;;;;;;;;;;;2022
;;;;;;;;;;;2023
;;;;;;;;;;;2024
;;;;;;;;;;;2025
;;;;;;;;;;;2026
;;;;;;;;;;;2027
;;;;;;;;;;;2028
;;;;;;;;;;;2029
;;;;;;;;;;;2030
;;;;;;;;;;;2031
;;;;;;;;;;;2032
;;;;;;;;;;;2033
;;;;;;;;;;;2034
;;;;;;;;;;;2035
;;;;;;;;;;;2036
;;;;;;;;;;;2037
;;;;;;;;;;;2038
;;;;;;;;;;;2039
;;;;;;;;;;;2040
;;;;;;;;;;;2041
;;;;;;;;;;;2042
;;;;;;;;;;;2043
;;;;;;;;;;;2044
;;;;;;;;;;;2045
;;;;;;;;;;;2046
;;;;;;;;;;;2047
;;;;;;;;;;;2048
;;;;;;;;;;;2049
;;;;;;;;;;;2050
;;;;;;;;;;;2051
;;;;;;;;;;;2052
;;;;;;;;;;;2053
;;;;;;;;;;;2054
;;;;;;;;;;;2055
;;;;;;;;;;;2056
;;;;;;;;;;;2057
;;;;;;;;;;;2058
;;;;;;;;;;;2059
;;;;;;;;;;;2060
;;;;;;;;;;;2061
;;;;;;;;;;;2062
;;;;;;;;;;;2063
;;;;;;;;;;;2064
;;;;;;;;;;;2065
;;;;;;;;;;;2066
;;;;;;;;;;;2067
;;;;;;;;;;;2068
;;;;;;;;;;;2069
;;;;;;;;;;;2070
;;;;;;;;;;;2071
;;;;;;;;;;;2072
;;;;;;;;;;;2073
;;;;;;;;;;;2074
;;;;;;;;;;;2075
;;;;;;;;;;;2076
;;;;;;;;;;;2077
;;;;;;;;;;;2078
;;;;;;;;;;;2079
;;;;;;;;;;;2080
;;;;;;;;;;;2081
;;;;;;;;;;;2082
;;;;;;;;;;;2083
;;;;;;;;;;;2084
;;;;;;;;;;;2085
;;;;;;;;;;;2086
;;;;;;;;;;;2087
;;;;;;;;;;;2088
;;;;;;;;;;;2089
;;;;;;;;;;;2090
;;;;;;;;;;;2091
;;;;;;;;;;;2092
;;;;;;;;;;;2093
;;;;;;;;;;;2094
;;;;;;;;;;;2095
;;;;;;;;;;;2096
;;;;;;;;;;;2097
;;;;;;;;;;;2098
;;;;;;;;;;;2099
;;;;;;;;;;;2100
;;;;;;;;;;;2101
;;;;;;;;;;;2102
;;;;;;;;;;;2103
;;;;;;;;;;;2104
;;;;;;;;;;;2105
;;;;;;;;;;;2106
;;;;;;;;;;;2107
;;;;;;;;;;;2108
;;;;;;;;;;;2109
;;;;;;;;;;;2110
;;;;;;;;;;;2111
;;;;;;;;;;;2112
;;;;;;;;;;;2113
;;;;;;;;;;;2114
;;;;;;;;;;;2115
;;;;;;;;;;;2116
;;;;;;;;;;;2117
;;;;;;;;;;;2118
;;;;;;;;;;;2119
;;;;;;;;;;;2120
;;;;;;;;;;;2121
;;;;;;;;;;;2122
;;;;;;;;;;;2123
;;;;;;;;;;;2124
;;;;;;;;;;;2125
;;;;;;;;;;;2126
;;;;;;;;;;;2127
;;;;;;;;;;;2128
;;;;;;;;;;;2129
;;;;;;;;;;;2130
;;;;;;;;;;;2131
;;;;;;;;;;;2132
;;;;;;;;;;;2133
;;;;;;;;;;;2134
;;;;;;;;;;;2135
;;;;;;;;;;;2136
;;;;;;;;;;;2137
;;;;;;;;;;;2138
;;;;;;;;;;;2139
;;;;;;;;;;;2140
;;;;;;;;;;;2141
;;;;;;;;;;;2142
;;;;;;;;;;;2143
;;;;;;;;;;;2144
;;;;;;;;;;;2145
;;;;;;;;;;;2146
;;;;;;;;;;;2147
;;;;;;;;;;;2148
;;;;;;;;;;;2149
;;;;;;;;;;;2150
;;;;;;;;;;;2151
;;;;;;;;;;;2152
;;;;;;;;;;;2153
;;;;;;;;;;;2154
;;;;;;;;;;;2155
;;;;;;;;;;;2156
;;;;;;;;;;;2157
;;;;;;;;;;;2158
;;;;;;;;;;;2159
;;;;;;;;;;;2160
;;;;;;;;;;;2161
;;;;;;;;;;;2162
;;;;;;;;;;;2163
;;;;;;;;;;;2164
;;;;;;;;;;;2165
;;;;;;;;;;;2166
;;;;;;;;;;;2167
;;;;;;;;;;;2168
;;;;;;;;;;;2169
;;;;;;;;;;;2170
;;;;;;;;;;;2171
;;;;;;;;;;;2172
;;;;;;;;;;;2173
;;;;;;;;;;;2174
;;;;;;;;;;;2175
;;;;;;;;;;;2176
;;;;;;;;;;;2177
;;;;;;;;;;;2178
;;;;;;;;;;;2179
;;;;;;;;;;;2180
;;;;;;;;;;;2181
;;;;;;;;;;;2182
;;;;;;;;;;;2183
;;;;;;;;;;;2184
;;;;;;;;;;;2185
;;;;;;;;;;;2186
;;;;;;;;;;;2187
;;;;;;;;;;;2188
;;;;;;;;;;;2189
;;;;;;;;;;;2190
;;;;;;;;;;;2191
;;;;;;;;;;;2192
;;;;;;;;;;;2193
;;;;;;;;;;;2194
;;;;;;;;;;;2195
;;;;;;;;;;;2196
;;;;;;;;;;;2197
;;;;;;;;;;;2198
;;;;;;;;;;;2199
;;;;;;;;;;;2200
;;;;;;;;;;;2201
;;;;;;;;;;;2202
;;;;;;;;;;;2203
;;;;;;;;;;;2204
;;;;;;;;;;;2205
;;;;;;;;;;;2206
;;;;;;;;;;;2207
;;;;;;;;;;;2208
;;;;;;;;;;;2209
;;;;;;;;;;;2210
;;;;;;;;;;;2211
;;;;;;;;;;;2212
;;;;;;;;;;;2213
;;;;;;;;;;;2214
;;;;;;;;;;;2215
;;;;;;;;;;;2216
;;;;;;;;;;;2217
;;;;;;;;;;;2218
;;;;;;;;;;;2219
;;;;;;;;;;;2220
;;;;;;;;;;;2221
;;;;;;;;;;;2222
;;;;;;;;;;;2223
;;;;;;;;;;;2224
;;;;;;;;;;;2225
;;;;;;;;;;;2226
;;;;;;;;;;;2227
;;;;;;;;;;;2228
;;;;;;;;;;;2229
;;;;;;;;;;;2230
;;;;;;;;;;;2231
;;;;;;;;;;;2232
;;;;;;;;;;;2233
;;;;;;;;;;;2234
;;;;;;;;;;;2235
;;;;;;;;;;;2236
;;;;;;;;;;;2237
;;;;;;;;;;;2238
;;;;;;;;;;;2239
;;;;;;;;;;;2240
;;;;;;;;;;;2241
;;;;;;;;;;;2242
;;;;;;;;;;;2243
;;;;;;;;;;;2244
;;;;;;;;;;;2245
;;;;;;;;;;;2246
;;;;;;;;;;;2247
;;;;;;;;;;;2248
;;;;;;;;;;;2249
;;;;;;;;;;;2250
;;;;;;;;;;;2251
;;;;;;;;;;;2252
;;;;;;;;;;;2253
;;;;;;;;;;;2254
;;;;;;;;;;;2255
;;;;;;;;;;;2256
;;;;;;;;;;;2257
;;;;;;;;;;;2258
;;;;;;;;;;;2259
;;;;;;;;;;;2260
;;;;;;;;;;;2261
;;;;;;;;;;;2262
;;;;;;;;;;;2263
;;;;;;;;;;;2264
;;;;;;;;;;;2265
;;;;;;;;;;;2266
;;;;;;;;;;;2267
;;;;;;;;;;;2268
;;;;;;;;;;;2269
;;;;;;;;;;;2270
;;;;;;;;;;;2271
;;;;;;;;;;;2272
;;;;;;;;;;;2273
;;;;;;;;;;;2274
;;;;;;;;;;;2275
;;;;;;;;;;;2276
;;;;;;;;;;;2277
;;;;;;;;;;;2278
;;;;;;;;;;;2279
;;;;;;;;;;;2280
;;;;;;;;;;;2281
;;;;;;;;;;;2282
;;;;;;;;;;;2283
;;;;;;;;;;;2284
;;;;;;;;;;;2285
;;;;;;;;;;;2286
;;;;;;;;;;;2287
;;;;;;;;;;;2288
;;;;;;;;;;;2289
;;;;;;;;;;;2290
;;;;;;;;;;;2291
;;;;;;;;;;;2292
;;;;;;;;;;;2293
;;;;;;;;;;;2294
;;;;;;;;;;;2295
;;;;;;;;;;;2296
;;;;;;;;;;;2297
;;;;;;;;;;;2298
;;;;;;;;;;;2299
;;;;;;;;;;;2300
;;;;;;;;;;;2301
;;;;;;;;;;;2302
;;;;;;;;;;;2303
;;;;;;;;;;;2304
;;;;;;;;;;;2305
;;;;;;;;;;;2306
;;;;;;;;;;;2307
;;;;;;;;;;;2308
;;;;;;;;;;;2309
;;;;;;;;;;;2310
;;;;;;;;;;;2311
;;;;;;;;;;;2312
;;;;;;;;;;;2313
;;;;;;;;;;;2314
;;;;;;;;;;;2315
;;;;;;;;;;;2316
;;;;;;;;;;;2317
;;;;;;;;;;;2318
;;;;;;;;;;;2319
;;;;;;;;;;;2320
;;;;;;;;;;;2321
;;;;;;;;;;;2322
;;;;;;;;;;;2323
;;;;;;;;;;;2324
;;;;;;;;;;;2325
;;;;;;;;;;;2326
;;;;;;;;;;;2327
;;;;;;;;;;;2328
;;;;;;;;;;;2329
;;;;;;;;;;;2330
;;;;;;;;;;;2331
;;;;;;;;;;;2332
;;;;;;;;;;;2333
;;;;;;;;;;;2334
;;;;;;;;;;;2335
;;;;;;;;;;;2336
;;;;;;;;;;;2337
;;;;;;;;;;;2338
;;;;;;;;;;;2339
;;;;;;;;;;;2340
;;;;;;;;;;;2341
;;;;;;;;;;;2342
;;;;;;;;;;;2343
;;;;;;;;;;;2344
;;;;;;;;;;;2345
;;;;;;;;;;;2346
;;;;;;;;;;;2347
;;;;;;;;;;;2348
;;;;;;;;;;;2349
;;;;;;;;;;;2350
;;;;;;;;;;;2351
;;;;;;;;;;;2352
;;;;;;;;;;;2353
;;;;;;;;;;;2354
;;;;;;;;;;;2355
;;;;;;;;;;;2356
;;;;;;;;;;;2357
;;;;;;;;;;;2358
;;;;;;;;;;;2359
;;;;;;;;;;;2360
;;;;;;;;;;;2361
;;;;;;;;;;;2362
;;;;;;;;;;;2363
;;;;;;;;;;;2364
;;;;;;;;;;;2365
;;;;;;;;;;;2366
;;;;;;;;;;;2367
;;;;;;;;;;;2368
;;;;;;;;;;;2369
;;;;;;;;;;;2370
;;;;;;;;;;;2371
;;;;;;;;;;;2372
;;;;;;;;;;;2373
;;;;;;;;;;;2374
;;;;;;;;;;;2375
;;;;;;;;;;;2376
;;;;;;;;;;;2377
;;;;;;;;;;;2378
;;;;;;;;;;;2379
;;;;;;;;;;;2380
;;;;;;;;;;;2381
;;;;;;;;;;;2382
;;;;;;;;;;;2383
;;;;;;;;;;;2384
;;;;;;;;;;;2385
;;;;;;;;;;;2386
;;;;;;;;;;;2387
;;;;;;;;;;;2388
;;;;;;;;;;;2389
;;;;;;;;;;;2390
;;;;;;;;;;;2391
;;;;;;;;;;;2392
;;;;;;;;;;;2393
;;;;;;;;;;;2394
;;;;;;;;;;;2395
;;;;;;;;;;;2396
;;;;;;;;;;;2397
;;;;;;;;;;;2398
;;;;;;;;;;;2399
;;;;;;;;;;;2400
;;;;;;;;;;;2401
;;;;;;;;;;;2402
;;;;;;;;;;;2403
;;;;;;;;;;;2404
;;;;;;;;;;;2405
;;;;;;;;;;;2406
;;;;;;;;;;;2407
;;;;;;;;;;;2408
;;;;;;;;;;;2409
;;;;;;;;;;;2410
;;;;;;;;;;;2411
;;;;;;;;;;;2412
;;;;;;;;;;;2413
;;;;;;;;;;;2414
;;;;;;;;;;;2415
;;;;;;;;;;;2416
;;;;;;;;;;;2417
;;;;;;;;;;;2418
;;;;;;;;;;;2419
;;;;;;;;;;;2420
;;;;;;;;;;;2421
;;;;;;;;;;;2422
;;;;;;;;;;;2423
;;;;;;;;;;;2424
;;;;;;;;;;;2425
;;;;;;;;;;;2426
;;;;;;;;;;;2427
;;;;;;;;;;;2428
;;;;;;;;;;;2429
;;;;;;;;;;;2430
;;;;;;;;;;;2431
;;;;;;;;;;;2432
;;;;;;;;;;;2433
;;;;;;;;;;;2434
;;;;;;;;;;;2435
;;;;;;;;;;;2436
;;;;;;;;;;;2437
;;;;;;;;;;;2438
;;;;;;;;;;;2439
;;;;;;;;;;;2440
;;;;;;;;;;;2441
;;;;;;;;;;;2442
;;;;;;;;;;;2443
;;;;;;;;;;;2444
;;;;;;;;;;;2445
;;;;;;;;;;;2446
;;;;;;;;;;;2447
;;;;;;;;;;;2448
;;;;;;;;;;;2449
;;;;;;;;;;;2450
;;;;;;;;;;;2451
;;;;;;;;;;;2452
;;;;;;;;;;;2453
;;;;;;;;;;;2454
;;;;;;;;;;;2455
;;;;;;;;;;;2456
;;;;;;;;;;;2457
;;;;;;;;;;;2458
;;;;;;;;;;;2459
;;;;;;;;;;;2460
;;;;;;;;;;;2461
;;;;;;;;;;;2462
;;;;;;;;;;;2463
;;;;;;;;;;;2464
;;;;;;;;;;;2465
;;;;;;;;;;;2466
;;;;;;;;;;;2467
;;;;;;;;;;;2468
;;;;;;;;;;;2469
;;;;;;;;;;;2470
;;;;;;;;;;;2471
;;;;;;;;;;;2472
;;;;;;;;;;;2473
;;;;;;;;;;;2474
;;;;;;;;;;;2475
;;;;;;;;;;;2476
;;;;;;;;;;;2477
;;;;;;;;;;;2478
;;;;;;;;;;;2479
;;;;;;;;;;;2480
;;;;;;;;;;;2481
;;;;;;;;;;;2482
;;;;;;;;;;;2483
;;;;;;;;;;;2484
;;;;;;;;;;;2485
;;;;;;;;;;;2486
;;;;;;;;;;;2487
;;;;;;;;;;;2488
;;;;;;;;;;;2489
;;;;;;;;;;;2490
;;;;;;;;;;;2491
;;;;;;;;;;;2492
;;;;;;;;;;;2493
;;;;;;;;;;;2494
;;;;;;;;;;;2495
;;;;;;;;;;;2496
;;;;;;;;;;;2497
;;;;;;;;;;;2498
;;;;;;;;;;;2499
;;;;;;;;;;;2500
;;;;;;;;;;;2501
;;;;;;;;;;;2502
;;;;;;;;;;;2503
;;;;;;;;;;;2504
;;;;;;;;;;;2505
;;;;;;;;;;;2506
;;;;;;;;;;;2507
;;;;;;;;;;;2508
;;;;;;;;;;;2509
;;;;;;;;;;;2510
;;;;;;;;;;;2511
;;;;;;;;;;;2512
;;;;;;;;;;;2513
;;;;;;;;;;;2514
;;;;;;;;;;;2515
;;;;;;;;;;;2516
;;;;;;;;;;;2517
;;;;;;;;;;;2518
;;;;;;;;;;;2519
;;;;;;;;;;;2520
;;;;;;;;;;;2521
;;;;;;;;;;;2522
;;;;;;;;;;;2523
;;;;;;;;;;;2524
;;;;;;;;;;;2525
;;;;;;;;;;;2526
;;;;;;;;;;;2527
;;;;;;;;;;;2528
;;;;;;;;;;;2529
;;;;;;;;;;;2530
;;;;;;;;;;;2531
;;;;;;;;;;;2532
;;;;;;;;;;;2533
;;;;;;;;;;;2534
;;;;;;;;;;;2535
;;;;;;;;;;;2536
;;;;;;;;;;;2537
;;;;;;;;;;;2538
;;;;;;;;;;;2539
;;;;;;;;;;;2540
;;;;;;;;;;;2541
;;;;;;;;;;;2542
;;;;;;;;;;;2543
;;;;;;;;;;;2544
;;;;;;;;;;;2545
;;;;;;;;;;;2546
;;;;;;;;;;;2547
;;;;;;;;;;;2548
;;;;;;;;;;;2549
;;;;;;;;;;;2550
;;;;;;;;;;;2551
;;;;;;;;;;;2552
;;;;;;;;;;;2553
;;;;;;;;;;;2554
;;;;;;;;;;;2555
;;;;;;;;;;;2556
;;;;;;;;;;;2557
;;;;;;;;;;;2558
;;;;;;;;;;;2559
;;;;;;;;;;;2560
;;;;;;;;;;;2561
;;;;;;;;;;;2562
;;;;;;;;;;;2563
;;;;;;;;;;;2564
;;;;;;;;;;;2565
;;;;;;;;;;;2566
;;;;;;;;;;;2567
;;;;;;;;;;;2568
;;;;;;;;;;;2569
;;;;;;;;;;;2570
;;;;;;;;;;;2571
;;;;;;;;;;;2572
;;;;;;;;;;;2573
;;;;;;;;;;;2574
;;;;;;;;;;;2575
;;;;;;;;;;;2576
;;;;;;;;;;;2577
;;;;;;;;;;;2578
;;;;;;;;;;;2579
;;;;;;;;;;;2580
;;;;;;;;;;;2581
;;;;;;;;;;;2582
;;;;;;;;;;;2583
;;;;;;;;;;;2584
;;;;;;;;;;;2585
;;;;;;;;;;;2586
;;;;;;;;;;;2587
;;;;;;;;;;;2588
;;;;;;;;;;;2589
;;;;;;;;;;;2590
;;;;;;;;;;;2591
;;;;;;;;;;;2592
;;;;;;;;;;;2593
;;;;;;;;;;;2594
;;;;;;;;;;;2595
;;;;;;;;;;;2596
;;;;;;;;;;;2597
;;;;;;;;;;;2598
;;;;;;;;;;;2599
;;;;;;;;;;;2600
;;;;;;;;;;;2601
;;;;;;;;;;;2602
;;;;;;;;;;;2603
;;;;;;;;;;;2604
;;;;;;;;;;;2605
;;;;;;;;;;;2606
;;;;;;;;;;;2607
;;;;;;;;;;;2608
;;;;;;;;;;;2609
;;;;;;;;;;;2610
;;;;;;;;;;;2611
;;;;;;;;;;;2612
;;;;;;;;;;;2613
;;;;;;;;;;;2614
;;;;;;;;;;;2615
;;;;;;;;;;;2616
;;;;;;;;;;;2617
;;;;;;;;;;;2618
;;;;;;;;;;;2619
;;;;;;;;;;;2620
;;;;;;;;;;;2621
;;;;;;;;;;;2622
;;;;;;;;;;;2623
;;;;;;;;;;;2624
;;;;;;;;;;;2625
;;;;;;;;;;;2626
;;;;;;;;;;;2627
;;;;;;;;;;;2628
;;;;;;;;;;;2629
;;;;;;;;;;;2630
;;;;;;;;;;;2631
;;;;;;;;;;;2632
;;;;;;;;;;;2633
;;;;;;;;;;;2634
;;;;;;;;;;;2635
;;;;;;;;;;;2636
;;;;;;;;;;;2637
;;;;;;;;;;;2638
;;;;;;;;;;;2639
;;;;;;;;;;;2640
;;;;;;;;;;;2641
;;;;;;;;;;;2642
;;;;;;;;;;;2643
;;;;;;;;;;;2644
;;;;;;;;;;;2645
;;;;;;;;;;;2646
;;;;;;;;;;;2647
;;;;;;;;;;;2648
;;;;;;;;;;;2649
;;;;;;;;;;;2650
;;;;;;;;;;;2651
;;;;;;;;;;;2652
;;;;;;;;;;;2653
;;;;;;;;;;;2654
;;;;;;;;;;;2655
;;;;;;;;;;;2656
;;;;;;;;;;;2657
;;;;;;;;;;;2658
;;;;;;;;;;;2659
;;;;;;;;;;;2660
;;;;;;;;;;;2661
;;;;;;;;;;;2662
;;;;;;;;;;;2663
;;;;;;;;;;;2664
;;;;;;;;;;;2665
;;;;;;;;;;;2666
;;;;;;;;;;;2667
;;;;;;;;;;;2668
;;;;;;;;;;;2669
;;;;;;;;;;;2670
;;;;;;;;;;;2671
;;;;;;;;;;;2672
;;;;;;;;;;;2673
;;;;;;;;;;;2674
;;;;;;;;;;;2675
;;;;;;;;;;;2676
;;;;;;;;;;;2677
;;;;;;;;;;;2678
;;;;;;;;;;;2679
;;;;;;;;;;;2680
;;;;;;;;;;;2681
;;;;;;;;;;;2682
;;;;;;;;;;;2683
;;;;;;;;;;;2684
;;;;;;;;;;;2685
;;;;;;;;;;;2686
;;;;;;;;;;;2687
;;;;;;;;;;;2688
;;;;;;;;;;;2689
;;;;;;;;;;;2690
;;;;;;;;;;;2691
;;;;;;;;;;;2692
;;;;;;;;;;;2693
;;;;;;;;;;;2694
;;;;;;;;;;;2695
;;;;;;;;;;;2696
;;;;;;;;;;;2697
;;;;;;;;;;;2698
;;;;;;;;;;;2699
;;;;;;;;;;;2700
;;;;;;;;;;;2701
;;;;;;;;;;;2702
;;;;;;;;;;;2703
;;;;;;;;;;;2704
;;;;;;;;;;;2705
;;;;;;;;;;;2706
;;;;;;;;;;;2707
;;;;;;;;;;;2708
;;;;;;;;;;;2709
;;;;;;;;;;;2710
;;;;;;;;;;;2711
;;;;;;;;;;;2712
;;;;;;;;;;;2713
;;;;;;;;;;;2714
;;;;;;;;;;;2715
;;;;;;;;;;;2716
;;;;;;;;;;;2717
;;;;;;;;;;;2718
;;;;;;;;;;;2719
;;;;;;;;;;;2720
;;;;;;;;;;;2721
;;;;;;;;;;;2722
;;;;;;;;;;;2723
;;;;;;;;;;;2724
;;;;;;;;;;;2725
;;;;;;;;;;;2726
;;;;;;;;;;;2727
;;;;;;;;;;;2728
;;;;;;;;;;;2729
;;;;;;;;;;;2730
;;;;;;;;;;;2731
;;;;;;;;;;;2732
;;;;;;;;;;;2733
;;;;;;;;;;;2734
;;;;;;;;;;;2735
;;;;;;;;;;;2736
;;;;;;;;;;;2737
;;;;;;;;;;;2738
;;;;;;;;;;;2739
;;;;;;;;;;;2740
;;;;;;;;;;;2741
;;;;;;;;;;;2742
;;;;;;;;;;;2743
;;;;;;;;;;;2744
;;;;;;;;;;;2745
;;;;;;;;;;;2746
;;;;;;;;;;;2747
;;;;;;;;;;;2748
;;;;;;;;;;;2749
;;;;;;;;;;;2750
;;;;;;;;;;;2751
;;;;;;;;;;;2752
;;;;;;;;;;;2753
;;;;;;;;;;;2754
;;;;;;;;;;;2755
;;;;;;;;;;;2756
;;;;;;;;;;;2757
;;;;;;;;;;;2758
;;;;;;;;;;;2759
;;;;;;;;;;;2760
;;;;;;;;;;;2761
;;;;;;;;;;;2762
;;;;;;;;;;;2763
;;;;;;;;;;;2764
;;;;;;;;;;;2765
;;;;;;;;;;;2766
;;;;;;;;;;;2767
;;;;;;;;;;;2768
;;;;;;;;;;;2769
;;;;;;;;;;;2770
;;;;;;;;;;;2771
;;;;;;;;;;;2772
;;;;;;;;;;;2773
;;;;;;;;;;;2774
;;;;;;;;;;;2775
;;;;;;;;;;;2776
;;;;;;;;;;;2777
;;;;;;;;;;;2778
;;;;;;;;;;;2779
;;;;;;;;;;;2780
;;;;;;;;;;;2781
;;;;;;;;;;;2782
;;;;;;;;;;;2783
;;;;;;;;;;;2784
;;;;;;;;;;;2785
;;;;;;;;;;;2786
;;;;;;;;;;;2787
;;;;;;;;;;;2788
;;;;;;;;;;;2789
;;;;;;;;;;;2790
;;;;;;;;;;;2791
;;;;;;;;;;;2792
;;;;;;;;;;;2793
;;;;;;;;;;;2794
;;;;;;;;;;;2795
;;;;;;;;;;;2796
;;;;;;;;;;;2797
;;;;;;;;;;;2798
;;;;;;;;;;;2799
;;;;;;;;;;;2800
;;;;;;;;;;;2801
;;;;;;;;;;;2802
;;;;;;;;;;;2803
;;;;;;;;;;;2804
;;;;;;;;;;;2805
;;;;;;;;;;;2806
;;;;;;;;;;;2807
;;;;;;;;;;;2808
;;;;;;;;;;;2809
;;;;;;;;;;;2810
;;;;;;;;;;;2811
;;;;;;;;;;;2812
;;;;;;;;;;;2813
;;;;;;;;;;;2814
;;;;;;;;;;;2815
;;;;;;;;;;;2816
;;;;;;;;;;;2817
;;;;;;;;;;;2818
;;;;;;;;;;;2819
;;;;;;;;;;;2820
;;;;;;;;;;;2821
;;;;;;;;;;;2822
;;;;;;;;;;;2823
;;;;;;;;;;;2824
;;;;;;;;;;;2825
;;;;;;;;;;;2826
;;;;;;;;;;;2827
;;;;;;;;;;;2828
;;;;;;;;;;;2829
;;;;;;;;;;;2830
;;;;;;;;;;;2831
;;;;;;;;;;;2832
;;;;;;;;;;;2833
;;;;;;;;;;;2834
;;;;;;;;;;;2835
;;;;;;;;;;;2836
;;;;;;;;;;;2837
;;;;;;;;;;;2838
;;;;;;;;;;;2839
;;;;;;;;;;;2840
;;;;;;;;;;;2841
;;;;;;;;;;;2842
;;;;;;;;;;;2843
;;;;;;;;;;;2844
;;;;;;;;;;;2845
;;;;;;;;;;;2846
;;;;;;;;;;;2847
;;;;;;;;;;;2848
;;;;;;;;;;;2849
;;;;;;;;;;;2850
;;;;;;;;;;;2851
;;;;;;;;;;;2852
;;;;;;;;;;;2853
;;;;;;;;;;;2854
;;;;;;;;;;;2855
;;;;;;;;;;;2856
;;;;;;;;;;;2857
;;;;;;;;;;;2858
;;;;;;;;;;;2859
;;;;;;;;;;;2860
;;;;;;;;;;;2861
;;;;;;;;;;;2862
;;;;;;;;;;;2863
;;;;;;;;;;;2864
;;;;;;;;;;;2865
;;;;;;;;;;;2866
;;;;;;;;;;;2867
;;;;;;;;;;;2868
;;;;;;;;;;;2869
;;;;;;;;;;;2870
;;;;;;;;;;;2871
;;;;;;;;;;;2872
;;;;;;;;;;;2873
;;;;;;;;;;;2874
;;;;;;;;;;;2875
;;;;;;;;;;;2876
;;;;;;;;;;;2877
;;;;;;;;;;;2878
;;;;;;;;;;;2879
;;;;;;;;;;;2880
;;;;;;;;;;;2881
;;;;;;;;;;;2882
;;;;;;;;;;;2883
;;;;;;;;;;;2884
;;;;;;;;;;;2885
;;;;;;;;;;;2886
;;;;;;;;;;;2887
;;;;;;;;;;;2888
;;;;;;;;;;;2889
;;;;;;;;;;;2890
;;;;;;;;;;;2891
;;;;;;;;;;;2892
;;;;;;;;;;;2893
;;;;;;;;;;;2894
;;;;;;;;;;;2895
;;;;;;;;;;;2896
;;;;;;;;;;;2897
;;;;;;;;;;;2898
;;;;;;;;;;;2899
;;;;;;;;;;;2900
;;;;;;;;;;;2901
;;;;;;;;;;;2902
;;;;;;;;;;;2903
;;;;;;;;;;;2904
;;;;;;;;;;;2905
;;;;;;;;;;;2906
;;;;;;;;;;;2907
;;;;;;;;;;;2908
;;;;;;;;;;;2909
;;;;;;;;;;;2910
;;;;;;;;;;;2911
;;;;;;;;;;;2912
;;;;;;;;;;;2913
;;;;;;;;;;;2914
;;;;;;;;;;;2915
;;;;;;;;;;;2916
;;;;;;;;;;;2917
;;;;;;;;;;;2918
;;;;;;;;;;;2919
;;;;;;;;;;;2920
;;;;;;;;;;;2921
;;;;;;;;;;;2922
;;;;;;;;;;;2923
;;;;;;;;;;;2924
;;;;;;;;;;;2925
;;;;;;;;;;;2926
;;;;;;;;;;;2927
;;;;;;;;;;;2928
;;;;;;;;;;;2929
;;;;;;;;;;;2930
;;;;;;;;;;;2931
;;;;;;;;;;;2932
;;;;;;;;;;;2933
;;;;;;;;;;;2934
;;;;;;;;;;;2935
;;;;;;;;;;;2936
;;;;;;;;;;;2937
;;;;;;;;;;;2938
;;;;;;;;;;;2939
;;;;;;;;;;;2940
;;;;;;;;;;;2941
;;;;;;;;;;;2942
;;;;;;;;;;;2943
;;;;;;;;;;;2944
;;;;;;;;;;;2945
;;;;;;;;;;;2946
;;;;;;;;;;;2947
;;;;;;;;;;;2948
;;;;;;;;;;;2949
;;;;;;;;;;;2950
;;;;;;;;;;;2951
;;;;;;;;;;;2952
;;;;;;;;;;;2953
;;;;;;;;;;;2954
;;;;;;;;;;;2955
;;;;;;;;;;;2956
;;;;;;;;;;;2957
;;;;;;;;;;;2958
;;;;;;;;;;;2959
;;;;;;;;;;;2960
;;;;;;;;;;;2961
;;;;;;;;;;;2962
;;;;;;;;;;;2963
;;;;;;;;;;;2964
;;;;;;;;;;;2965
;;;;;;;;;;;2966
;;;;;;;;;;;2967
;;;;;;;;;;;2968
;;;;;;;;;;;2969
;;;;;;;;;;;2970
;;;;;;;;;;;2971
;;;;;;;;;;;2972
;;;;;;;;;;;2973
;;;;;;;;;;;2974
;;;;;;;;;;;2975
;;;;;;;;;;;2976
;;;;;;;;;;;2977
;;;;;;;;;;;2978
;;;;;;;;;;;2979
;;;;;;;;;;;2980
;;;;;;;;;;;2981
;;;;;;;;;;;2982
;;;;;;;;;;;2983
;;;;;;;;;;;2984
;;;;;;;;;;;2985
;;;;;;;;;;;2986
;;;;;;;;;;;2987
;;;;;;;;;;;2988
;;;;;;;;;;;2989
;;;;;;;;;;;2990
;;;;;;;;;;;2991
;;;;;;;;;;;2992
;;;;;;;;;;;2993
;;;;;;;;;;;2994
;;;;;;;;;;;2995
;;;;;;;;;;;2996
;;;;;;;;;;;2997
;;;;;;;;;;;2998
;;;;;;;;;;;2999
;;;;;;;;;;;3000
;;;;;;;;;;;3001
;;;;;;;;;;;3002
;;;;;;;;;;;3003
;;;;;;;;;;;3004
;;;;;;;;;;;3005
;;;;;;;;;;;3006
;;;;;;;;;;;3007
;;;;;;;;;;;3008
;;;;;;;;;;;3009
;;;;;;;;;;;3010
;;;;;;;;;;;3011
;;;;;;;;;;;3012
;;;;;;;;;;;3013
;;;;;;;;;;;3014
;;;;;;;;;;;3015
;;;;;;;;;;;3016
;;;;;;;;;;;3017
;;;;;;;;;;;3018
;;;;;;;;;;;3019
;;;;;;;;;;;3020
;;;;;;;;;;;3021
;;;;;;;;;;;3022
;;;;;;;;;;;3023
;;;;;;;;;;;3024
;;;;;;;;;;;3025
;;;;;;;;;;;3026
;;;;;;;;;;;3027
;;;;;;;;;;;3028
;;;;;;;;;;;3029
;;;;;;;;;;;3030
;;;;;;;;;;;3031
;;;;;;;;;;;3032
;;;;;;;;;;;3033
;;;;;;;;;;;3034
;;;;;;;;;;;3035
;;;;;;;;;;;3036
;;;;;;;;;;;3037
;;;;;;;;;;;3038
;;;;;;;;;;;3039
;;;;;;;;;;;3040
;;;;;;;;;;;3041
;;;;;;;;;;;3042
;;;;;;;;;;;3043
;;;;;;;;;;;3044
;;;;;;;;;;;3045
;;;;;;;;;;;3046
;;;;;;;;;;;3047
;;;;;;;;;;;3048
;;;;;;;;;;;3049
;;;;;;;;;;;3050
;;;;;;;;;;;3051
;;;;;;;;;;;3052
;;;;;;;;;;;3053
;;;;;;;;;;;3054
;;;;;;;;;;;3055
;;;;;;;;;;;3056
;;;;;;;;;;;3057
;;;;;;;;;;;3058
;;;;;;;;;;;3059
;;;;;;;;;;;3060
;;;;;;;;;;;3061
;;;;;;;;;;;3062
;;;;;;;;;;;3063
;;;;;;;;;;;3064
;;;;;;;;;;;3065
;;;;;;;;;;;3066
;;;;;;;;;;;3067
;;;;;;;;;;;3068
;;;;;;;;;;;3069
;;;;;;;;;;;3070
;;;;;;;;;;;3071
;;;;;;;;;;;3072
;;;;;;;;;;;3073
;;;;;;;;;;;3074
;;;;;;;;;;;3075
;;;;;;;;;;;3076
;;;;;;;;;;;3077
;;;;;;;;;;;3078
;;;;;;;;;;;3079
;;;;;;;;;;;3080
;;;;;;;;;;;3081
;;;;;;;;;;;3082
;;;;;;;;;;;3083
;;;;;;;;;;;3084
;;;;;;;;;;;3085
;;;;;;;;;;;3086
;;;;;;;;;;;3087
;;;;;;;;;;;3088
;;;;;;;;;;;3089
;;;;;;;;;;;3090
;;;;;;;;;;;3091
;;;;;;;;;;;3092
;;;;;;;;;;;3093
;;;;;;;;;;;3094
;;;;;;;;;;;3095
;;;;;;;;;;;3096
;;;;;;;;;;;3097
;;;;;;;;;;;3098
;;;;;;;;;;;3099
;;;;;;;;;;;3100
;;;;;;;;;;;3101
;;;;;;;;;;;3102
;;;;;;;;;;;3103
;;;;;;;;;;;3104
;;;;;;;;;;;3105
;;;;;;;;;;;3106
;;;;;;;;;;;3107
;;;;;;;;;;;3108
;;;;;;;;;;;3109
;;;;;;;;;;;3110
;;;;;;;;;;;3111
;;;;;;;;;;;3112
;;;;;;;;;;;3113
;;;;;;;;;;;3114
;;;;;;;;;;;3115
;;;;;;;;;;;3116
;;;;;;;;;;;3117
;;;;;;;;;;;3118
;;;;;;;;;;;3119
;;;;;;;;;;;3120
;;;;;;;;;;;3121
;;;;;;;;;;;3122
;;;;;;;;;;;3123
;;;;;;;;;;;3124
;;;;;;;;;;;3125
;;;;;;;;;;;3126
;;;;;;;;;;;3127
;;;;;;;;;;;3128
;;;;;;;;;;;3129
;;;;;;;;;;;3130
;;;;;;;;;;;3131
;;;;;;;;;;;3132
;;;;;;;;;;;3133
;;;;;;;;;;;3134
;;;;;;;;;;;3135
;;;;;;;;;;;3136
;;;;;;;;;;;3137
;;;;;;;;;;;3138
;;;;;;;;;;;3139
;;;;;;;;;;;3140
;;;;;;;;;;;3141
;;;;;;;;;;;3142
;;;;;;;;;;;3143
;;;;;;;;;;;3144
;;;;;;;;;;;3145
;;;;;;;;;;;3146
;;;;;;;;;;;3147
;;;;;;;;;;;3148
;;;;;;;;;;;3149
;;;;;;;;;;;3150
;;;;;;;;;;;3151
;;;;;;;;;;;3152
;;;;;;;;;;;3153
;;;;;;;;;;;3154
;;;;;;;;;;;3155
;;;;;;;;;;;3156
;;;;;;;;;;;3157
;;;;;;;;;;;3158
;;;;;;;;;;;3159
;;;;;;;;;;;3160
;;;;;;;;;;;3161
;;;;;;;;;;;3162
;;;;;;;;;;;3163
;;;;;;;;;;;3164
;;;;;;;;;;;3165
;;;;;;;;;;;3166
;;;;;;;;;;;3167
;;;;;;;;;;;3168
;;;;;;;;;;;3169
;;;;;;;;;;;3170
;;;;;;;;;;;3171
;;;;;;;;;;;3172
;;;;;;;;;;;3173
;;;;;;;;;;;3174
;;;;;;;;;;;3175
;;;;;;;;;;;3176
;;;;;;;;;;;3177
;;;;;;;;;;;3178
;;;;;;;;;;;3179
;;;;;;;;;;;3180
;;;;;;;;;;;3181
;;;;;;;;;;;3182
;;;;;;;;;;;3183
;;;;;;;;;;;3184
;;;;;;;;;;;3185
;;;;;;;;;;;3186
;;;;;;;;;;;3187
;;;;;;;;;;;3188
;;;;;;;;;;;3189
;;;;;;;;;;;3190
;;;;;;;;;;;3191
;;;;;;;;;;;3192
;;;;;;;;;;;3193
;;;;;;;;;;;3194
;;;;;;;;;;;3195
;;;;;;;;;;;3196
;;;;;;;;;;;3197
;;;;;;;;;;;3198
;;;;;;;;;;;3199
;;;;;;;;;;;3200
;;;;;;;;;;;3201
;;;;;;;;;;;3202
;;;;;;;;;;;3203
;;;;;;;;;;;3204
;;;;;;;;;;;3205
;;;;;;;;;;;3206
;;;;;;;;;;;3207
;;;;;;;;;;;3208
;;;;;;;;;;;3209
;;;;;;;;;;;3210
;;;;;;;;;;;3211
;;;;;;;;;;;3212
;;;;;;;;;;;3213
;;;;;;;;;;;3214
;;;;;;;;;;;3215
;;;;;;;;;;;3216
;;;;;;;;;;;3217
;;;;;;;;;;;3218
;;;;;;;;;;;3219
;;;;;;;;;;;3220
;;;;;;;;;;;3221
;;;;;;;;;;;3222
;;;;;;;;;;;3223
;;;;;;;;;;;3224
;;;;;;;;;;;3225
;;;;;;;;;;;3226
;;;;;;;;;;;3227
;;;;;;;;;;;3228
;;;;;;;;;;;3229
;;;;;;;;;;;3230
;;;;;;;;;;;3231
;;;;;;;;;;;3232
;;;;;;;;;;;3233
;;;;;;;;;;;3234
;;;;;;;;;;;3235
;;;;;;;;;;;3236
;;;;;;;;;;;3237
;;;;;;;;;;;3238
;;;;;;;;;;;3239
;;;;;;;;;;;3240
;;;;;;;;;;;3241
;;;;;;;;;;;3242
;;;;;;;;;;;3243
;;;;;;;;;;;3244
;;;;;;;;;;;3245
;;;;;;;;;;;3246
;;;;;;;;;;;3247
;;;;;;;;;;;3248
;;;;;;;;;;;3249
;;;;;;;;;;;3250
;;;;;;;;;;;3251
;;;;;;;;;;;3252
;;;;;;;;;;;3253
;;;;;;;;;;;3254
;;;;;;;;;;;3255
;;;;;;;;;;;3256
;;;;;;;;;;;3257
;;;;;;;;;;;3258
;;;;;;;;;;;3259
;;;;;;;;;;;3260
;;;;;;;;;;;3261
;;;;;;;;;;;3262
;;;;;;;;;;;3263
;;;;;;;;;;;3264
;;;;;;;;;;;3265
;;;;;;;;;;;3266
;;;;;;;;;;;3267
;;;;;;;;;;;3268
;;;;;;;;;;;3269
;;;;;;;;;;;3270
;;;;;;;;;;;3271
;;;;;;;;;;;3272
;;;;;;;;;;;3273
;;;;;;;;;;;3274
;;;;;;;;;;;3275
;;;;;;;;;;;3276
;;;;;;;;;;;3277
;;;;;;;;;;;3278
;;;;;;;;;;;3279
;;;;;;;;;;;3280
;;;;;;;;;;;3281
;;;;;;;;;;;3282
;;;;;;;;;;;3283
;;;;;;;;;;;3284
;;;;;;;;;;;3285
;;;;;;;;;;;3286
;;;;;;;;;;;3287
;;;;;;;;;;;3288
;;;;;;;;;;;3289
;;;;;;;;;;;3290
;;;;;;;;;;;3291
;;;;;;;;;;;3292
;;;;;;;;;;;3293
;;;;;;;;;;;3294
;;;;;;;;;;;3295
;;;;;;;;;;;3296
;;;;;;;;;;;3297
;;;;;;;;;;;3298
;;;;;;;;;;;3299
;;;;;;;;;;;3300
;;;;;;;;;;;3301
;;;;;;;;;;;3302
;;;;;;;;;;;3303
;;;;;;;;;;;3304
;;;;;;;;;;;3305
;;;;;;;;;;;3306
;;;;;;;;;;;3307
;;;;;;;;;;;3308
;;;;;;;;;;;3309
;;;;;;;;;;;3310
;;;;;;;;;;;3311
;;;;;;;;;;;3312
;;;;;;;;;;;3313
;;;;;;;;;;;3314
;;;;;;;;;;;3315
;;;;;;;;;;;3316
;;;;;;;;;;;3317
;;;;;;;;;;;3318
;;;;;;;;;;;3319
;;;;;;;;;;;3320
;;;;;;;;;;;3321
;;;;;;;;;;;3322
;;;;;;;;;;;3323
;;;;;;;;;;;3324
;;;;;;;;;;;3325
;;;;;;;;;;;3326
;;;;;;;;;;;3327
;;;;;;;;;;;3328
;;;;;;;;;;;3329
;;;;;;;;;;;3330
;;;;;;;;;;;3331
;;;;;;;;;;;3332
;;;;;;;;;;;3333
;;;;;;;;;;;3334
;;;;;;;;;;;3335
;;;;;;;;;;;3336
;;;;;;;;;;;3337
;;;;;;;;;;;3338
;;;;;;;;;;;3339
;;;;;;;;;;;3340
;;;;;;;;;;;3341
;;;;;;;;;;;3342
;;;;;;;;;;;3343
;;;;;;;;;;;3344
;;;;;;;;;;;3345
;;;;;;;;;;;3346
;;;;;;;;;;;3347
;;;;;;;;;;;3348
;;;;;;;;;;;3349
;;;;;;;;;;;3350
;;;;;;;;;;;3351
;;;;;;;;;;;3352
;;;;;;;;;;;3353
;;;;;;;;;;;3354
;;;;;;;;;;;3355
;;;;;;;;;;;3356
;;;;;;;;;;;3357
;;;;;;;;;;;3358
;;;;;;;;;;;3359
;;;;;;;;;;;3360
;;;;;;;;;;;3361
;;;;;;;;;;;3362
;;;;;;;;;;;3363
;;;;;;;;;;;3364
;;;;;;;;;;;3365
;;;;;;;;;;;3366
;;;;;;;;;;;3367
;;;;;;;;;;;3368
;;;;;;;;;;;3369
;;;;;;;;;;;3370
;;;;;;;;;;;3371
;;;;;;;;;;;3372
;;;;;;;;;;;3373
;;;;;;;;;;;3374
;;;;;;;;;;;3375
;;;;;;;;;;;3376
;;;;;;;;;;;3377
;;;;;;;;;;;3378
;;;;;;;;;;;3379
;;;;;;;;;;;3380
;;;;;;;;;;;3381
;;;;;;;;;;;3382
;;;;;;;;;;;3383
;;;;;;;;;;;3384
;;;;;;;;;;;3385
;;;;;;;;;;;3386
;;;;;;;;;;;3387
;;;;;;;;;;;3388
;;;;;;;;;;;3389
;;;;;;;;;;;3390
;;;;;;;;;;;3391
;;;;;;;;;;;3392
;;;;;;;;;;;3393
;;;;;;;;;;;3394
;;;;;;;;;;;3395
;;;;;;;;;;;3396
;;;;;;;;;;;3397
;;;;;;;;;;;3398
;;;;;;;;;;;3399
;;;;;;;;;;;3400
;;;;;;;;;;;3401
;;;;;;;;;;;3402
;;;;;;;;;;;3403
;;;;;;;;;;;3404
;;;;;;;;;;;3405
;;;;;;;;;;;3406
;;;;;;;;;;;3407
;;;;;;;;;;;3408
;;;;;;;;;;;3409
;;;;;;;;;;;3410
;;;;;;;;;;;3411
;;;;;;;;;;;3412
;;;;;;;;;;;3413
;;;;;;;;;;;3414
;;;;;;;;;;;3415
;;;;;;;;;;;3416
;;;;;;;;;;;3417
;;;;;;;;;;;3418
;;;;;;;;;;;3419
;;;;;;;;;;;3420
;;;;;;;;;;;3421
;;;;;;;;;;;3422
;;;;;;;;;;;3423
;;;;;;;;;;;3424
;;;;;;;;;;;3425
;;;;;;;;;;;3426
;;;;;;;;;;;3427
;;;;;;;;;;;3428
;;;;;;;;;;;3429
;;;;;;;;;;;3430
;;;;;;;;;;;3431
;;;;;;;;;;;3432
;;;;;;;;;;;3433
;;;;;;;;;;;3434
;;;;;;;;;;;3435
;;;;;;;;;;;3436
;;;;;;;;;;;3437
;;;;;;;;;;;3438
;;;;;;;;;;;3439
;;;;;;;;;;;3440
;;;;;;;;;;;3441
;;;;;;;;;;;3442
;;;;;;;;;;;3443
;;;;;;;;;;;3444
;;;;;;;;;;;3445
;;;;;;;;;;;3446
;;;;;;;;;;;3447
;;;;;;;;;;;3448
;;;;;;;;;;;3449
;;;;;;;;;;;3450
;;;;;;;;;;;3451
;;;;;;;;;;;3452
;;;;;;;;;;;3453
;;;;;;;;;;;3454
;;;;;;;;;;;3455
;;;;;;;;;;;3456
;;;;;;;;;;;3457
;;;;;;;;;;;3458
;;;;;;;;;;;3459
;;;;;;;;;;;3460
;;;;;;;;;;;3461
;;;;;;;;;;;3462
;;;;;;;;;;;3463
;;;;;;;;;;;3464
;;;;;;;;;;;3465
;;;;;;;;;;;3466
;;;;;;;;;;;3467
;;;;;;;;;;;3468
;;;;;;;;;;;3469
;;;;;;;;;;;3470
;;;;;;;;;;;3471
;;;;;;;;;;;3472
;;;;;;;;;;;3473
;;;;;;;;;;;3474
;;;;;;;;;;;3475
;;;;;;;;;;;3476
;;;;;;;;;;;3477
;;;;;;;;;;;3478
;;;;;;;;;;;3479
;;;;;;;;;;;3480
;;;;;;;;;;;3481
;;;;;;;;;;;3482
;;;;;;;;;;;3483
;;;;;;;;;;;3484
;;;;;;;;;;;3485
;;;;;;;;;;;3486
;;;;;;;;;;;3487
;;;;;;;;;;;3488
;;;;;;;;;;;3489
;;;;;;;;;;;3490
;;;;;;;;;;;3491
;;;;;;;;;;;3492
;;;;;;;;;;;3493
;;;;;;;;;;;3494
;;;;;;;;;;;3495
;;;;;;;;;;;3496
;;;;;;;;;;;3497
;;;;;;;;;;;3498
;;;;;;;;;;;3499
;;;;;;;;;;;3500
;;;;;;;;;;;3501
;;;;;;;;;;;3502
;;;;;;;;;;;3503
;;;;;;;;;;;3504
;;;;;;;;;;;3505
;;;;;;;;;;;3506
;;;;;;;;;;;3507
;;;;;;;;;;;3508
;;;;;;;;;;;3509
;;;;;;;;;;;3510
;;;;;;;;;;;3511
;;;;;;;;;;;3512
;;;;;;;;;;;3513
;;;;;;;;;;;3514
;;;;;;;;;;;3515
;;;;;;;;;;;3516
;;;;;;;;;;;3517
;;;;;;;;;;;3518
;;;;;;;;;;;3519
;;;;;;;;;;;3520
;;;;;;;;;;;3521
;;;;;;;;;;;3522
;;;;;;;;;;;3523
;;;;;;;;;;;3524
;;;;;;;;;;;3525
;;;;;;;;;;;3526
;;;;;;;;;;;3527
;;;;;;;;;;;3528
;;;;;;;;;;;3529
;;;;;;;;;;;3530
;;;;;;;;;;;3531
;;;;;;;;;;;3532
;;;;;;;;;;;3533
;;;;;;;;;;;3534
;;;;;;;;;;;3535
;;;;;;;;;;;3536
;;;;;;;;;;;3537
;;;;;;;;;;;3538
;;;;;;;;;;;3539
;;;;;;;;;;;3540
;;;;;;;;;;;3541
;;;;;;;;;;;3542
;;;;;;;;;;;3543
;;;;;;;;;;;3544
;;;;;;;;;;;3545
;;;;;;;;;;;3546
;;;;;;;;;;;3547
;;;;;;;;;;;3548
;;;;;;;;;;;3549
;;;;;;;;;;;3550
;;;;;;;;;;;3551
;;;;;;;;;;;3552
;;;;;;;;;;;3553
;;;;;;;;;;;3554
;;;;;;;;;;;3555
;;;;;;;;;;;3556
;;;;;;;;;;;3557
;;;;;;;;;;;3558
;;;;;;;;;;;3559
;;;;;;;;;;;3560
;;;;;;;;;;;3561
;;;;;;;;;;;3562
;;;;;;;;;;;3563
;;;;;;;;;;;3564
;;;;;;;;;;;3565
;;;;;;;;;;;3566
;;;;;;;;;;;3567
;;;;;;;;;;;3568
;;;;;;;;;;;3569
;;;;;;;;;;;3570
;;;;;;;;;;;3571
;;;;;;;;;;;3572
;;;;;;;;;;;3573
;;;;;;;;;;;3574
;;;;;;;;;;;3575
;;;;;;;;;;;3576
;;;;;;;;;;;3577
;;;;;;;;;;;3578
;;;;;;;;;;;3579
;;;;;;;;;;;3580
;;;;;;;;;;;3581
;;;;;;;;;;;3582
;;;;;;;;;;;3583
;;;;;;;;;;;3584
;;;;;;;;;;;3585
;;;;;;;;;;;3586
;;;;;;;;;;;3587
;;;;;;;;;;;3588
;;;;;;;;;;;3589
;;;;;;;;;;;3590
;;;;;;;;;;;3591
;;;;;;;;;;;3592
;;;;;;;;;;;3593
;;;;;;;;;;;3594
;;;;;;;;;;;3595
;;;;;;;;;;;3596
;;;;;;;;;;;3597
;;;;;;;;;;;3598
;;;;;;;;;;;3599
;;;;;;;;;;;3600
;;;;;;;;;;;3601
;;;;;;;;;;;3602
;;;;;;;;;;;3603
;;;;;;;;;;;3604
;;;;;;;;;;;3605
;;;;;;;;;;;3606
;;;;;;;;;;;3607
;;;;;;;;;;;3608
;;;;;;;;;;;3609
;;;;;;;;;;;3610
;;;;;;;;;;;3611
;;;;;;;;;;;3612
;;;;;;;;;;;3613
;;;;;;;;;;;3614
;;;;;;;;;;;3615
;;;;;;;;;;;3616
;;;;;;;;;;;3617
;;;;;;;;;;;3618
;;;;;;;;;;;3619
;;;;;;;;;;;3620
;;;;;;;;;;;3621
;;;;;;;;;;;3622
;;;;;;;;;;;3623
;;;;;;;;;;;3624
;;;;;;;;;;;3625
;;;;;;;;;;;3626
;;;;;;;;;;;3627
;;;;;;;;;;;3628
;;;;;;;;;;;3629
;;;;;;;;;;;3630
;;;;;;;;;;;3631
;;;;;;;;;;;3632
;;;;;;;;;;;3633
;;;;;;;;;;;3634
;;;;;;;;;;;3635
;;;;;;;;;;;3636
;;;;;;;;;;;3637
;;;;;;;;;;;3638
;;;;;;;;;;;3639
;;;;;;;;;;;3640
;;;;;;;;;;;3641
;;;;;;;;;;;3642
;;;;;;;;;;;3643
;;;;;;;;;;;3644
;;;;;;;;;;;3645
;;;;;;;;;;;3646
;;;;;;;;;;;3647
;;;;;;;;;;;3648
;;;;;;;;;;;3649
;;;;;;;;;;;3650
;;;;;;;;;;;3651
;;;;;;;;;;;3652
;;;;;;;;;;;3653
;;;;;;;;;;;3654
;;;;;;;;;;;3655
;;;;;;;;;;;3656
;;;;;;;;;;;3657
;;;;;;;;;;;3658
;;;;;;;;;;;3659
;;;;;;;;;;;3660
;;;;;;;;;;;3661
;;;;;;;;;;;3662
;;;;;;;;;;;3663
;;;;;;;;;;;3664
;;;;;;;;;;;3665
;;;;;;;;;;;3666
;;;;;;;;;;;3667
;;;;;;;;;;;3668
;;;;;;;;;;;3669
;;;;;;;;;;;3670
;;;;;;;;;;;3671
;;;;;;;;;;;3672
;;;;;;;;;;;3673
;;;;;;;;;;;3674
;;;;;;;;;;;3675
;;;;;;;;;;;3676
;;;;;;;;;;;3677
;;;;;;;;;;;3678
;;;;;;;;;;;3679
;;;;;;;;;;;3680
;;;;;;;;;;;3681
;;;;;;;;;;;3682
;;;;;;;;;;;3683
;;;;;;;;;;;3684
;;;;;;;;;;;3685
;;;;;;;;;;;3686
;;;;;;;;;;;3687
;;;;;;;;;;;3688
;;;;;;;;;;;3689
;;;;;;;;;;;3690
;;;;;;;;;;;3691
;;;;;;;;;;;3692
;;;;;;;;;;;3693
;;;;;;;;;;;3694
;;;;;;;;;;;3695
;;;;;;;;;;;3696
;;;;;;;;;;;3697
;;;;;;;;;;;3698
;;;;;;;;;;;3699
;;;;;;;;;;;3700
;;;;;;;;;;;3701
;;;;;;;;;;;3702
;;;;;;;;;;;3703
;;;;;;;;;;;3704
;;;;;;;;;;;3705
;;;;;;;;;;;3706
;;;;;;;;;;;3707
;;;;;;;;;;;3708
;;;;;;;;;;;3709
;;;;;;;;;;;3710
;;;;;;;;;;;3711
;;;;;;;;;;;3712
;;;;;;;;;;;3713
;;;;;;;;;;;3714
;;;;;;;;;;;3715
;;;;;;;;;;;3716
;;;;;;;;;;;3717
;;;;;;;;;;;3718
;;;;;;;;;;;3719
;;;;;;;;;;;3720
;;;;;;;;;;;3721
;;;;;;;;;;;3722
;;;;;;;;;;;3723
;;;;;;;;;;;3724
;;;;;;;;;;;3725
;;;;;;;;;;;3726
;;;;;;;;;;;3727
;;;;;;;;;;;3728
;;;;;;;;;;;3729
;;;;;;;;;;;3730
;;;;;;;;;;;3731
;;;;;;;;;;;3732
;;;;;;;;;;;3733
;;;;;;;;;;;3734
;;;;;;;;;;;3735
;;;;;;;;;;;3736
;;;;;;;;;;;3737
;;;;;;;;;;;3738
;;;;;;;;;;;3739
;;;;;;;;;;;3740
;;;;;;;;;;;3741
;;;;;;;;;;;3742
;;;;;;;;;;;3743
;;;;;;;;;;;3744
;;;;;;;;;;;3745
;;;;;;;;;;;3746
;;;;;;;;;;;3747
;;;;;;;;;;;3748
;;;;;;;;;;;3749
;;;;;;;;;;;3750
;;;;;;;;;;;3751
;;;;;;;;;;;3752
;;;;;;;;;;;3753
;;;;;;;;;;;3754
;;;;;;;;;;;3755
;;;;;;;;;;;3756
;;;;;;;;;;;3757
;;;;;;;;;;;3758
;;;;;;;;;;;3759
;;;;;;;;;;;3760
;;;;;;;;;;;3761
;;;;;;;;;;;3762
;;;;;;;;;;;3763
;;;;;;;;;;;3764
;;;;;;;;;;;3765
;;;;;;;;;;;3766
;;;;;;;;;;;3767
;;;;;;;;;;;3768
;;;;;;;;;;;3769
;;;;;;;;;;;3770
;;;;;;;;;;;3771
;;;;;;;;;;;3772
;;;;;;;;;;;3773
;;;;;;;;;;;3774
;;;;;;;;;;;3775
;;;;;;;;;;;3776
;;;;;;;;;;;3777
;;;;;;;;;;;3778
;;;;;;;;;;;3779
;;;;;;;;;;;3780
;;;;;;;;;;;3781
;;;;;;;;;;;3782
;;;;;;;;;;;3783
;;;;;;;;;;;3784
;;;;;;;;;;;3785
;;;;;;;;;;;3786
;;;;;;;;;;;3787
;;;;;;;;;;;3788
;;;;;;;;;;;3789
;;;;;;;;;;;3790
;;;;;;;;;;;3791
;;;;;;;;;;;3792
;;;;;;;;;;;3793
;;;;;;;;;;;3794
;;;;;;;;;;;3795
;;;;;;;;;;;3796
;;;;;;;;;;;3797
;;;;;;;;;;;3798
;;;;;;;;;;;3799
;;;;;;;;;;;3800
;;;;;;;;;;;3801
;;;;;;;;;;;3802
;;;;;;;;;;;3803
;;;;;;;;;;;3804
;;;;;;;;;;;3805
;;;;;;;;;;;3806
;;;;;;;;;;;3807
;;;;;;;;;;;3808
;;;;;;;;;;;3809
;;;;;;;;;;;3810
;;;;;;;;;;;3811
;;;;;;;;;;;3812
;;;;;;;;;;;3813
;;;;;;;;;;;3814
;;;;;;;;;;;3815
;;;;;;;;;;;3816
;;;;;;;;;;;3817
;;;;;;;;;;;3818
;;;;;;;;;;;3819
;;;;;;;;;;;3820
;;;;;;;;;;;3821
;;;;;;;;;;;3822
;;;;;;;;;;;3823
;;;;;;;;;;;3824
;;;;;;;;;;;3825
;;;;;;;;;;;3826
;;;;;;;;;;;3827
;;;;;;;;;;;3828
;;;;;;;;;;;3829
;;;;;;;;;;;3830
;;;;;;;;;;;3831
;;;;;;;;;;;3832
;;;;;;;;;;;3833
;;;;;;;;;;;3834
;;;;;;;;;;;3835
;;;;;;;;;;;3836
;;;;;;;;;;;3837
;;;;;;;;;;;3838
;;;;;;;;;;;3839
;;;;;;;;;;;3840
;;;;;;;;;;;3841
;;;;;;;;;;;3842
;;;;;;;;;;;3843
;;;;;;;;;;;3844
;;;;;;;;;;;3845
;;;;;;;;;;;3846
;;;;;;;;;;;3847
;;;;;;;;;;;3848
;;;;;;;;;;;3849
;;;;;;;;;;;3850
;;;;;;;;;;;3851
;;;;;;;;;;;3852
;;;;;;;;;;;3853
;;;;;;;;;;;3854
;;;;;;;;;;;3855
;;;;;;;;;;;3856
;;;;;;;;;;;3857
;;;;;;;;;;;3858
;;;;;;;;;;;3859
;;;;;;;;;;;3860
;;;;;;;;;;;3861
;;;;;;;;;;;3862
;;;;;;;;;;;3863
;;;;;;;;;;;3864
;;;;;;;;;;;3865
;;;;;;;;;;;3866
;;;;;;;;;;;3867
;;;;;;;;;;;3868
;;;;;;;;;;;3869
;;;;;;;;;;;3870
;;;;;;;;;;;3871
;;;;;;;;;;;3872
;;;;;;;;;;;3873
;;;;;;;;;;;3874
;;;;;;;;;;;3875
;;;;;;;;;;;3876
;;;;;;;;;;;3877
;;;;;;;;;;;3878
;;;;;;;;;;;3879
;;;;;;;;;;;3880
;;;;;;;;;;;3881
;;;;;;;;;;;3882
;;;;;;;;;;;3883
;;;;;;;;;;;3884
;;;;;;;;;;;3885
;;;;;;;;;;;3886
;;;;;;;;;;;3887
;;;;;;;;;;;3888
;;;;;;;;;;;3889
;;;;;;;;;;;3890
;;;;;;;;;;;3891
;;;;;;;;;;;3892
;;;;;;;;;;;3893
;;;;;;;;;;;3894
;;;;;;;;;;;3895
;;;;;;;;;;;3896
;;;;;;;;;;;3897
;;;;;;;;;;;3898
;;;;;;;;;;;3899
;;;;;;;;;;;3900
;;;;;;;;;;;3901
;;;;;;;;;;;3902
;;;;;;;;;;;3903
;;;;;;;;;;;3904
;;;;;;;;;;;3905
;;;;;;;;;;;3906
;;;;;;;;;;;3907
;;;;;;;;;;;3908
;;;;;;;;;;;3909
;;;;;;;;;;;3910
;;;;;;;;;;;3911
;;;;;;;;;;;3912
;;;;;;;;;;;3913
;;;;;;;;;;;3914
;;;;;;;;;;;3915
;;;;;;;;;;;3916
;;;;;;;;;;;3917
;;;;;;;;;;;3918
;;;;;;;;;;;3919
;;;;;;;;;;;3920
;;;;;;;;;;;3921
;;;;;;;;;;;3922
;;;;;;;;;;;3923
;;;;;;;;;;;3924
;;;;;;;;;;;3925
;;;;;;;;;;;3926
;;;;;;;;;;;3927
;;;;;;;;;;;3928
;;;;;;;;;;;3929
;;;;;;;;;;;3930
;;;;;;;;;;;3931
;;;;;;;;;;;3932
;;;;;;;;;;;3933
;;;;;;;;;;;3934
;;;;;;;;;;;3935
;;;;;;;;;;;3936
;;;;;;;;;;;3937
;;;;;;;;;;;3938
;;;;;;;;;;;3939
;;;;;;;;;;;3940
;;;;;;;;;;;3941
;;;;;;;;;;;3942
;;;;;;;;;;;3943
;;;;;;;;;;;3944
;;;;;;;;;;;3945
;;;;;;;;;;;3946
;;;;;;;;;;;3947
;;;;;;;;;;;3948
;;;;;;;;;;;3949
;;;;;;;;;;;3950
;;;;;;;;;;;3951
;;;;;;;;;;;3952
;;;;;;;;;;;3953
;;;;;;;;;;;3954
;;;;;;;;;;;3955
;;;;;;;;;;;3956
;;;;;;;;;;;3957
;;;;;;;;;;;3958
;;;;;;;;;;;3959
;;;;;;;;;;;3960
;;;;;;;;;;;3961
;;;;;;;;;;;3962
;;;;;;;;;;;3963
;;;;;;;;;;;3964
;;;;;;;;;;;3965
;;;;;;;;;;;3966
;;;;;;;;;;;3967
;;;;;;;;;;;3968
;;;;;;;;;;;3969
;;;;;;;;;;;3970
;;;;;;;;;;;3971
;;;;;;;;;;;3972
;;;;;;;;;;;3973
;;;;;;;;;;;3974
;;;;;;;;;;;3975
;;;;;;;;;;;3976
;;;;;;;;;;;3977
;;;;;;;;;;;3978
;;;;;;;;;;;3979
;;;;;;;;;;;3980
;;;;;;;;;;;3981
;;;;;;;;;;;3982
;;;;;;;;;;;3983
;;;;;;;;;;;3984
;;;;;;;;;;;3985
;;;;;;;;;;;3986
;;;;;;;;;;;3987
;;;;;;;;;;;3988
;;;;;;;;;;;3989
;;;;;;;;;;;3990
;;;;;;;;;;;3991
;;;;;;;;;;;3992
;;;;;;;;;;;3993
;;;;;;;;;;;3994
;;;;;;;;;;;3995
;;;;;;;;;;;3996
;;;;;;;;;;;3997
;;;;;;;;;;;3998
;;;;;;;;;;;3999
;;;;;;;;;;;4000
;;;;;;;;;;;4001
;;;;;;;;;;;4002
;;;;;;;;;;;4003
;;;;;;;;;;;4004
;;;;;;;;;;;4005
;;;;;;;;;;;4006
;;;;;;;;;;;4007
;;;;;;;;;;;4008
;;;;;;;;;;;4009
;;;;;;;;;;;4010
;;;;;;;;;;;4011
;;;;;;;;;;;4012
;;;;;;;;;;;4013
;;;;;;;;;;;4014
;;;;;;;;;;;4015
;;;;;;;;;;;4016
;;;;;;;;;;;4017
;;;;;;;;;;;4018
;;;;;;;;;;;4019
;;;;;;;;;;;4020
;;;;;;;;;;;4021
;;;;;;;;;;;4022
;;;;;;;;;;;4023
;;;;;;;;;;;4024
;;;;;;;;;;;4025
;;;;;;;;;;;4026
;;;;;;;;;;;4027
;;;;;;;;;;;4028
;;;;;;;;;;;4029
;;;;;;;;;;;4030
;;;;;;;;;;;4031
;;;;;;;;;;;4032
;;;;;;;;;;;4033
;;;;;;;;;;;4034
;;;;;;;;;;;4035
;;;;;;;;;;;4036
;;;;;;;;;;;4037
;;;;;;;;;;;4038
;;;;;;;;;;;4039
;;;;;;;;;;;4040
;;;;;;;;;;;4041
;;;;;;;;;;;4042
;;;;;;;;;;;4043
;;;;;;;;;;;4044
;;;;;;;;;;;4045
;;;;;;;;;;;4046
;;;;;;;;;;;4047
;;;;;;;;;;;4048
;;;;;;;;;;;4049
;;;;;;;;;;;4050
;;;;;;;;;;;4051
;;;;;;;;;;;4052
;;;;;;;;;;;4053
;;;;;;;;;;;4054
;;;;;;;;;;;4055
;;;;;;;;;;;4056
;;;;;;;;;;;4057
;;;;;;;;;;;4058
;;;;;;;;;;;4059
;;;;;;;;;;;4060
;;;;;;;;;;;4061
;;;;;;;;;;;4062
;;;;;;;;;;;4063
;;;;;;;;;;;4064
;;;;;;;;;;;4065
;;;;;;;;;;;4066
;;;;;;;;;;;4067
;;;;;;;;;;;4068
;;;;;;;;;;;4069
;;;;;;;;;;;4070
;;;;;;;;;;;4071
;;;;;;;;;;;4072
;;;;;;;;;;;4073
;;;;;;;;;;;4074
;;;;;;;;;;;4075
;;;;;;;;;;;4076
;;;;;;;;;;;4077
;;;;;;;;;;;4078
;;;;;;;;;;;4079
;;;;;;;;;;;4080
;;;;;;;;;;;4081
;;;;;;;;;;;4082
;;;;;;;;;;;4083
;;;;;;;;;;;4084
;;;;;;;;;;;4085
;;;;;;;;;;;4086
;;;;;;;;;;;4087
;;;;;;;;;;;4088
;;;;;;;;;;;4089
;;;;;;;;;;;4090
;;;;;;;;;;;4091
;;;;;;;;;;;4092
;;;;;;;;;;;4093
;;;;;;;;;;;4094
;;;;;;;;;;;4095
;;;;;;;;;;;4096
;;;;;;;;;;;4097
;;;;;;;;;;;4098
;;;;;;;;;;;4099
;;;;;;;;;;;4100
;;;;;;;;;;;4101
;;;;;;;;;;;4102
;;;;;;;;;;;4103
;;;;;;;;;;;4104
;;;;;;;;;;;4105
;;;;;;;;;;;4106
;;;;;;;;;;;4107
;;;;;;;;;;;4108
;;;;;;;;;;;4109
;;;;;;;;;;;4110
;;;;;;;;;;;4111
;;;;;;;;;;;4112
;;;;;;;;;;;4113
;;;;;;;;;;;4114
;;;;;;;;;;;4115
;;;;;;;;;;;4116
;;;;;;;;;;;4117
;;;;;;;;;;;4118
;;;;;;;;;;;4119
;;;;;;;;;;;4120
;;;;;;;;;;;4121
;;;;;;;;;;;4122
;;;;;;;;;;;4123
;;;;;;;;;;;4124
;;;;;;;;;;;4125
;;;;;;;;;;;4126
;;;;;;;;;;;4127
;;;;;;;;;;;4128
;;;;;;;;;;;4129
;;;;;;;;;;;4130
;;;;;;;;;;;4131
;;;;;;;;;;;4132
;;;;;;;;;;;4133
;;;;;;;;;;;4134
;;;;;;;;;;;4135
;;;;;;;;;;;4136
;;;;;;;;;;;4137
;;;;;;;;;;;4138
;;;;;;;;;;;4139
;;;;;;;;;;;4140
;;;;;;;;;;;4141
;;;;;;;;;;;4142
;;;;;;;;;;;4143
;;;;;;;;;;;4144
;;;;;;;;;;;4145
;;;;;;;;;;;4146
;;;;;;;;;;;4147
;;;;;;;;;;;4148
;;;;;;;;;;;4149
;;;;;;;;;;;4150
;;;;;;;;;;;4151
;;;;;;;;;;;4152
;;;;;;;;;;;4153
;;;;;;;;;;;4154
;;;;;;;;;;;4155
;;;;;;;;;;;4156
;;;;;;;;;;;4157
;;;;;;;;;;;4158
;;;;;;;;;;;4159
;;;;;;;;;;;4160
;;;;;;;;;;;4161
;;;;;;;;;;;4162
;;;;;;;;;;;4163
;;;;;;;;;;;4164
;;;;;;;;;;;4165
;;;;;;;;;;;4166
;;;;;;;;;;;4167
;;;;;;;;;;;4168
;;;;;;;;;;;4169
;;;;;;;;;;;4170
;;;;;;;;;;;4171
;;;;;;;;;;;4172
;;;;;;;;;;;4173
;;;;;;;;;;;4174
;;;;;;;;;;;4175
;;;;;;;;;;;4176
;;;;;;;;;;;4177
;;;;;;;;;;;4178
;;;;;;;;;;;4179
;;;;;;;;;;;4180
;;;;;;;;;;;4181
;;;;;;;;;;;4182
;;;;;;;;;;;4183
;;;;;;;;;;;4184
;;;;;;;;;;;4185
;;;;;;;;;;;4186
;;;;;;;;;;;4187
;;;;;;;;;;;4188
;;;;;;;;;;;4189
;;;;;;;;;;;4190
;;;;;;;;;;;4191
;;;;;;;;;;;4192
;;;;;;;;;;;4193
;;;;;;;;;;;4194
;;;;;;;;;;;4195
;;;;;;;;;;;4196
;;;;;;;;;;;4197
;;;;;;;;;;;4198
;;;;;;;;;;;4199
;;;;;;;;;;;4200
;;;;;;;;;;;4201
;;;;;;;;;;;4202
;;;;;;;;;;;4203
;;;;;;;;;;;4204
;;;;;;;;;;;4205
;;;;;;;;;;;4206
;;;;;;;;;;;4207
;;;;;;;;;;;4208
;;;;;;;;;;;4209
;;;;;;;;;;;4210
;;;;;;;;;;;4211
;;;;;;;;;;;4212
;;;;;;;;;;;4213
;;;;;;;;;;;4214
;;;;;;;;;;;4215
;;;;;;;;;;;4216
;;;;;;;;;;;4217
;;;;;;;;;;;4218
;;;;;;;;;;;4219
;;;;;;;;;;;4220
;;;;;;;;;;;4221
;;;;;;;;;;;4222
;;;;;;;;;;;4223
;;;;;;;;;;;4224
;;;;;;;;;;;4225
;;;;;;;;;;;4226
;;;;;;;;;;;4227
;;;;;;;;;;;4228
;;;;;;;;;;;4229
;;;;;;;;;;;4230
;;;;;;;;;;;4231
;;;;;;;;;;;4232
;;;;;;;;;;;4233
;;;;;;;;;;;4234
;;;;;;;;;;;4235
;;;;;;;;;;;4236
;;;;;;;;;;;4237
;;;;;;;;;;;4238
;;;;;;;;;;;4239
;;;;;;;;;;;4240
;;;;;;;;;;;4241
;;;;;;;;;;;4242
;;;;;;;;;;;4243
;;;;;;;;;;;4244
;;;;;;;;;;;4245
;;;;;;;;;;;4246
;;;;;;;;;;;4247
;;;;;;;;;;;4248
;;;;;;;;;;;4249
;;;;;;;;;;;4250
;;;;;;;;;;;4251
;;;;;;;;;;;4252
;;;;;;;;;;;4253
;;;;;;;;;;;4254
;;;;;;;;;;;4255
;;;;;;;;;;;4256
;;;;;;;;;;;4257
;;;;;;;;;;;4258
;;;;;;;;;;;4259
;;;;;;;;;;;4260
;;;;;;;;;;;4261
;;;;;;;;;;;4262
;;;;;;;;;;;4263
;;;;;;;;;;;4264
;;;;;;;;;;;4265
;;;;;;;;;;;4266
;;;;;;;;;;;4267
;;;;;;;;;;;4268
;;;;;;;;;;;4269
;;;;;;;;;;;4270
;;;;;;;;;;;4271
;;;;;;;;;;;4272
;;;;;;;;;;;4273
;;;;;;;;;;;4274
;;;;;;;;;;;4275
;;;;;;;;;;;4276
;;;;;;;;;;;4277
;;;;;;;;;;;4278
;;;;;;;;;;;4279
;;;;;;;;;;;4280
;;;;;;;;;;;4281
;;;;;;;;;;;4282
;;;;;;;;;;;4283
;;;;;;;;;;;4284
;;;;;;;;;;;4285
;;;;;;;;;;;4286
;;;;;;;;;;;4287
;;;;;;;;;;;4288
;;;;;;;;;;;4289
;;;;;;;;;;;4290
;;;;;;;;;;;4291
;;;;;;;;;;;4292
;;;;;;;;;;;4293
;;;;;;;;;;;4294
;;;;;;;;;;;4295
;;;;;;;;;;;4296
;;;;;;;;;;;4297
;;;;;;;;;;;4298
;;;;;;;;;;;4299
;;;;;;;;;;;4300
;;;;;;;;;;;4301
;;;;;;;;;;;4302
;;;;;;;;;;;4303
;;;;;;;;;;;4304
;;;;;;;;;;;4305
;;;;;;;;;;;4306
;;;;;;;;;;;4307
;;;;;;;;;;;4308
;;;;;;;;;;;4309
;;;;;;;;;;;4310
;;;;;;;;;;;4311
;;;;;;;;;;;4312
;;;;;;;;;;;4313
;;;;;;;;;;;4314
;;;;;;;;;;;4315
;;;;;;;;;;;4316
;;;;;;;;;;;4317
;;;;;;;;;;;4318
;;;;;;;;;;;4319
;;;;;;;;;;;4320
;;;;;;;;;;;4321
;;;;;;;;;;;4322
;;;;;;;;;;;4323
;;;;;;;;;;;4324
;;;;;;;;;;;4325
;;;;;;;;;;;4326
;;;;;;;;;;;4327
;;;;;;;;;;;4328
;;;;;;;;;;;4329
;;;;;;;;;;;4330
;;;;;;;;;;;4331
;;;;;;;;;;;4332
;;;;;;;;;;;4333
;;;;;;;;;;;4334
;;;;;;;;;;;4335
;;;;;;;;;;;4336
;;;;;;;;;;;4337
;;;;;;;;;;;4338
;;;;;;;;;;;4339
;;;;;;;;;;;4340
;;;;;;;;;;;4341
;;;;;;;;;;;4342
;;;;;;;;;;;4343
;;;;;;;;;;;4344
;;;;;;;;;;;4345
;;;;;;;;;;;4346
;;;;;;;;;;;4347
;;;;;;;;;;;4348
;;;;;;;;;;;4349
;;;;;;;;;;;4350
;;;;;;;;;;;4351
;;;;;;;;;;;4352
;;;;;;;;;;;4353
;;;;;;;;;;;4354
;;;;;;;;;;;4355
;;;;;;;;;;;4356
;;;;;;;;;;;4357
;;;;;;;;;;;4358
;;;;;;;;;;;4359
;;;;;;;;;;;4360
;;;;;;;;;;;4361
;;;;;;;;;;;4362
;;;;;;;;;;;4363
;;;;;;;;;;;4364
;;;;;;;;;;;4365
;;;;;;;;;;;4366
;;;;;;;;;;;4367
;;;;;;;;;;;4368
;;;;;;;;;;;4369
;;;;;;;;;;;4370
;;;;;;;;;;;4371
;;;;;;;;;;;4372
;;;;;;;;;;;4373
;;;;;;;;;;;4374
;;;;;;;;;;;4375
;;;;;;;;;;;4376
;;;;;;;;;;;4377
;;;;;;;;;;;4378
;;;;;;;;;;;4379
;;;;;;;;;;;4380
;;;;;;;;;;;4381
;;;;;;;;;;;4382
;;;;;;;;;;;4383
;;;;;;;;;;;4384
;;;;;;;;;;;4385
;;;;;;;;;;;4386
;;;;;;;;;;;4387
;;;;;;;;;;;4388
;;;;;;;;;;;4389
;;;;;;;;;;;4390
;;;;;;;;;;;4391
;;;;;;;;;;;4392
;;;;;;;;;;;4393
;;;;;;;;;;;4394
;;;;;;;;;;;4395
;;;;;;;;;;;4396
;;;;;;;;;;;4397
;;;;;;;;;;;4398
;;;;;;;;;;;4399
;;;;;;;;;;;4400
;;;;;;;;;;;4401
;;;;;;;;;;;4402
;;;;;;;;;;;4403
;;;;;;;;;;;4404
;;;;;;;;;;;4405
;;;;;;;;;;;4406
;;;;;;;;;;;4407
;;;;;;;;;;;4408
;;;;;;;;;;;4409
;;;;;;;;;;;4410
;;;;;;;;;;;4411
;;;;;;;;;;;4412
;;;;;;;;;;;4413
;;;;;;;;;;;4414
;;;;;;;;;;;4415
;;;;;;;;;;;4416
;;;;;;;;;;;4417
;;;;;;;;;;;4418
;;;;;;;;;;;4419
;;;;;;;;;;;4420
;;;;;;;;;;;4421
;;;;;;;;;;;4422
;;;;;;;;;;;4423
;;;;;;;;;;;4424
;;;;;;;;;;;4425
;;;;;;;;;;;4426
;;;;;;;;;;;4427
;;;;;;;;;;;4428
;;;;;;;;;;;4429
;;;;;;;;;;;4430
;;;;;;;;;;;4431
;;;;;;;;;;;4432
;;;;;;;;;;;4433
;;;;;;;;;;;4434
;;;;;;;;;;;4435
;;;;;;;;;;;4436
;;;;;;;;;;;4437
;;;;;;;;;;;4438
;;;;;;;;;;;4439
;;;;;;;;;;;4440
;;;;;;;;;;;4441
;;;;;;;;;;;4442
;;;;;;;;;;;4443
;;;;;;;;;;;4444
;;;;;;;;;;;4445
;;;;;;;;;;;4446
;;;;;;;;;;;4447
;;;;;;;;;;;4448
;;;;;;;;;;;4449
;;;;;;;;;;;4450
;;;;;;;;;;;4451
;;;;;;;;;;;4452
;;;;;;;;;;;4453
;;;;;;;;;;;4454
;;;;;;;;;;;4455
;;;;;;;;;;;4456
;;;;;;;;;;;4457
;;;;;;;;;;;4458
;;;;;;;;;;;4459
;;;;;;;;;;;4460
;;;;;;;;;;;4461
;;;;;;;;;;;4462
;;;;;;;;;;;4463
;;;;;;;;;;;4464
;;;;;;;;;;;4465
;;;;;;;;;;;4466
;;;;;;;;;;;4467
;;;;;;;;;;;4468
;;;;;;;;;;;4469
;;;;;;;;;;;4470
;;;;;;;;;;;4471
;;;;;;;;;;;4472
;;;;;;;;;;;4473
;;;;;;;;;;;4474
;;;;;;;;;;;4475
;;;;;;;;;;;4476
;;;;;;;;;;;4477
;;;;;;;;;;;4478
;;;;;;;;;;;4479
;;;;;;;;;;;4480
;;;;;;;;;;;4481
;;;;;;;;;;;4482
;;;;;;;;;;;4483
;;;;;;;;;;;4484
;;;;;;;;;;;4485
;;;;;;;;;;;4486
;;;;;;;;;;;4487
;;;;;;;;;;;4488
;;;;;;;;;;;4489
;;;;;;;;;;;4490
;;;;;;;;;;;4491
;;;;;;;;;;;4492
;;;;;;;;;;;4493
;;;;;;;;;;;4494
;;;;;;;;;;;4495
;;;;;;;;;;;4496
;;;;;;;;;;;4497
;;;;;;;;;;;4498
;;;;;;;;;;;4499
;;;;;;;;;;;4500
;;;;;;;;;;;4501
;;;;;;;;;;;4502
;;;;;;;;;;;4503
;;;;;;;;;;;4504
;;;;;;;;;;;4505
;;;;;;;;;;;4506
;;;;;;;;;;;4507
;;;;;;;;;;;4508
;;;;;;;;;;;4509
;;;;;;;;;;;4510
;;;;;;;;;;;4511
;;;;;;;;;;;4512
;;;;;;;;;;;4513
;;;;;;;;;;;4514
;;;;;;;;;;;4515
;;;;;;;;;;;4516
;;;;;;;;;;;4517
;;;;;;;;;;;4518
;;;;;;;;;;;4519
;;;;;;;;;;;4520
;;;;;;;;;;;4521
;;;;;;;;;;;4522
;;;;;;;;;;;4523
;;;;;;;;;;;4524
;;;;;;;;;;;4525
;;;;;;;;;;;4526
;;;;;;;;;;;4527
;;;;;;;;;;;4528
;;;;;;;;;;;4529
;;;;;;;;;;;4530
;;;;;;;;;;;4531
;;;;;;;;;;;4532
;;;;;;;;;;;4533
;;;;;;;;;;;4534
;;;;;;;;;;;4535
;;;;;;;;;;;4536
;;;;;;;;;;;4537
;;;;;;;;;;;4538
;;;;;;;;;;;4539
;;;;;;;;;;;4540
;;;;;;;;;;;4541
;;;;;;;;;;;4542
;;;;;;;;;;;4543
;;;;;;;;;;;4544
;;;;;;;;;;;4545
;;;;;;;;;;;4546
;;;;;;;;;;;4547
;;;;;;;;;;;4548
;;;;;;;;;;;4549
;;;;;;;;;;;4550
;;;;;;;;;;;4551
;;;;;;;;;;;4552
;;;;;;;;;;;4553
;;;;;;;;;;;4554
;;;;;;;;;;;4555
;;;;;;;;;;;4556
;;;;;;;;;;;4557
;;;;;;;;;;;4558
;;;;;;;;;;;4559
;;;;;;;;;;;4560
;;;;;;;;;;;4561
;;;;;;;;;;;4562
;;;;;;;;;;;4563
;;;;;;;;;;;4564
;;;;;;;;;;;4565
;;;;;;;;;;;4566
;;;;;;;;;;;4567
;;;;;;;;;;;4568
;;;;;;;;;;;4569
;;;;;;;;;;;4570
;;;;;;;;;;;4571
;;;;;;;;;;;4572
;;;;;;;;;;;4573
;;;;;;;;;;;4574
;;;;;;;;;;;4575
;;;;;;;;;;;4576
;;;;;;;;;;;4577
;;;;;;;;;;;4578
;;;;;;;;;;;4579
;;;;;;;;;;;4580
;;;;;;;;;;;4581
;;;;;;;;;;;4582
;;;;;;;;;;;4583
;;;;;;;;;;;4584
;;;;;;;;;;;4585
;;;;;;;;;;;4586
;;;;;;;;;;;4587
;;;;;;;;;;;4588
;;;;;;;;;;;4589
;;;;;;;;;;;4590
;;;;;;;;;;;4591
;;;;;;;;;;;4592
;;;;;;;;;;;4593
;;;;;;;;;;;4594
;;;;;;;;;;;4595
;;;;;;;;;;;4596
;;;;;;;;;;;4597
;;;;;;;;;;;4598
;;;;;;;;;;;4599
;;;;;;;;;;;4600
;;;;;;;;;;;4601
;;;;;;;;;;;4602
;;;;;;;;;;;4603
;;;;;;;;;;;4604
;;;;;;;;;;;4605
;;;;;;;;;;;4606
;;;;;;;;;;;4607
;;;;;;;;;;;4608
;;;;;;;;;;;4609
;;;;;;;;;;;4610
;;;;;;;;;;;4611
;;;;;;;;;;;4612
;;;;;;;;;;;4613
;;;;;;;;;;;4614
;;;;;;;;;;;4615
;;;;;;;;;;;4616
;;;;;;;;;;;4617
;;;;;;;;;;;4618
;;;;;;;;;;;4619
;;;;;;;;;;;4620
;;;;;;;;;;;4621
;;;;;;;;;;;4622
;;;;;;;;;;;4623
;;;;;;;;;;;4624
;;;;;;;;;;;4625
;;;;;;;;;;;4626
;;;;;;;;;;;4627
;;;;;;;;;;;4628
;;;;;;;;;;;4629
;;;;;;;;;;;4630
;;;;;;;;;;;4631
;;;;;;;;;;;4632
;;;;;;;;;;;4633
;;;;;;;;;;;4634
;;;;;;;;;;;4635
;;;;;;;;;;;4636
;;;;;;;;;;;4637
;;;;;;;;;;;4638
;;;;;;;;;;;4639
;;;;;;;;;;;4640
;;;;;;;;;;;4641
;;;;;;;;;;;4642
;;;;;;;;;;;4643
;;;;;;;;;;;4644
;;;;;;;;;;;4645
;;;;;;;;;;;4646
;;;;;;;;;;;4647
;;;;;;;;;;;4648
;;;;;;;;;;;4649
;;;;;;;;;;;4650
;;;;;;;;;;;4651
;;;;;;;;;;;4652
;;;;;;;;;;;4653
;;;;;;;;;;;4654
;;;;;;;;;;;4655
;;;;;;;;;;;4656
;;;;;;;;;;;4657
;;;;;;;;;;;4658
;;;;;;;;;;;4659
;;;;;;;;;;;4660
;;;;;;;;;;;4661
;;;;;;;;;;;4662
;;;;;;;;;;;4663
;;;;;;;;;;;4664
;;;;;;;;;;;4665
;;;;;;;;;;;4666
;;;;;;;;;;;4667
;;;;;;;;;;;4668
;;;;;;;;;;;4669
;;;;;;;;;;;4670
;;;;;;;;;;;4671
;;;;;;;;;;;4672
;;;;;;;;;;;4673
;;;;;;;;;;;4674
;;;;;;;;;;;4675
;;;;;;;;;;;4676
;;;;;;;;;;;4677
;;;;;;;;;;;4678
;;;;;;;;;;;4679
;;;;;;;;;;;4680
;;;;;;;;;;;4681
;;;;;;;;;;;4682
;;;;;;;;;;;4683
;;;;;;;;;;;4684
;;;;;;;;;;;4685
;;;;;;;;;;;4686
;;;;;;;;;;;4687
;;;;;;;;;;;4688
;;;;;;;;;;;4689
;;;;;;;;;;;4690
;;;;;;;;;;;4691
;;;;;;;;;;;4692
;;;;;;;;;;;4693
;;;;;;;;;;;4694
;;;;;;;;;;;4695
;;;;;;;;;;;4696
;;;;;;;;;;;4697
;;;;;;;;;;;4698
;;;;;;;;;;;4699
;;;;;;;;;;;4700
;;;;;;;;;;;4701
;;;;;;;;;;;4702
;;;;;;;;;;;4703
;;;;;;;;;;;4704
;;;;;;;;;;;4705
;;;;;;;;;;;4706
;;;;;;;;;;;4707
;;;;;;;;;;;4708
;;;;;;;;;;;4709
;;;;;;;;;;;4710
;;;;;;;;;;;4711
;;;;;;;;;;;4712
;;;;;;;;;;;4713
;;;;;;;;;;;4714
;;;;;;;;;;;4715
;;;;;;;;;;;4716
;;;;;;;;;;;4717
;;;;;;;;;;;4718
;;;;;;;;;;;4719
;;;;;;;;;;;4720
;;;;;;;;;;;4721
;;;;;;;;;;;4722
;;;;;;;;;;;4723
;;;;;;;;;;;4724
;;;;;;;;;;;4725
;;;;;;;;;;;4726
;;;;;;;;;;;4727
;;;;;;;;;;;4728
;;;;;;;;;;;4729
;;;;;;;;;;;4730
;;;;;;;;;;;4731
;;;;;;;;;;;4732
;;;;;;;;;;;4733
;;;;;;;;;;;4734
;;;;;;;;;;;4735
;;;;;;;;;;;4736
;;;;;;;;;;;4737
;;;;;;;;;;;4738
;;;;;;;;;;;4739
;;;;;;;;;;;4740
;;;;;;;;;;;4741
;;;;;;;;;;;4742
;;;;;;;;;;;4743
;;;;;;;;;;;4744
;;;;;;;;;;;4745
;;;;;;;;;;;4746
;;;;;;;;;;;4747
;;;;;;;;;;;4748
;;;;;;;;;;;4749
;;;;;;;;;;;4750
;;;;;;;;;;;4751
;;;;;;;;;;;4752
;;;;;;;;;;;4753
;;;;;;;;;;;4754
;;;;;;;;;;;4755
;;;;;;;;;;;4756
;;;;;;;;;;;4757
;;;;;;;;;;;4758
;;;;;;;;;;;4759
;;;;;;;;;;;4760
;;;;;;;;;;;4761
;;;;;;;;;;;4762
;;;;;;;;;;;4763
;;;;;;;;;;;4764
;;;;;;;;;;;4765
;;;;;;;;;;;4766
;;;;;;;;;;;4767
;;;;;;;;;;;4768
;;;;;;;;;;;4769
;;;;;;;;;;;4770
;;;;;;;;;;;4771
;;;;;;;;;;;4772
;;;;;;;;;;;4773
;;;;;;;;;;;4774
;;;;;;;;;;;4775
;;;;;;;;;;;4776
;;;;;;;;;;;4777
;;;;;;;;;;;4778
;;;;;;;;;;;4779
;;;;;;;;;;;4780
;;;;;;;;;;;4781
;;;;;;;;;;;4782
;;;;;;;;;;;4783
;;;;;;;;;;;4784
;;;;;;;;;;;4785
;;;;;;;;;;;4786
;;;;;;;;;;;4787
;;;;;;;;;;;4788
;;;;;;;;;;;4789
;;;;;;;;;;;4790
;;;;;;;;;;;4791
;;;;;;;;;;;4792
;;;;;;;;;;;4793
;;;;;;;;;;;4794
;;;;;;;;;;;4795
;;;;;;;;;;;4796
;;;;;;;;;;;4797
;;;;;;;;;;;4798
;;;;;;;;;;;4799
;;;;;;;;;;;4800
;;;;;;;;;;;4801
;;;;;;;;;;;4802
;;;;;;;;;;;4803
;;;;;;;;;;;4804
;;;;;;;;;;;4805
;;;;;;;;;;;4806
;;;;;;;;;;;4807
;;;;;;;;;;;4808
;;;;;;;;;;;4809
;;;;;;;;;;;4810
;;;;;;;;;;;4811
;;;;;;;;;;;4812
;;;;;;;;;;;4813
;;;;;;;;;;;4814
;;;;;;;;;;;4815
;;;;;;;;;;;4816
;;;;;;;;;;;4817
;;;;;;;;;;;4818
;;;;;;;;;;;4819
;;;;;;;;;;;4820
;;;;;;;;;;;4821
;;;;;;;;;;;4822
;;;;;;;;;;;4823
;;;;;;;;;;;4824
;;;;;;;;;;;4825
;;;;;;;;;;;4826
;;;;;;;;;;;4827
;;;;;;;;;;;4828
;;;;;;;;;;;4829
;;;;;;;;;;;4830
;;;;;;;;;;;4831
;;;;;;;;;;;4832
;;;;;;;;;;;4833
;;;;;;;;;;;4834
;;;;;;;;;;;4835
;;;;;;;;;;;4836
;;;;;;;;;;;4837
;;;;;;;;;;;4838
;;;;;;;;;;;4839
;;;;;;;;;;;4840
;;;;;;;;;;;4841
;;;;;;;;;;;4842
;;;;;;;;;;;4843
;;;;;;;;;;;4844
;;;;;;;;;;;4845
;;;;;;;;;;;4846
;;;;;;;;;;;4847
;;;;;;;;;;;4848
;;;;;;;;;;;4849
;;;;;;;;;;;4850
;;;;;;;;;;;4851
;;;;;;;;;;;4852
;;;;;;;;;;;4853
;;;;;;;;;;;4854
;;;;;;;;;;;4855
;;;;;;;;;;;4856
;;;;;;;;;;;4857
;;;;;;;;;;;4858
;;;;;;;;;;;4859
;;;;;;;;;;;4860
;;;;;;;;;;;4861
;;;;;;;;;;;4862
;;;;;;;;;;;4863
;;;;;;;;;;;4864
;;;;;;;;;;;4865
;;;;;;;;;;;4866
;;;;;;;;;;;4867
;;;;;;;;;;;4868
;;;;;;;;;;;4869
;;;;;;;;;;;4870
;;;;;;;;;;;4871
;;;;;;;;;;;4872
;;;;;;;;;;;4873
;;;;;;;;;;;4874
;;;;;;;;;;;4875
;;;;;;;;;;;4876
;;;;;;;;;;;4877
;;;;;;;;;;;4878
;;;;;;;;;;;4879
;;;;;;;;;;;4880
;;;;;;;;;;;4881
;;;;;;;;;;;4882
;;;;;;;;;;;4883
;;;;;;;;;;;4884
;;;;;;;;;;;4885
;;;;;;;;;;;4886
;;;;;;;;;;;4887
;;;;;;;;;;;4888
;;;;;;;;;;;4889
;;;;;;;;;;;4890
;;;;;;;;;;;4891
;;;;;;;;;;;4892
;;;;;;;;;;;4893
;;;;;;;;;;;4894
;;;;;;;;;;;4895
;;;;;;;;;;;4896
;;;;;;;;;;;4897
;;;;;;;;;;;4898
;;;;;;;;;;;4899
;;;;;;;;;;;4900
;;;;;;;;;;;4901
;;;;;;;;;;;4902
;;;;;;;;;;;4903
;;;;;;;;;;;4904
;;;;;;;;;;;4905
;;;;;;;;;;;4906
;;;;;;;;;;;4907
;;;;;;;;;;;4908
;;;;;;;;;;;4909
;;;;;;;;;;;4910
;;;;;;;;;;;4911
;;;;;;;;;;;4912
;;;;;;;;;;;4913
;;;;;;;;;;;4914
;;;;;;;;;;;4915
;;;;;;;;;;;4916
;;;;;;;;;;;4917
;;;;;;;;;;;4918
;;;;;;;;;;;4919
;;;;;;;;;;;4920
;;;;;;;;;;;4921
;;;;;;;;;;;4922
;;;;;;;;;;;4923
;;;;;;;;;;;4924
;;;;;;;;;;;4925
;;;;;;;;;;;4926
;;;;;;;;;;;4927
;;;;;;;;;;;4928
;;;;;;;;;;;4929
;;;;;;;;;;;4930
;;;;;;;;;;;4931
;;;;;;;;;;;4932
;;;;;;;;;;;4933
;;;;;;;;;;;4934
;;;;;;;;;;;4935
;;;;;;;;;;;4936
;;;;;;;;;;;4937
;;;;;;;;;;;4938
;;;;;;;;;;;4939
;;;;;;;;;;;4940
;;;;;;;;;;;4941
;;;;;;;;;;;4942
;;;;;;;;;;;4943
;;;;;;;;;;;4944
;;;;;;;;;;;4945
;;;;;;;;;;;4946
;;;;;;;;;;;4947
;;;;;;;;;;;4948
;;;;;;;;;;;4949
;;;;;;;;;;;4950
;;;;;;;;;;;4951
;;;;;;;;;;;4952
;;;;;;;;;;;4953
;;;;;;;;;;;4954
;;;;;;;;;;;4955
;;;;;;;;;;;4956
;;;;;;;;;;;4957
;;;;;;;;;;;4958
;;;;;;;;;;;4959
;;;;;;;;;;;4960
;;;;;;;;;;;4961
;;;;;;;;;;;4962
;;;;;;;;;;;4963
;;;;;;;;;;;4964
;;;;;;;;;;;4965
;;;;;;;;;;;4966
;;;;;;;;;;;4967
;;;;;;;;;;;4968
;;;;;;;;;;;4969
;;;;;;;;;;;4970
;;;;;;;;;;;4971
;;;;;;;;;;;4972
;;;;;;;;;;;4973
;;;;;;;;;;;4974
;;;;;;;;;;;4975
;;;;;;;;;;;4976
;;;;;;;;;;;4977
;;;;;;;;;;;4978
;;;;;;;;;;;4979
;;;;;;;;;;;4980
;;;;;;;;;;;4981
;;;;;;;;;;;4982
;;;;;;;;;;;4983
;;;;;;;;;;;4984
;;;;;;;;;;;4985
;;;;;;;;;;;4986
;;;;;;;;;;;4987
;;;;;;;;;;;4988
;;;;;;;;;;;4989
;;;;;;;;;;;4990
;;;;;;;;;;;4991
;;;;;;;;;;;4992
;;;;;;;;;;;4993
;;;;;;;;;;;4994
;;;;;;;;;;;4995
;;;;;;;;;;;4996
;;;;;;;;;;;4997
;;;;;;;;;;;4998
;;;;;;;;;;;4999
;;;;;;;;;;;5000
;;;;;;;;;;;5001
;;;;;;;;;;;5002
;;;;;;;;;;;5003
;;;;;;;;;;;5004
;;;;;;;;;;;5005
;;;;;;;;;;;5006
;;;;;;;;;;;5007
;;;;;;;;;;;5008
;;;;;;;;;;;5009
;;;;;;;;;;;5010
;;;;;;;;;;;5011
;;;;;;;;;;;5012
;;;;;;;;;;;5013
;;;;;;;;;;;5014
;;;;;;;;;;;5015
;;;;;;;;;;;5016
;;;;;;;;;;;5017
;;;;;;;;;;;5018
;;;;;;;;;;;5019
;;;;;;;;;;;5020
;;;;;;;;;;;5021
;;;;;;;;;;;5022
;;;;;;;;;;;5023
;;;;;;;;;;;5024
;;;;;;;;;;;5025
;;;;;;;;;;;5026
;;;;;;;;;;;5027
;;;;;;;;;;;5028
;;;;;;;;;;;5029
;;;;;;;;;;;5030
;;;;;;;;;;;5031
;;;;;;;;;;;5032
;;;;;;;;;;;5033
;;;;;;;;;;;5034
;;;;;;;;;;;5035
;;;;;;;;;;;5036
;;;;;;;;;;;5037
;;;;;;;;;;;5038
;;;;;;;;;;;5039
;;;;;;;;;;;5040
;;;;;;;;;;;5041
;;;;;;;;;;;5042
;;;;;;;;;;;5043
;;;;;;;;;;;5044
;;;;;;;;;;;5045
;;;;;;;;;;;5046
;;;;;;;;;;;5047
;;;;;;;;;;;5048
;;;;;;;;;;;5049
;;;;;;;;;;;5050
;;;;;;;;;;;5051
;;;;;;;;;;;5052
;;;;;;;;;;;5053
;;;;;;;;;;;5054
;;;;;;;;;;;5055
;;;;;;;;;;;5056
;;;;;;;;;;;5057
;;;;;;;;;;;5058
;;;;;;;;;;;5059
;;;;;;;;;;;5060
;;;;;;;;;;;5061
;;;;;;;;;;;5062
;;;;;;;;;;;5063
;;;;;;;;;;;5064
;;;;;;;;;;;5065
;;;;;;;;;;;5066
;;;;;;;;;;;5067
;;;;;;;;;;;5068
;;;;;;;;;;;5069
;;;;;;;;;;;5070
;;;;;;;;;;;5071
;;;;;;;;;;;5072
;;;;;;;;;;;5073
;;;;;;;;;;;5074
;;;;;;;;;;;5075
;;;;;;;;;;;5076
;;;;;;;;;;;5077
;;;;;;;;;;;5078
;;;;;;;;;;;5079
;;;;;;;;;;;5080
;;;;;;;;;;;5081
;;;;;;;;;;;5082
;;;;;;;;;;;5083
;;;;;;;;;;;5084
;;;;;;;;;;;5085
;;;;;;;;;;;5086
;;;;;;;;;;;5087
;;;;;;;;;;;5088
;;;;;;;;;;;5089
;;;;;;;;;;;5090
;;;;;;;;;;;5091
;;;;;;;;;;;5092
;;;;;;;;;;;5093
;;;;;;;;;;;5094
;;;;;;;;;;;5095
;;;;;;;;;;;5096
;;;;;;;;;;;5097
;;;;;;;;;;;5098
;;;;;;;;;;;5099
;;;;;;;;;;;5100
;;;;;;;;;;;5101
;;;;;;;;;;;5102
;;;;;;;;;;;5103
;;;;;;;;;;;5104
;;;;;;;;;;;5105
;;;;;;;;;;;5106
;;;;;;;;;;;5107
;;;;;;;;;;;5108
;;;;;;;;;;;5109
;;;;;;;;;;;5110
;;;;;;;;;;;5111
;;;;;;;;;;;5112
;;;;;;;;;;;5113
;;;;;;;;;;;5114
;;;;;;;;;;;5115
;;;;;;;;;;;5116
;;;;;;;;;;;5117
;;;;;;;;;;;5118
;;;;;;;;;;;5119
;;;;;;;;;;;5120
;;;;;;;;;;;5121
;;;;;;;;;;;5122
;;;;;;;;;;;5123
;;;;;;;;;;;5124
;;;;;;;;;;;5125
;;;;;;;;;;;5126
;;;;;;;;;;;5127
;;;;;;;;;;;5128
;;;;;;;;;;;5129
;;;;;;;;;;;5130
;;;;;;;;;;;5131
;;;;;;;;;;;5132
;;;;;;;;;;;5133
;;;;;;;;;;;5134
;;;;;;;;;;;5135
;;;;;;;;;;;5136
;;;;;;;;;;;5137
;;;;;;;;;;;5138
;;;;;;;;;;;5139
;;;;;;;;;;;5140
;;;;;;;;;;;5141
;;;;;;;;;;;5142
;;;;;;;;;;;5143
;;;;;;;;;;;5144
;;;;;;;;;;;5145
;;;;;;;;;;;5146
;;;;;;;;;;;5147
;;;;;;;;;;;5148
;;;;;;;;;;;5149
;;;;;;;;;;;5150
;;;;;;;;;;;5151
;;;;;;;;;;;5152
;;;;;;;;;;;5153
;;;;;;;;;;;5154
;;;;;;;;;;;5155
;;;;;;;;;;;5156
;;;;;;;;;;;5157
;;;;;;;;;;;5158
;;;;;;;;;;;5159
;;;;;;;;;;;5160
;;;;;;;;;;;5161
;;;;;;;;;;;5162
;;;;;;;;;;;5163
;;;;;;;;;;;5164
;;;;;;;;;;;5165
;;;;;;;;;;;5166
;;;;;;;;;;;5167
;;;;;;;;;;;5168
;;;;;;;;;;;5169
;;;;;;;;;;;5170
;;;;;;;;;;;5171
;;;;;;;;;;;5172
;;;;;;;;;;;5173
;;;;;;;;;;;5174
;;;;;;;;;;;5175
;;;;;;;;;;;5176
;;;;;;;;;;;5177
;;;;;;;;;;;5178
;;;;;;;;;;;5179
;;;;;;;;;;;5180
;;;;;;;;;;;5181
;;;;;;;;;;;5182
;;;;;;;;;;;5183
;;;;;;;;;;;5184
;;;;;;;;;;;5185
;;;;;;;;;;;5186
;;;;;;;;;;;5187
;;;;;;;;;;;5188
;;;;;;;;;;;5189
;;;;;;;;;;;5190
;;;;;;;;;;;5191
;;;;;;;;;;;5192
;;;;;;;;;;;5193
;;;;;;;;;;;5194
;;;;;;;;;;;5195
;;;;;;;;;;;5196
;;;;;;;;;;;5197
;;;;;;;;;;;5198
;;;;;;;;;;;5199
;;;;;;;;;;;5200
;;;;;;;;;;;5201
;;;;;;;;;;;5202
;;;;;;;;;;;5203
;;;;;;;;;;;5204
;;;;;;;;;;;5205
;;;;;;;;;;;5206
;;;;;;;;;;;5207
;;;;;;;;;;;5208
;;;;;;;;;;;5209
;;;;;;;;;;;5210
;;;;;;;;;;;5211
;;;;;;;;;;;5212
;;;;;;;;;;;5213
;;;;;;;;;;;5214
;;;;;;;;;;;5215
;;;;;;;;;;;5216
;;;;;;;;;;;5217
;;;;;;;;;;;5218
;;;;;;;;;;;5219
;;;;;;;;;;;5220
;;;;;;;;;;;5221
;;;;;;;;;;;5222
;;;;;;;;;;;5223
;;;;;;;;;;;5224
;;;;;;;;;;;5225
;;;;;;;;;;;5226
;;;;;;;;;;;5227
;;;;;;;;;;;5228
;;;;;;;;;;;5229
;;;;;;;;;;;5230
;;;;;;;;;;;5231
;;;;;;;;;;;5232
;;;;;;;;;;;5233
;;;;;;;;;;;5234
;;;;;;;;;;;5235
;;;;;;;;;;;5236
;;;;;;;;;;;5237
;;;;;;;;;;;5238
;;;;;;;;;;;5239
;;;;;;;;;;;5240
;;;;;;;;;;;5241
;;;;;;;;;;;5242
;;;;;;;;;;;5243
;;;;;;;;;;;5244
;;;;;;;;;;;5245
;;;;;;;;;;;5246
;;;;;;;;;;;5247
;;;;;;;;;;;5248
;;;;;;;;;;;5249
;;;;;;;;;;;5250
;;;;;;;;;;;5251
;;;;;;;;;;;5252
;;;;;;;;;;;5253
;;;;;;;;;;;5254
;;;;;;;;;;;5255
;;;;;;;;;;;5256
;;;;;;;;;;;5257
;;;;;;;;;;;5258
;;;;;;;;;;;5259
;;;;;;;;;;;5260
;;;;;;;;;;;5261
;;;;;;;;;;;5262
;;;;;;;;;;;5263
;;;;;;;;;;;5264
;;;;;;;;;;;5265
;;;;;;;;;;;5266
;;;;;;;;;;;5267
;;;;;;;;;;;5268
;;;;;;;;;;;5269
;;;;;;;;;;;5270
;;;;;;;;;;;5271
;;;;;;;;;;;5272
;;;;;;;;;;;5273
;;;;;;;;;;;5274
;;;;;;;;;;;5275
;;;;;;;;;;;5276
;;;;;;;;;;;5277
;;;;;;;;;;;5278
;;;;;;;;;;;5279
;;;;;;;;;;;5280
;;;;;;;;;;;5281
;;;;;;;;;;;5282
;;;;;;;;;;;5283
;;;;;;;;;;;5284
;;;;;;;;;;;5285
;;;;;;;;;;;5286
;;;;;;;;;;;5287
;;;;;;;;;;;5288
;;;;;;;;;;;5289
;;;;;;;;;;;5290
;;;;;;;;;;;5291
;;;;;;;;;;;5292
;;;;;;;;;;;5293
;;;;;;;;;;;5294
;;;;;;;;;;;5295
;;;;;;;;;;;5296
;;;;;;;;;;;5297
;;;;;;;;;;;5298
;;;;;;;;;;;5299
;;;;;;;;;;;5300
;;;;;;;;;;;5301
;;;;;;;;;;;5302
;;;;;;;;;;;5303
;;;;;;;;;;;5304
;;;;;;;;;;;5305
;;;;;;;;;;;5306
;;;;;;;;;;;5307
;;;;;;;;;;;5308
;;;;;;;;;;;5309
;;;;;;;;;;;5310
;;;;;;;;;;;5311
;;;;;;;;;;;5312
;;;;;;;;;;;5313
;;;;;;;;;;;5314
;;;;;;;;;;;5315
;;;;;;;;;;;5316
;;;;;;;;;;;5317
;;;;;;;;;;;5318
;;;;;;;;;;;5319
;;;;;;;;;;;5320
;;;;;;;;;;;5321
;;;;;;;;;;;5322
;;;;;;;;;;;5323
;;;;;;;;;;;5324
;;;;;;;;;;;5325
;;;;;;;;;;;5326
;;;;;;;;;;;5327
;;;;;;;;;;;5328
;;;;;;;;;;;5329
;;;;;;;;;;;5330
;;;;;;;;;;;5331
;;;;;;;;;;;5332
;;;;;;;;;;;5333
;;;;;;;;;;;5334
;;;;;;;;;;;5335
;;;;;;;;;;;5336
;;;;;;;;;;;5337
;;;;;;;;;;;5338
;;;;;;;;;;;5339
;;;;;;;;;;;5340
;;;;;;;;;;;5341
;;;;;;;;;;;5342
;;;;;;;;;;;5343
;;;;;;;;;;;5344
;;;;;;;;;;;5345
;;;;;;;;;;;5346
;;;;;;;;;;;5347
;;;;;;;;;;;5348
;;;;;;;;;;;5349
;;;;;;;;;;;5350
;;;;;;;;;;;5351
;;;;;;;;;;;5352
;;;;;;;;;;;5353
;;;;;;;;;;;5354
;;;;;;;;;;;5355
;;;;;;;;;;;5356
;;;;;;;;;;;5357
;;;;;;;;;;;5358
;;;;;;;;;;;5359
;;;;;;;;;;;5360
;;;;;;;;;;;5361
;;;;;;;;;;;5362
;;;;;;;;;;;5363
;;;;;;;;;;;5364
;;;;;;;;;;;5365
;;;;;;;;;;;5366
;;;;;;;;;;;5367
;;;;;;;;;;;5368
;;;;;;;;;;;5369
;;;;;;;;;;;5370
;;;;;;;;;;;5371
;;;;;;;;;;;5372
;;;;;;;;;;;5373
;;;;;;;;;;;5374
;;;;;;;;;;;5375
;;;;;;;;;;;5376
;;;;;;;;;;;5377
;;;;;;;;;;;5378
;;;;;;;;;;;5379
;;;;;;;;;;;5380
;;;;;;;;;;;5381
;;;;;;;;;;;5382
;;;;;;;;;;;5383
;;;;;;;;;;;5384
;;;;;;;;;;;5385
;;;;;;;;;;;5386
;;;;;;;;;;;5387
;;;;;;;;;;;5388
;;;;;;;;;;;5389
;;;;;;;;;;;5390
;;;;;;;;;;;5391
;;;;;;;;;;;5392
;;;;;;;;;;;5393
;;;;;;;;;;;5394
;;;;;;;;;;;5395
;;;;;;;;;;;5396
;;;;;;;;;;;5397
;;;;;;;;;;;5398
;;;;;;;;;;;5399
;;;;;;;;;;;5400
;;;;;;;;;;;5401
;;;;;;;;;;;5402
;;;;;;;;;;;5403
;;;;;;;;;;;5404
;;;;;;;;;;;5405
;;;;;;;;;;;5406
;;;;;;;;;;;5407
;;;;;;;;;;;5408
;;;;;;;;;;;5409
;;;;;;;;;;;5410
;;;;;;;;;;;5411
;;;;;;;;;;;5412
;;;;;;;;;;;5413
;;;;;;;;;;;5414
;;;;;;;;;;;5415
;;;;;;;;;;;5416
;;;;;;;;;;;5417
;;;;;;;;;;;5418
;;;;;;;;;;;5419
;;;;;;;;;;;5420
;;;;;;;;;;;5421
;;;;;;;;;;;5422
;;;;;;;;;;;5423
;;;;;;;;;;;5424
;;;;;;;;;;;5425
;;;;;;;;;;;5426
;;;;;;;;;;;5427
;;;;;;;;;;;5428
;;;;;;;;;;;5429
;;;;;;;;;;;5430
;;;;;;;;;;;5431
;;;;;;;;;;;5432
;;;;;;;;;;;5433
;;;;;;;;;;;5434
;;;;;;;;;;;5435
;;;;;;;;;;;5436
;;;;;;;;;;;5437
;;;;;;;;;;;5438
;;;;;;;;;;;5439
;;;;;;;;;;;5440
;;;;;;;;;;;5441
;;;;;;;;;;;5442
;;;;;;;;;;;5443
;;;;;;;;;;;5444
;;;;;;;;;;;5445
;;;;;;;;;;;5446
;;;;;;;;;;;5447
;;;;;;;;;;;5448
;;;;;;;;;;;5449
;;;;;;;;;;;5450
;;;;;;;;;;;5451
;;;;;;;;;;;5452
;;;;;;;;;;;5453
;;;;;;;;;;;5454
;;;;;;;;;;;5455
;;;;;;;;;;;5456
;;;;;;;;;;;5457
;;;;;;;;;;;5458
;;;;;;;;;;;5459
;;;;;;;;;;;5460
;;;;;;;;;;;5461
;;;;;;;;;;;5462
;;;;;;;;;;;5463
;;;;;;;;;;;5464
;;;;;;;;;;;5465
;;;;;;;;;;;5466
;;;;;;;;;;;5467
;;;;;;;;;;;5468
;;;;;;;;;;;5469
;;;;;;;;;;;5470
;;;;;;;;;;;5471
;;;;;;;;;;;5472
;;;;;;;;;;;5473
;;;;;;;;;;;5474
;;;;;;;;;;;5475
;;;;;;;;;;;5476
;;;;;;;;;;;5477
;;;;;;;;;;;5478
;;;;;;;;;;;5479
;;;;;;;;;;;5480
;;;;;;;;;;;5481
;;;;;;;;;;;5482
;;;;;;;;;;;5483
;;;;;;;;;;;5484
;;;;;;;;;;;5485
;;;;;;;;;;;5486
;;;;;;;;;;;5487
;;;;;;;;;;;5488
;;;;;;;;;;;5489
;;;;;;;;;;;5490
;;;;;;;;;;;5491
;;;;;;;;;;;5492
;;;;;;;;;;;5493
;;;;;;;;;;;5494
;;;;;;;;;;;5495
;;;;;;;;;;;5496
;;;;;;;;;;;5497
;;;;;;;;;;;5498
;;;;;;;;;;;5499
;;;;;;;;;;;5500
;;;;;;;;;;;5501
;;;;;;;;;;;5502
;;;;;;;;;;;5503
;;;;;;;;;;;5504
;;;;;;;;;;;5505
;;;;;;;;;;;5506
;;;;;;;;;;;5507
;;;;;;;;;;;5508
;;;;;;;;;;;5509
;;;;;;;;;;;5510
;;;;;;;;;;;5511
;;;;;;;;;;;5512
;;;;;;;;;;;5513
;;;;;;;;;;;5514
;;;;;;;;;;;5515
;;;;;;;;;;;5516
;;;;;;;;;;;5517
;;;;;;;;;;;5518
;;;;;;;;;;;5519
;;;;;;;;;;;5520
;;;;;;;;;;;5521
;;;;;;;;;;;5522
;;;;;;;;;;;5523
;;;;;;;;;;;5524
;;;;;;;;;;;5525
;;;;;;;;;;;5526
;;;;;;;;;;;5527
;;;;;;;;;;;5528
;;;;;;;;;;;5529
;;;;;;;;;;;5530
;;;;;;;;;;;5531
;;;;;;;;;;;5532
;;;;;;;;;;;5533
;;;;;;;;;;;5534
;;;;;;;;;;;5535
;;;;;;;;;;;5536
;;;;;;;;;;;5537
;;;;;;;;;;;5538
;;;;;;;;;;;5539
;;;;;;;;;;;5540
;;;;;;;;;;;5541
;;;;;;;;;;;5542
;;;;;;;;;;;5543
;;;;;;;;;;;5544
;;;;;;;;;;;5545
;;;;;;;;;;;5546
;;;;;;;;;;;5547
;;;;;;;;;;;5548
;;;;;;;;;;;5549
;;;;;;;;;;;5550
;;;;;;;;;;;5551
;;;;;;;;;;;5552
;;;;;;;;;;;5553
;;;;;;;;;;;5554
;;;;;;;;;;;5555
;;;;;;;;;;;5556
;;;;;;;;;;;5557
;;;;;;;;;;;5558
;;;;;;;;;;;5559
;;;;;;;;;;;5560
;;;;;;;;;;;5561
;;;;;;;;;;;5562
;;;;;;;;;;;5563
;;;;;;;;;;;5564
;;;;;;;;;;;5565
;;;;;;;;;;;5566
;;;;;;;;;;;5567
;;;;;;;;;;;5568
;;;;;;;;;;;5569
;;;;;;;;;;;5570
;;;;;;;;;;;5571
;;;;;;;;;;;5572
;;;;;;;;;;;5573
;;;;;;;;;;;5574
;;;;;;;;;;;5575
;;;;;;;;;;;5576
;;;;;;;;;;;5577
;;;;;;;;;;;5578
;;;;;;;;;;;5579
;;;;;;;;;;;5580
;;;;;;;;;;;5581
;;;;;;;;;;;5582
;;;;;;;;;;;5583
;;;;;;;;;;;5584
;;;;;;;;;;;5585
;;;;;;;;;;;5586
;;;;;;;;;;;5587
;;;;;;;;;;;5588
;;;;;;;;;;;5589
;;;;;;;;;;;5590
;;;;;;;;;;;5591
;;;;;;;;;;;5592
;;;;;;;;;;;5593
;;;;;;;;;;;5594
;;;;;;;;;;;5595
;;;;;;;;;;;5596
;;;;;;;;;;;5597
;;;;;;;;;;;5598
;;;;;;;;;;;5599
;;;;;;;;;;;5600
;;;;;;;;;;;5601
;;;;;;;;;;;5602
;;;;;;;;;;;5603
;;;;;;;;;;;5604
;;;;;;;;;;;5605
;;;;;;;;;;;5606
;;;;;;;;;;;5607
;;;;;;;;;;;5608
;;;;;;;;;;;5609
;;;;;;;;;;;5610
;;;;;;;;;;;5611
;;;;;;;;;;;5612
;;;;;;;;;;;5613
;;;;;;;;;;;5614
;;;;;;;;;;;5615
;;;;;;;;;;;5616
;;;;;;;;;;;5617
;;;;;;;;;;;5618
;;;;;;;;;;;5619
;;;;;;;;;;;5620
;;;;;;;;;;;5621
;;;;;;;;;;;5622
;;;;;;;;;;;5623
;;;;;;;;;;;5624
;;;;;;;;;;;5625
;;;;;;;;;;;5626
;;;;;;;;;;;5627
;;;;;;;;;;;5628
;;;;;;;;;;;5629
;;;;;;;;;;;5630
;;;;;;;;;;;5631
;;;;;;;;;;;5632
;;;;;;;;;;;5633
;;;;;;;;;;;5634
;;;;;;;;;;;5635
;;;;;;;;;;;5636
;;;;;;;;;;;5637
;;;;;;;;;;;5638
;;;;;;;;;;;5639
;;;;;;;;;;;5640
;;;;;;;;;;;5641
;;;;;;;;;;;5642
;;;;;;;;;;;5643
;;;;;;;;;;;5644
;;;;;;;;;;;5645
;;;;;;;;;;;5646
;;;;;;;;;;;5647
;;;;;;;;;;;5648
;;;;;;;;;;;5649
;;;;;;;;;;;5650
;;;;;;;;;;;5651
;;;;;;;;;;;5652
;;;;;;;;;;;5653
;;;;;;;;;;;5654
;;;;;;;;;;;5655
;;;;;;;;;;;5656
;;;;;;;;;;;5657
;;;;;;;;;;;5658
;;;;;;;;;;;5659
;;;;;;;;;;;5660
;;;;;;;;;;;5661
;;;;;;;;;;;5662
;;;;;;;;;;;5663
;;;;;;;;;;;5664
;;;;;;;;;;;5665
;;;;;;;;;;;5666
;;;;;;;;;;;5667
;;;;;;;;;;;5668
;;;;;;;;;;;5669
;;;;;;;;;;;5670
;;;;;;;;;;;5671
;;;;;;;;;;;5672
;;;;;;;;;;;5673
;;;;;;;;;;;5674
;;;;;;;;;;;5675
;;;;;;;;;;;5676
;;;;;;;;;;;5677
;;;;;;;;;;;5678
;;;;;;;;;;;5679
;;;;;;;;;;;5680
;;;;;;;;;;;5681
;;;;;;;;;;;5682
;;;;;;;;;;;5683
;;;;;;;;;;;5684
;;;;;;;;;;;5685
;;;;;;;;;;;5686
;;;;;;;;;;;5687
;;;;;;;;;;;5688
;;;;;;;;;;;5689
;;;;;;;;;;;5690
;;;;;;;;;;;5691
;;;;;;;;;;;5692
;;;;;;;;;;;5693
;;;;;;;;;;;5694
;;;;;;;;;;;5695
;;;;;;;;;;;5696
;;;;;;;;;;;5697
;;;;;;;;;;;5698
;;;;;;;;;;;5699
;;;;;;;;;;;5700
;;;;;;;;;;;5701
;;;;;;;;;;;5702
;;;;;;;;;;;5703
;;;;;;;;;;;5704
;;;;;;;;;;;5705
;;;;;;;;;;;5706
;;;;;;;;;;;5707
;;;;;;;;;;;5708
;;;;;;;;;;;5709
;;;;;;;;;;;5710
;;;;;;;;;;;5711
;;;;;;;;;;;5712
;;;;;;;;;;;5713
;;;;;;;;;;;5714
;;;;;;;;;;;5715
;;;;;;;;;;;5716
;;;;;;;;;;;5717
;;;;;;;;;;;5718
;;;;;;;;;;;5719
;;;;;;;;;;;5720
;;;;;;;;;;;5721
;;;;;;;;;;;5722
;;;;;;;;;;;5723
;;;;;;;;;;;5724
;;;;;;;;;;;5725
;;;;;;;;;;;5726
;;;;;;;;;;;5727
;;;;;;;;;;;5728
;;;;;;;;;;;5729
;;;;;;;;;;;5730
;;;;;;;;;;;5731
;;;;;;;;;;;5732
;;;;;;;;;;;5733
;;;;;;;;;;;5734
;;;;;;;;;;;5735
;;;;;;;;;;;5736
;;;;;;;;;;;5737
;;;;;;;;;;;5738
;;;;;;;;;;;5739
;;;;;;;;;;;5740
;;;;;;;;;;;5741
;;;;;;;;;;;5742
;;;;;;;;;;;5743
;;;;;;;;;;;5744
;;;;;;;;;;;5745
;;;;;;;;;;;5746
;;;;;;;;;;;5747
;;;;;;;;;;;5748
;;;;;;;;;;;5749
;;;;;;;;;;;5750
;;;;;;;;;;;5751
;;;;;;;;;;;5752
;;;;;;;;;;;5753
;;;;;;;;;;;5754
;;;;;;;;;;;5755
;;;;;;;;;;;5756
;;;;;;;;;;;5757
;;;;;;;;;;;5758
;;;;;;;;;;;5759
;;;;;;;;;;;5760
;;;;;;;;;;;5761
;;;;;;;;;;;5762
;;;;;;;;;;;5763
;;;;;;;;;;;5764
;;;;;;;;;;;5765
;;;;;;;;;;;5766
;;;;;;;;;;;5767
;;;;;;;;;;;5768
;;;;;;;;;;;5769
;;;;;;;;;;;5770
;;;;;;;;;;;5771
;;;;;;;;;;;5772
;;;;;;;;;;;5773
;;;;;;;;;;;5774
;;;;;;;;;;;5775
;;;;;;;;;;;5776
;;;;;;;;;;;5777
;;;;;;;;;;;5778
;;;;;;;;;;;5779
;;;;;;;;;;;5780
;;;;;;;;;;;5781
;;;;;;;;;;;5782
;;;;;;;;;;;5783
;;;;;;;;;;;5784
;;;;;;;;;;;5785
;;;;;;;;;;;5786
;;;;;;;;;;;5787
;;;;;;;;;;;5788
;;;;;;;;;;;5789
;;;;;;;;;;;5790
;;;;;;;;;;;5791
;;;;;;;;;;;5792
;;;;;;;;;;;5793
;;;;;;;;;;;5794
;;;;;;;;;;;5795
;;;;;;;;;;;5796
;;;;;;;;;;;5797
;;;;;;;;;;;5798
;;;;;;;;;;;5799
;;;;;;;;;;;5800
;;;;;;;;;;;5801
;;;;;;;;;;;5802
;;;;;;;;;;;5803
;;;;;;;;;;;5804
;;;;;;;;;;;5805
;;;;;;;;;;;5806
;;;;;;;;;;;5807
;;;;;;;;;;;5808
;;;;;;;;;;;5809
;;;;;;;;;;;5810
;;;;;;;;;;;5811
;;;;;;;;;;;5812
;;;;;;;;;;;5813
;;;;;;;;;;;5814
;;;;;;;;;;;5815
;;;;;;;;;;;5816
;;;;;;;;;;;5817
;;;;;;;;;;;5818
;;;;;;;;;;;5819
;;;;;;;;;;;5820
;;;;;;;;;;;5821
;;;;;;;;;;;5822
;;;;;;;;;;;5823
;;;;;;;;;;;5824
;;;;;;;;;;;5825
;;;;;;;;;;;5826
;;;;;;;;;;;5827
;;;;;;;;;;;5828
;;;;;;;;;;;5829
;;;;;;;;;;;5830
;;;;;;;;;;;5831
;;;;;;;;;;;5832
;;;;;;;;;;;5833
;;;;;;;;;;;5834
;;;;;;;;;;;5835
;;;;;;;;;;;5836
;;;;;;;;;;;5837
;;;;;;;;;;;5838
;;;;;;;;;;;5839
;;;;;;;;;;;5840
;;;;;;;;;;;5841
;;;;;;;;;;;5842
;;;;;;;;;;;5843
;;;;;;;;;;;5844
;;;;;;;;;;;5845
;;;;;;;;;;;5846
;;;;;;;;;;;5847
;;;;;;;;;;;5848
;;;;;;;;;;;5849
;;;;;;;;;;;5850
;;;;;;;;;;;5851
;;;;;;;;;;;5852
;;;;;;;;;;;5853
;;;;;;;;;;;5854
;;;;;;;;;;;5855
;;;;;;;;;;;5856
;;;;;;;;;;;5857
;;;;;;;;;;;5858
;;;;;;;;;;;5859
;;;;;;;;;;;5860
;;;;;;;;;;;5861
;;;;;;;;;;;5862
;;;;;;;;;;;5863
;;;;;;;;;;;5864
;;;;;;;;;;;5865
;;;;;;;;;;;5866
;;;;;;;;;;;5867
;;;;;;;;;;;5868
;;;;;;;;;;;5869
;;;;;;;;;;;5870
;;;;;;;;;;;5871
;;;;;;;;;;;5872
;;;;;;;;;;;5873
;;;;;;;;;;;5874
;;;;;;;;;;;5875
;;;;;;;;;;;5876
;;;;;;;;;;;5877
;;;;;;;;;;;5878
;;;;;;;;;;;5879
;;;;;;;;;;;5880
;;;;;;;;;;;5881
;;;;;;;;;;;5882
;;;;;;;;;;;5883
;;;;;;;;;;;5884
;;;;;;;;;;;5885
;;;;;;;;;;;5886
;;;;;;;;;;;5887
;;;;;;;;;;;5888
;;;;;;;;;;;5889
;;;;;;;;;;;5890
;;;;;;;;;;;5891
;;;;;;;;;;;5892
;;;;;;;;;;;5893
;;;;;;;;;;;5894
;;;;;;;;;;;5895
;;;;;;;;;;;5896
;;;;;;;;;;;5897
;;;;;;;;;;;5898
;;;;;;;;;;;5899
;;;;;;;;;;;5900
;;;;;;;;;;;5901
;;;;;;;;;;;5902
;;;;;;;;;;;5903
;;;;;;;;;;;5904
;;;;;;;;;;;5905
;;;;;;;;;;;5906
;;;;;;;;;;;5907
;;;;;;;;;;;5908
;;;;;;;;;;;5909
;;;;;;;;;;;5910
;;;;;;;;;;;5911
;;;;;;;;;;;5912
;;;;;;;;;;;5913
;;;;;;;;;;;5914
;;;;;;;;;;;5915
;;;;;;;;;;;5916
;;;;;;;;;;;5917
;;;;;;;;;;;5918
;;;;;;;;;;;5919
;;;;;;;;;;;5920
;;;;;;;;;;;5921
;;;;;;;;;;;5922
;;;;;;;;;;;5923
;;;;;;;;;;;5924
;;;;;;;;;;;5925
;;;;;;;;;;;5926
;;;;;;;;;;;5927
;;;;;;;;;;;5928
;;;;;;;;;;;5929
;;;;;;;;;;;5930
;;;;;;;;;;;5931
;;;;;;;;;;;5932
;;;;;;;;;;;5933
;;;;;;;;;;;5934
;;;;;;;;;;;5935
;;;;;;;;;;;5936
;;;;;;;;;;;5937
;;;;;;;;;;;5938
;;;;;;;;;;;5939
;;;;;;;;;;;5940
;;;;;;;;;;;5941
;;;;;;;;;;;5942
;;;;;;;;;;;5943
;;;;;;;;;;;5944
;;;;;;;;;;;5945
;;;;;;;;;;;5946
;;;;;;;;;;;5947
;;;;;;;;;;;5948
;;;;;;;;;;;5949
;;;;;;;;;;;5950
;;;;;;;;;;;5951
;;;;;;;;;;;5952
;;;;;;;;;;;5953
;;;;;;;;;;;5954
;;;;;;;;;;;5955
;;;;;;;;;;;5956
;;;;;;;;;;;5957
;;;;;;;;;;;5958
;;;;;;;;;;;5959
;;;;;;;;;;;5960
;;;;;;;;;;;5961
;;;;;;;;;;;5962
;;;;;;;;;;;5963
;;;;;;;;;;;5964
;;;;;;;;;;;5965
;;;;;;;;;;;5966
;;;;;;;;;;;5967
;;;;;;;;;;;5968
;;;;;;;;;;;5969
;;;;;;;;;;;5970
;;;;;;;;;;;5971
;;;;;;;;;;;5972
;;;;;;;;;;;5973
;;;;;;;;;;;5974
;;;;;;;;;;;5975
;;;;;;;;;;;5976
;;;;;;;;;;;5977
;;;;;;;;;;;5978
;;;;;;;;;;;5979
;;;;;;;;;;;5980
;;;;;;;;;;;5981
;;;;;;;;;;;5982
;;;;;;;;;;;5983
;;;;;;;;;;;5984
;;;;;;;;;;;5985
;;;;;;;;;;;5986
;;;;;;;;;;;5987
;;;;;;;;;;;5988
;;;;;;;;;;;5989
;;;;;;;;;;;5990
;;;;;;;;;;;5991
;;;;;;;;;;;5992
;;;;;;;;;;;5993
;;;;;;;;;;;5994
;;;;;;;;;;;5995
;;;;;;;;;;;5996
;;;;;;;;;;;5997
;;;;;;;;;;;5998
;;;;;;;;;;;5999
;;;;;;;;;;;6000
;;;;;;;;;;;6001
;;;;;;;;;;;6002
;;;;;;;;;;;6003
;;;;;;;;;;;6004
;;;;;;;;;;;6005
;;;;;;;;;;;6006
;;;;;;;;;;;6007
;;;;;;;;;;;6008
;;;;;;;;;;;6009
;;;;;;;;;;;6010
;;;;;;;;;;;6011
;;;;;;;;;;;6012
;;;;;;;;;;;6013
;;;;;;;;;;;6014
;;;;;;;;;;;6015
;;;;;;;;;;;6016
;;;;;;;;;;;6017
;;;;;;;;;;;6018
;;;;;;;;;;;6019
;;;;;;;;;;;6020
;;;;;;;;;;;6021
;;;;;;;;;;;6022
;;;;;;;;;;;6023
;;;;;;;;;;;6024
;;;;;;;;;;;6025
;;;;;;;;;;;6026
;;;;;;;;;;;6027
;;;;;;;;;;;6028
;;;;;;;;;;;6029
;;;;;;;;;;;6030
;;;;;;;;;;;6031
;;;;;;;;;;;6032
;;;;;;;;;;;6033
;;;;;;;;;;;6034
;;;;;;;;;;;6035
;;;;;;;;;;;6036
;;;;;;;;;;;6037
;;;;;;;;;;;6038
;;;;;;;;;;;6039
;;;;;;;;;;;6040
;;;;;;;;;;;6041
;;;;;;;;;;;6042
;;;;;;;;;;;6043
;;;;;;;;;;;6044
;;;;;;;;;;;6045
;;;;;;;;;;;6046
;;;;;;;;;;;6047
;;;;;;;;;;;6048
;;;;;;;;;;;6049
;;;;;;;;;;;6050
;;;;;;;;;;;6051
;;;;;;;;;;;6052
;;;;;;;;;;;6053
;;;;;;;;;;;6054
;;;;;;;;;;;6055
;;;;;;;;;;;6056
;;;;;;;;;;;6057
;;;;;;;;;;;6058
;;;;;;;;;;;6059
;;;;;;;;;;;6060
;;;;;;;;;;;6061
;;;;;;;;;;;6062
;;;;;;;;;;;6063
;;;;;;;;;;;6064
;;;;;;;;;;;6065
;;;;;;;;;;;6066
;;;;;;;;;;;6067
;;;;;;;;;;;6068
;;;;;;;;;;;6069
;;;;;;;;;;;6070
;;;;;;;;;;;6071
;;;;;;;;;;;6072
;;;;;;;;;;;6073
;;;;;;;;;;;6074
;;;;;;;;;;;6075
;;;;;;;;;;;6076
;;;;;;;;;;;6077
;;;;;;;;;;;6078
;;;;;;;;;;;6079
;;;;;;;;;;;6080
;;;;;;;;;;;6081
;;;;;;;;;;;6082
;;;;;;;;;;;6083
;;;;;;;;;;;6084
;;;;;;;;;;;6085
;;;;;;;;;;;6086
;;;;;;;;;;;6087
;;;;;;;;;;;6088
;;;;;;;;;;;6089
;;;;;;;;;;;6090
;;;;;;;;;;;6091
;;;;;;;;;;;6092
;;;;;;;;;;;6093
;;;;;;;;;;;6094
;;;;;;;;;;;6095
;;;;;;;;;;;6096
;;;;;;;;;;;6097
;;;;;;;;;;;6098
;;;;;;;;;;;6099
;;;;;;;;;;;6100
;;;;;;;;;;;6101
;;;;;;;;;;;6102
;;;;;;;;;;;6103
;;;;;;;;;;;6104
;;;;;;;;;;;6105
;;;;;;;;;;;6106
;;;;;;;;;;;6107
;;;;;;;;;;;6108
;;;;;;;;;;;6109
;;;;;;;;;;;6110
;;;;;;;;;;;6111
;;;;;;;;;;;6112
;;;;;;;;;;;6113
;;;;;;;;;;;6114
;;;;;;;;;;;6115
;;;;;;;;;;;6116
;;;;;;;;;;;6117
;;;;;;;;;;;6118
;;;;;;;;;;;6119
;;;;;;;;;;;6120
;;;;;;;;;;;6121
;;;;;;;;;;;6122
;;;;;;;;;;;6123
;;;;;;;;;;;6124
;;;;;;;;;;;6125
;;;;;;;;;;;6126
;;;;;;;;;;;6127
;;;;;;;;;;;6128
;;;;;;;;;;;6129
;;;;;;;;;;;6130
;;;;;;;;;;;6131
;;;;;;;;;;;6132
;;;;;;;;;;;6133
;;;;;;;;;;;6134
;;;;;;;;;;;6135
;;;;;;;;;;;6136
;;;;;;;;;;;6137
;;;;;;;;;;;6138
;;;;;;;;;;;6139
;;;;;;;;;;;6140
;;;;;;;;;;;6141
;;;;;;;;;;;6142
;;;;;;;;;;;6143
;;;;;;;;;;;6144
;;;;;;;;;;;6145
;;;;;;;;;;;6146
;;;;;;;;;;;6147
;;;;;;;;;;;6148
;;;;;;;;;;;6149
;;;;;;;;;;;6150
;;;;;;;;;;;6151
;;;;;;;;;;;6152
;;;;;;;;;;;6153
;;;;;;;;;;;6154
;;;;;;;;;;;6155
;;;;;;;;;;;6156
;;;;;;;;;;;6157
;;;;;;;;;;;6158
;;;;;;;;;;;6159
;;;;;;;;;;;6160
;;;;;;;;;;;6161
;;;;;;;;;;;6162
;;;;;;;;;;;6163
;;;;;;;;;;;6164
;;;;;;;;;;;6165
;;;;;;;;;;;6166
;;;;;;;;;;;6167
;;;;;;;;;;;6168
;;;;;;;;;;;6169
;;;;;;;;;;;6170
;;;;;;;;;;;6171
;;;;;;;;;;;6172
;;;;;;;;;;;6173
;;;;;;;;;;;6174
;;;;;;;;;;;6175
;;;;;;;;;;;6176
;;;;;;;;;;;6177
;;;;;;;;;;;6178
;;;;;;;;;;;6179
;;;;;;;;;;;6180
;;;;;;;;;;;6181
;;;;;;;;;;;6182
;;;;;;;;;;;6183
;;;;;;;;;;;6184
;;;;;;;;;;;6185
;;;;;;;;;;;6186
;;;;;;;;;;;6187
;;;;;;;;;;;6188
;;;;;;;;;;;6189
;;;;;;;;;;;6190
;;;;;;;;;;;6191
;;;;;;;;;;;6192
;;;;;;;;;;;6193
;;;;;;;;;;;6194
;;;;;;;;;;;6195
;;;;;;;;;;;6196
;;;;;;;;;;;6197
;;;;;;;;;;;6198
;;;;;;;;;;;6199
;;;;;;;;;;;6200
;;;;;;;;;;;6201
;;;;;;;;;;;6202
;;;;;;;;;;;6203
;;;;;;;;;;;6204
;;;;;;;;;;;6205
;;;;;;;;;;;6206
;;;;;;;;;;;6207
;;;;;;;;;;;6208
;;;;;;;;;;;6209
;;;;;;;;;;;6210
;;;;;;;;;;;6211
;;;;;;;;;;;6212
;;;;;;;;;;;6213
;;;;;;;;;;;6214
;;;;;;;;;;;6215
;;;;;;;;;;;6216
;;;;;;;;;;;6217
;;;;;;;;;;;6218
;;;;;;;;;;;6219
;;;;;;;;;;;6220
;;;;;;;;;;;6221
;;;;;;;;;;;6222
;;;;;;;;;;;6223
;;;;;;;;;;;6224
;;;;;;;;;;;6225
;;;;;;;;;;;6226
;;;;;;;;;;;6227
;;;;;;;;;;;6228
;;;;;;;;;;;6229
;;;;;;;;;;;6230
;;;;;;;;;;;6231
;;;;;;;;;;;6232
;;;;;;;;;;;6233
;;;;;;;;;;;6234
;;;;;;;;;;;6235
;;;;;;;;;;;6236
;;;;;;;;;;;6237
;;;;;;;;;;;6238
;;;;;;;;;;;6239
;;;;;;;;;;;6240
;;;;;;;;;;;6241
;;;;;;;;;;;6242
;;;;;;;;;;;6243
;;;;;;;;;;;6244
;;;;;;;;;;;6245
;;;;;;;;;;;6246
;;;;;;;;;;;6247
;;;;;;;;;;;6248
;;;;;;;;;;;6249
;;;;;;;;;;;6250
;;;;;;;;;;;6251
;;;;;;;;;;;6252
;;;;;;;;;;;6253
;;;;;;;;;;;6254
;;;;;;;;;;;6255
;;;;;;;;;;;6256
;;;;;;;;;;;6257
;;;;;;;;;;;6258
;;;;;;;;;;;6259
;;;;;;;;;;;6260
;;;;;;;;;;;6261
;;;;;;;;;;;6262
;;;;;;;;;;;6263
;;;;;;;;;;;6264
;;;;;;;;;;;6265
;;;;;;;;;;;6266
;;;;;;;;;;;6267
;;;;;;;;;;;6268
;;;;;;;;;;;6269
;;;;;;;;;;;6270
;;;;;;;;;;;6271
;;;;;;;;;;;6272
;;;;;;;;;;;6273
;;;;;;;;;;;6274
;;;;;;;;;;;6275
;;;;;;;;;;;6276
;;;;;;;;;;;6277
;;;;;;;;;;;6278
;;;;;;;;;;;6279
;;;;;;;;;;;6280
;;;;;;;;;;;6281
;;;;;;;;;;;6282
;;;;;;;;;;;6283
;;;;;;;;;;;6284
;;;;;;;;;;;6285
;;;;;;;;;;;6286
;;;;;;;;;;;6287
;;;;;;;;;;;6288
;;;;;;;;;;;6289
;;;;;;;;;;;6290
;;;;;;;;;;;6291
;;;;;;;;;;;6292
;;;;;;;;;;;6293
;;;;;;;;;;;6294
;;;;;;;;;;;6295
;;;;;;;;;;;6296
;;;;;;;;;;;6297
;;;;;;;;;;;6298
;;;;;;;;;;;6299
;;;;;;;;;;;6300
;;;;;;;;;;;6301
;;;;;;;;;;;6302
;;;;;;;;;;;6303
;;;;;;;;;;;6304
;;;;;;;;;;;6305
;;;;;;;;;;;6306
;;;;;;;;;;;6307
;;;;;;;;;;;6308
;;;;;;;;;;;6309
;;;;;;;;;;;6310
;;;;;;;;;;;6311
;;;;;;;;;;;6312
;;;;;;;;;;;6313
;;;;;;;;;;;6314
;;;;;;;;;;;6315
;;;;;;;;;;;6316
;;;;;;;;;;;6317
;;;;;;;;;;;6318
;;;;;;;;;;;6319
;;;;;;;;;;;6320
;;;;;;;;;;;6321
;;;;;;;;;;;6322
;;;;;;;;;;;6323
;;;;;;;;;;;6324
;;;;;;;;;;;6325
;;;;;;;;;;;6326
;;;;;;;;;;;6327
;;;;;;;;;;;6328
;;;;;;;;;;;6329
;;;;;;;;;;;6330
;;;;;;;;;;;6331
;;;;;;;;;;;6332
;;;;;;;;;;;6333
;;;;;;;;;;;6334
;;;;;;;;;;;6335
;;;;;;;;;;;6336
;;;;;;;;;;;6337
;;;;;;;;;;;6338
;;;;;;;;;;;6339
;;;;;;;;;;;6340
;;;;;;;;;;;6341
;;;;;;;;;;;6342
;;;;;;;;;;;6343
;;;;;;;;;;;6344
;;;;;;;;;;;6345
;;;;;;;;;;;6346
;;;;;;;;;;;6347
;;;;;;;;;;;6348
;;;;;;;;;;;6349
;;;;;;;;;;;6350
;;;;;;;;;;;6351
;;;;;;;;;;;6352
;;;;;;;;;;;6353
;;;;;;;;;;;6354
;;;;;;;;;;;6355
;;;;;;;;;;;6356
;;;;;;;;;;;6357
;;;;;;;;;;;6358
;;;;;;;;;;;6359
;;;;;;;;;;;6360
;;;;;;;;;;;6361
;;;;;;;;;;;6362
;;;;;;;;;;;6363
;;;;;;;;;;;6364
;;;;;;;;;;;6365
;;;;;;;;;;;6366
;;;;;;;;;;;6367
;;;;;;;;;;;6368
;;;;;;;;;;;6369
;;;;;;;;;;;6370
;;;;;;;;;;;6371
;;;;;;;;;;;6372
;;;;;;;;;;;6373
;;;;;;;;;;;6374
;;;;;;;;;;;6375
;;;;;;;;;;;6376
;;;;;;;;;;;6377
;;;;;;;;;;;6378
;;;;;;;;;;;6379
;;;;;;;;;;;6380
;;;;;;;;;;;6381
;;;;;;;;;;;6382
;;;;;;;;;;;6383
;;;;;;;;;;;6384
;;;;;;;;;;;6385
;;;;;;;;;;;6386
;;;;;;;;;;;6387
;;;;;;;;;;;6388
;;;;;;;;;;;6389
;;;;;;;;;;;6390
;;;;;;;;;;;6391
;;;;;;;;;;;6392
;;;;;;;;;;;6393
;;;;;;;;;;;6394
;;;;;;;;;;;6395
;;;;;;;;;;;6396
;;;;;;;;;;;6397
;;;;;;;;;;;6398
;;;;;;;;;;;6399
;;;;;;;;;;;6400
;;;;;;;;;;;6401
;;;;;;;;;;;6402
;;;;;;;;;;;6403
;;;;;;;;;;;6404
;;;;;;;;;;;6405
;;;;;;;;;;;6406
;;;;;;;;;;;6407
;;;;;;;;;;;6408
;;;;;;;;;;;6409
;;;;;;;;;;;6410
;;;;;;;;;;;6411
;;;;;;;;;;;6412
;;;;;;;;;;;6413
;;;;;;;;;;;6414
;;;;;;;;;;;6415
;;;;;;;;;;;6416
;;;;;;;;;;;6417
;;;;;;;;;;;6418
;;;;;;;;;;;6419
;;;;;;;;;;;6420
;;;;;;;;;;;6421
;;;;;;;;;;;6422
;;;;;;;;;;;6423
;;;;;;;;;;;6424
;;;;;;;;;;;6425
;;;;;;;;;;;6426
;;;;;;;;;;;6427
;;;;;;;;;;;6428
;;;;;;;;;;;6429
;;;;;;;;;;;6430
;;;;;;;;;;;6431
;;;;;;;;;;;6432
;;;;;;;;;;;6433
;;;;;;;;;;;6434
;;;;;;;;;;;6435
;;;;;;;;;;;6436
;;;;;;;;;;;6437
;;;;;;;;;;;6438
;;;;;;;;;;;6439
;;;;;;;;;;;6440
;;;;;;;;;;;6441
;;;;;;;;;;;6442
;;;;;;;;;;;6443
;;;;;;;;;;;6444
;;;;;;;;;;;6445
;;;;;;;;;;;6446
;;;;;;;;;;;6447
;;;;;;;;;;;6448
;;;;;;;;;;;6449
;;;;;;;;;;;6450
;;;;;;;;;;;6451
;;;;;;;;;;;6452
;;;;;;;;;;;6453
;;;;;;;;;;;6454
;;;;;;;;;;;6455
;;;;;;;;;;;6456
;;;;;;;;;;;6457
;;;;;;;;;;;6458
;;;;;;;;;;;6459
;;;;;;;;;;;6460
;;;;;;;;;;;6461
;;;;;;;;;;;6462
;;;;;;;;;;;6463
;;;;;;;;;;;6464
;;;;;;;;;;;6465
;;;;;;;;;;;6466
;;;;;;;;;;;6467
;;;;;;;;;;;6468
;;;;;;;;;;;6469
;;;;;;;;;;;6470
;;;;;;;;;;;6471
;;;;;;;;;;;6472
;;;;;;;;;;;6473
;;;;;;;;;;;6474
;;;;;;;;;;;6475
;;;;;;;;;;;6476
;;;;;;;;;;;6477
;;;;;;;;;;;6478
;;;;;;;;;;;6479
;;;;;;;;;;;6480
;;;;;;;;;;;6481
;;;;;;;;;;;6482
;;;;;;;;;;;6483
;;;;;;;;;;;6484
;;;;;;;;;;;6485
;;;;;;;;;;;6486
;;;;;;;;;;;6487
;;;;;;;;;;;6488
;;;;;;;;;;;6489
;;;;;;;;;;;6490
;;;;;;;;;;;6491
;;;;;;;;;;;6492
;;;;;;;;;;;6493
;;;;;;;;;;;6494
;;;;;;;;;;;6495
;;;;;;;;;;;6496
;;;;;;;;;;;6497
;;;;;;;;;;;6498
;;;;;;;;;;;6499
;;;;;;;;;;;6500
;;;;;;;;;;;6501
;;;;;;;;;;;6502
;;;;;;;;;;;6503
;;;;;;;;;;;6504
;;;;;;;;;;;6505
;;;;;;;;;;;6506
;;;;;;;;;;;6507
;;;;;;;;;;;6508
;;;;;;;;;;;6509
;;;;;;;;;;;6510
;;;;;;;;;;;6511
;;;;;;;;;;;6512
;;;;;;;;;;;6513
;;;;;;;;;;;6514
;;;;;;;;;;;6515
;;;;;;;;;;;6516
;;;;;;;;;;;6517
;;;;;;;;;;;6518
;;;;;;;;;;;6519
;;;;;;;;;;;6520
;;;;;;;;;;;6521
;;;;;;;;;;;6522
;;;;;;;;;;;6523
;;;;;;;;;;;6524
;;;;;;;;;;;6525
;;;;;;;;;;;6526
;;;;;;;;;;;6527
;;;;;;;;;;;6528
;;;;;;;;;;;6529
;;;;;;;;;;;6530
;;;;;;;;;;;6531
;;;;;;;;;;;6532
;;;;;;;;;;;6533
;;;;;;;;;;;6534
;;;;;;;;;;;6535
;;;;;;;;;;;6536
;;;;;;;;;;;6537
;;;;;;;;;;;6538
;;;;;;;;;;;6539
;;;;;;;;;;;6540
;;;;;;;;;;;6541
;;;;;;;;;;;6542
;;;;;;;;;;;6543
;;;;;;;;;;;6544
;;;;;;;;;;;6545
;;;;;;;;;;;6546
;;;;;;;;;;;6547
;;;;;;;;;;;6548
;;;;;;;;;;;6549
;;;;;;;;;;;6550
;;;;;;;;;;;6551
;;;;;;;;;;;6552
;;;;;;;;;;;6553
;;;;;;;;;;;6554
;;;;;;;;;;;6555
;;;;;;;;;;;6556
;;;;;;;;;;;6557
;;;;;;;;;;;6558
;;;;;;;;;;;6559
;;;;;;;;;;;6560
;;;;;;;;;;;6561
;;;;;;;;;;;6562
;;;;;;;;;;;6563
;;;;;;;;;;;6564
;;;;;;;;;;;6565
;;;;;;;;;;;6566
;;;;;;;;;;;6567
;;;;;;;;;;;6568
;;;;;;;;;;;6569
;;;;;;;;;;;6570
;;;;;;;;;;;6571
;;;;;;;;;;;6572
;;;;;;;;;;;6573
;;;;;;;;;;;6574
;;;;;;;;;;;6575
;;;;;;;;;;;6576
;;;;;;;;;;;6577
;;;;;;;;;;;6578
;;;;;;;;;;;6579
;;;;;;;;;;;6580
;;;;;;;;;;;6581
;;;;;;;;;;;6582
;;;;;;;;;;;6583
;;;;;;;;;;;6584
;;;;;;;;;;;6585
;;;;;;;;;;;6586
;;;;;;;;;;;6587
;;;;;;;;;;;6588
;;;;;;;;;;;6589
;;;;;;;;;;;6590
;;;;;;;;;;;6591
;;;;;;;;;;;6592
;;;;;;;;;;;6593
;;;;;;;;;;;6594
;;;;;;;;;;;6595
;;;;;;;;;;;6596
;;;;;;;;;;;6597
;;;;;;;;;;;6598
;;;;;;;;;;;6599
;;;;;;;;;;;6600
;;;;;;;;;;;6601
;;;;;;;;;;;6602
;;;;;;;;;;;6603
;;;;;;;;;;;6604
;;;;;;;;;;;6605
;;;;;;;;;;;6606
;;;;;;;;;;;6607
;;;;;;;;;;;6608
;;;;;;;;;;;6609
;;;;;;;;;;;6610
;;;;;;;;;;;6611
;;;;;;;;;;;6612
;;;;;;;;;;;6613
;;;;;;;;;;;6614
;;;;;;;;;;;6615
;;;;;;;;;;;6616
;;;;;;;;;;;6617
;;;;;;;;;;;6618
;;;;;;;;;;;6619
;;;;;;;;;;;6620
;;;;;;;;;;;6621
;;;;;;;;;;;6622
;;;;;;;;;;;6623
;;;;;;;;;;;6624
;;;;;;;;;;;6625
;;;;;;;;;;;6626
;;;;;;;;;;;6627
;;;;;;;;;;;6628
;;;;;;;;;;;6629
;;;;;;;;;;;6630
;;;;;;;;;;;6631
;;;;;;;;;;;6632
;;;;;;;;;;;6633
;;;;;;;;;;;6634
;;;;;;;;;;;6635
;;;;;;;;;;;6636
;;;;;;;;;;;6637
;;;;;;;;;;;6638
;;;;;;;;;;;6639
;;;;;;;;;;;6640
;;;;;;;;;;;6641
;;;;;;;;;;;6642
;;;;;;;;;;;6643
;;;;;;;;;;;6644
;;;;;;;;;;;6645
;;;;;;;;;;;6646
;;;;;;;;;;;6647
;;;;;;;;;;;6648
;;;;;;;;;;;6649
;;;;;;;;;;;6650
;;;;;;;;;;;6651
;;;;;;;;;;;6652
;;;;;;;;;;;6653
;;;;;;;;;;;6654
;;;;;;;;;;;6655
;;;;;;;;;;;6656
;;;;;;;;;;;6657
;;;;;;;;;;;6658
;;;;;;;;;;;6659
;;;;;;;;;;;6660
;;;;;;;;;;;6661
;;;;;;;;;;;6662
;;;;;;;;;;;6663
;;;;;;;;;;;6664
;;;;;;;;;;;6665
;;;;;;;;;;;6666
;;;;;;;;;;;6667
;;;;;;;;;;;6668
;;;;;;;;;;;6669
;;;;;;;;;;;6670
;;;;;;;;;;;6671
;;;;;;;;;;;6672
;;;;;;;;;;;6673
;;;;;;;;;;;6674
;;;;;;;;;;;6675
;;;;;;;;;;;6676
;;;;;;;;;;;6677
;;;;;;;;;;;6678
;;;;;;;;;;;6679
;;;;;;;;;;;6680
;;;;;;;;;;;6681
;;;;;;;;;;;6682
;;;;;;;;;;;6683
;;;;;;;;;;;6684
;;;;;;;;;;;6685
;;;;;;;;;;;6686
;;;;;;;;;;;6687
;;;;;;;;;;;6688
;;;;;;;;;;;6689
;;;;;;;;;;;6690
;;;;;;;;;;;6691
;;;;;;;;;;;6692
;;;;;;;;;;;6693
;;;;;;;;;;;6694
;;;;;;;;;;;6695
;;;;;;;;;;;6696
;;;;;;;;;;;6697
;;;;;;;;;;;6698
;;;;;;;;;;;6699
;;;;;;;;;;;6700
;;;;;;;;;;;6701
;;;;;;;;;;;6702
;;;;;;;;;;;6703
;;;;;;;;;;;6704
;;;;;;;;;;;6705
;;;;;;;;;;;6706
;;;;;;;;;;;6707
;;;;;;;;;;;6708
;;;;;;;;;;;6709
;;;;;;;;;;;6710
;;;;;;;;;;;6711
;;;;;;;;;;;6712
;;;;;;;;;;;6713
;;;;;;;;;;;6714
;;;;;;;;;;;6715
;;;;;;;;;;;6716
;;;;;;;;;;;6717
;;;;;;;;;;;6718
;;;;;;;;;;;6719
;;;;;;;;;;;6720
;;;;;;;;;;;6721
;;;;;;;;;;;6722
;;;;;;;;;;;6723
;;;;;;;;;;;6724
;;;;;;;;;;;6725
;;;;;;;;;;;6726
;;;;;;;;;;;6727
;;;;;;;;;;;6728
;;;;;;;;;;;6729
;;;;;;;;;;;6730
;;;;;;;;;;;6731
;;;;;;;;;;;6732
;;;;;;;;;;;6733
;;;;;;;;;;;6734
;;;;;;;;;;;6735
;;;;;;;;;;;6736
;;;;;;;;;;;6737
;;;;;;;;;;;6738
;;;;;;;;;;;6739
;;;;;;;;;;;6740
;;;;;;;;;;;6741
;;;;;;;;;;;6742
;;;;;;;;;;;6743
;;;;;;;;;;;6744
;;;;;;;;;;;6745
;;;;;;;;;;;6746
;;;;;;;;;;;6747
;;;;;;;;;;;6748
;;;;;;;;;;;6749
;;;;;;;;;;;6750
;;;;;;;;;;;6751
;;;;;;;;;;;6752
;;;;;;;;;;;6753
;;;;;;;;;;;6754
;;;;;;;;;;;6755
;;;;;;;;;;;6756
;;;;;;;;;;;6757
;;;;;;;;;;;6758
;;;;;;;;;;;6759
;;;;;;;;;;;6760
;;;;;;;;;;;6761
;;;;;;;;;;;6762
;;;;;;;;;;;6763
;;;;;;;;;;;6764
;;;;;;;;;;;6765
;;;;;;;;;;;6766
;;;;;;;;;;;6767
;;;;;;;;;;;6768
;;;;;;;;;;;6769
;;;;;;;;;;;6770
;;;;;;;;;;;6771
;;;;;;;;;;;6772
;;;;;;;;;;;6773
;;;;;;;;;;;6774
;;;;;;;;;;;6775
;;;;;;;;;;;6776
;;;;;;;;;;;6777
;;;;;;;;;;;6778
;;;;;;;;;;;6779
;;;;;;;;;;;6780
;;;;;;;;;;;6781
;;;;;;;;;;;6782
;;;;;;;;;;;6783
;;;;;;;;;;;6784
;;;;;;;;;;;6785
;;;;;;;;;;;6786
;;;;;;;;;;;6787
;;;;;;;;;;;6788
;;;;;;;;;;;6789
;;;;;;;;;;;6790
;;;;;;;;;;;6791
;;;;;;;;;;;6792
;;;;;;;;;;;6793
;;;;;;;;;;;6794
;;;;;;;;;;;6795
;;;;;;;;;;;6796
;;;;;;;;;;;6797
;;;;;;;;;;;6798
;;;;;;;;;;;6799
;;;;;;;;;;;6800
;;;;;;;;;;;6801
;;;;;;;;;;;6802
;;;;;;;;;;;6803
;;;;;;;;;;;6804
;;;;;;;;;;;6805
;;;;;;;;;;;6806
;;;;;;;;;;;6807
;;;;;;;;;;;6808
;;;;;;;;;;;6809
;;;;;;;;;;;6810
;;;;;;;;;;;6811
;;;;;;;;;;;6812
;;;;;;;;;;;6813
;;;;;;;;;;;6814
;;;;;;;;;;;6815
;;;;;;;;;;;6816
;;;;;;;;;;;6817
;;;;;;;;;;;6818
;;;;;;;;;;;6819
;;;;;;;;;;;6820
;;;;;;;;;;;6821
;;;;;;;;;;;6822
;;;;;;;;;;;6823
;;;;;;;;;;;6824
;;;;;;;;;;;6825
;;;;;;;;;;;6826
;;;;;;;;;;;6827
;;;;;;;;;;;6828
;;;;;;;;;;;6829
;;;;;;;;;;;6830
;;;;;;;;;;;6831
;;;;;;;;;;;6832
;;;;;;;;;;;6833
;;;;;;;;;;;6834
;;;;;;;;;;;6835
;;;;;;;;;;;6836
;;;;;;;;;;;6837
;;;;;;;;;;;6838
;;;;;;;;;;;6839
;;;;;;;;;;;6840
;;;;;;;;;;;6841
;;;;;;;;;;;6842
;;;;;;;;;;;6843
;;;;;;;;;;;6844
;;;;;;;;;;;6845
;;;;;;;;;;;6846
;;;;;;;;;;;6847
;;;;;;;;;;;6848
;;;;;;;;;;;6849
;;;;;;;;;;;6850
;;;;;;;;;;;6851
;;;;;;;;;;;6852
;;;;;;;;;;;6853
;;;;;;;;;;;6854
;;;;;;;;;;;6855
;;;;;;;;;;;6856
;;;;;;;;;;;6857
;;;;;;;;;;;6858
;;;;;;;;;;;6859
;;;;;;;;;;;6860
;;;;;;;;;;;6861
;;;;;;;;;;;6862
;;;;;;;;;;;6863
;;;;;;;;;;;6864
;;;;;;;;;;;6865
;;;;;;;;;;;6866
;;;;;;;;;;;6867
;;;;;;;;;;;6868
;;;;;;;;;;;6869
;;;;;;;;;;;6870
;;;;;;;;;;;6871
;;;;;;;;;;;6872
;;;;;;;;;;;6873
;;;;;;;;;;;6874
;;;;;;;;;;;6875
;;;;;;;;;;;6876
;;;;;;;;;;;6877
;;;;;;;;;;;6878
;;;;;;;;;;;6879
;;;;;;;;;;;6880
;;;;;;;;;;;6881
;;;;;;;;;;;6882
;;;;;;;;;;;6883
;;;;;;;;;;;6884
;;;;;;;;;;;6885
;;;;;;;;;;;6886
;;;;;;;;;;;6887
;;;;;;;;;;;6888
;;;;;;;;;;;6889
;;;;;;;;;;;6890
;;;;;;;;;;;6891
;;;;;;;;;;;6892
;;;;;;;;;;;6893
;;;;;;;;;;;6894
;;;;;;;;;;;6895
;;;;;;;;;;;6896
;;;;;;;;;;;6897
;;;;;;;;;;;6898
;;;;;;;;;;;6899
;;;;;;;;;;;6900
;;;;;;;;;;;6901
;;;;;;;;;;;6902
;;;;;;;;;;;6903
;;;;;;;;;;;6904
;;;;;;;;;;;6905
;;;;;;;;;;;6906
;;;;;;;;;;;6907
;;;;;;;;;;;6908
;;;;;;;;;;;6909
;;;;;;;;;;;6910
;;;;;;;;;;;6911
;;;;;;;;;;;6912
;;;;;;;;;;;6913
;;;;;;;;;;;6914
;;;;;;;;;;;6915
;;;;;;;;;;;6916
;;;;;;;;;;;6917
;;;;;;;;;;;6918
;;;;;;;;;;;6919
;;;;;;;;;;;6920
;;;;;;;;;;;6921
;;;;;;;;;;;6922
;;;;;;;;;;;6923
;;;;;;;;;;;6924
;;;;;;;;;;;6925
;;;;;;;;;;;6926
;;;;;;;;;;;6927
;;;;;;;;;;;6928
;;;;;;;;;;;6929
;;;;;;;;;;;6930
;;;;;;;;;;;6931
;;;;;;;;;;;6932
;;;;;;;;;;;6933
;;;;;;;;;;;6934
;;;;;;;;;;;6935
;;;;;;;;;;;6936
;;;;;;;;;;;6937
;;;;;;;;;;;6938
;;;;;;;;;;;6939
;;;;;;;;;;;6940
;;;;;;;;;;;6941
;;;;;;;;;;;6942
;;;;;;;;;;;6943
;;;;;;;;;;;6944
;;;;;;;;;;;6945
;;;;;;;;;;;6946
;;;;;;;;;;;6947
;;;;;;;;;;;6948
;;;;;;;;;;;6949
;;;;;;;;;;;6950
;;;;;;;;;;;6951
;;;;;;;;;;;6952
;;;;;;;;;;;6953
;;;;;;;;;;;6954
;;;;;;;;;;;6955
;;;;;;;;;;;6956
;;;;;;;;;;;6957
;;;;;;;;;;;6958
;;;;;;;;;;;6959
;;;;;;;;;;;6960
;;;;;;;;;;;6961
;;;;;;;;;;;6962
;;;;;;;;;;;6963
;;;;;;;;;;;6964
;;;;;;;;;;;6965
;;;;;;;;;;;6966
;;;;;;;;;;;6967
;;;;;;;;;;;6968
;;;;;;;;;;;6969
;;;;;;;;;;;6970
;;;;;;;;;;;6971
;;;;;;;;;;;6972
;;;;;;;;;;;6973
;;;;;;;;;;;6974
;;;;;;;;;;;6975
;;;;;;;;;;;6976
;;;;;;;;;;;6977
;;;;;;;;;;;6978
;;;;;;;;;;;6979
;;;;;;;;;;;6980
;;;;;;;;;;;6981
;;;;;;;;;;;6982
;;;;;;;;;;;6983
;;;;;;;;;;;6984
;;;;;;;;;;;6985
;;;;;;;;;;;6986
;;;;;;;;;;;6987
;;;;;;;;;;;6988
;;;;;;;;;;;6989
;;;;;;;;;;;6990
;;;;;;;;;;;6991
;;;;;;;;;;;6992
;;;;;;;;;;;6993
;;;;;;;;;;;6994
;;;;;;;;;;;6995
;;;;;;;;;;;6996
;;;;;;;;;;;6997
;;;;;;;;;;;6998
;;;;;;;;;;;6999
;;;;;;;;;;;7000
;;;;;;;;;;;7001
;;;;;;;;;;;7002
;;;;;;;;;;;7003
;;;;;;;;;;;7004
;;;;;;;;;;;7005
;;;;;;;;;;;7006
;;;;;;;;;;;7007
;;;;;;;;;;;7008
;;;;;;;;;;;7009
;;;;;;;;;;;7010
;;;;;;;;;;;7011
;;;;;;;;;;;7012
;;;;;;;;;;;7013
;;;;;;;;;;;7014
;;;;;;;;;;;7015
;;;;;;;;;;;7016
;;;;;;;;;;;7017
;;;;;;;;;;;7018
;;;;;;;;;;;7019
;;;;;;;;;;;7020
;;;;;;;;;;;7021
;;;;;;;;;;;7022
;;;;;;;;;;;7023
;;;;;;;;;;;7024
;;;;;;;;;;;7025
;;;;;;;;;;;7026
;;;;;;;;;;;7027
;;;;;;;;;;;7028
;;;;;;;;;;;7029
;;;;;;;;;;;7030
;;;;;;;;;;;7031
;;;;;;;;;;;7032
;;;;;;;;;;;7033
;;;;;;;;;;;7034
;;;;;;;;;;;7035
;;;;;;;;;;;7036
;;;;;;;;;;;7037
;;;;;;;;;;;7038
;;;;;;;;;;;7039
;;;;;;;;;;;7040
;;;;;;;;;;;7041
;;;;;;;;;;;7042
;;;;;;;;;;;7043
;;;;;;;;;;;7044
;;;;;;;;;;;7045
;;;;;;;;;;;7046
;;;;;;;;;;;7047
;;;;;;;;;;;7048
;;;;;;;;;;;7049
;;;;;;;;;;;7050
;;;;;;;;;;;7051
;;;;;;;;;;;7052
;;;;;;;;;;;7053
;;;;;;;;;;;7054
;;;;;;;;;;;7055
;;;;;;;;;;;7056
;;;;;;;;;;;7057
;;;;;;;;;;;7058
;;;;;;;;;;;7059
;;;;;;;;;;;7060
;;;;;;;;;;;7061
;;;;;;;;;;;7062
;;;;;;;;;;;7063
;;;;;;;;;;;7064
;;;;;;;;;;;7065
;;;;;;;;;;;7066
;;;;;;;;;;;7067
;;;;;;;;;;;7068
;;;;;;;;;;;7069
;;;;;;;;;;;7070
;;;;;;;;;;;7071
;;;;;;;;;;;7072
;;;;;;;;;;;7073
;;;;;;;;;;;7074
;;;;;;;;;;;7075
;;;;;;;;;;;7076
;;;;;;;;;;;7077
;;;;;;;;;;;7078
;;;;;;;;;;;7079
;;;;;;;;;;;7080
;;;;;;;;;;;7081
;;;;;;;;;;;7082
;;;;;;;;;;;7083
;;;;;;;;;;;7084
;;;;;;;;;;;7085
;;;;;;;;;;;7086
;;;;;;;;;;;7087
;;;;;;;;;;;7088
;;;;;;;;;;;7089
;;;;;;;;;;;7090
;;;;;;;;;;;7091
;;;;;;;;;;;7092
;;;;;;;;;;;7093
;;;;;;;;;;;7094
;;;;;;;;;;;7095
;;;;;;;;;;;7096
;;;;;;;;;;;7097
;;;;;;;;;;;7098
;;;;;;;;;;;7099
;;;;;;;;;;;7100
;;;;;;;;;;;7101
;;;;;;;;;;;7102
;;;;;;;;;;;7103
;;;;;;;;;;;7104
;;;;;;;;;;;7105
;;;;;;;;;;;7106
;;;;;;;;;;;7107
;;;;;;;;;;;7108
;;;;;;;;;;;7109
;;;;;;;;;;;7110
;;;;;;;;;;;7111
;;;;;;;;;;;7112
;;;;;;;;;;;7113
;;;;;;;;;;;7114
;;;;;;;;;;;7115
;;;;;;;;;;;7116
;;;;;;;;;;;7117
;;;;;;;;;;;7118
;;;;;;;;;;;7119
;;;;;;;;;;;7120
;;;;;;;;;;;7121
;;;;;;;;;;;7122
;;;;;;;;;;;7123
;;;;;;;;;;;7124
;;;;;;;;;;;7125
;;;;;;;;;;;7126
;;;;;;;;;;;7127
;;;;;;;;;;;7128
;;;;;;;;;;;7129
;;;;;;;;;;;7130
;;;;;;;;;;;7131
;;;;;;;;;;;7132
;;;;;;;;;;;7133
;;;;;;;;;;;7134
;;;;;;;;;;;7135
;;;;;;;;;;;7136
;;;;;;;;;;;7137
;;;;;;;;;;;7138
;;;;;;;;;;;7139
;;;;;;;;;;;7140
;;;;;;;;;;;7141
;;;;;;;;;;;7142
;;;;;;;;;;;7143
;;;;;;;;;;;7144
;;;;;;;;;;;7145
;;;;;;;;;;;7146
;;;;;;;;;;;7147
;;;;;;;;;;;7148
;;;;;;;;;;;7149
;;;;;;;;;;;7150
;;;;;;;;;;;7151
;;;;;;;;;;;7152
;;;;;;;;;;;7153
;;;;;;;;;;;7154
;;;;;;;;;;;7155
;;;;;;;;;;;7156
;;;;;;;;;;;7157
;;;;;;;;;;;7158
;;;;;;;;;;;7159
;;;;;;;;;;;7160
;;;;;;;;;;;7161
;;;;;;;;;;;7162
;;;;;;;;;;;7163
;;;;;;;;;;;7164
;;;;;;;;;;;7165
;;;;;;;;;;;7166
;;;;;;;;;;;7167
;;;;;;;;;;;7168
;;;;;;;;;;;7169
;;;;;;;;;;;7170
;;;;;;;;;;;7171
;;;;;;;;;;;7172
;;;;;;;;;;;7173
;;;;;;;;;;;7174
;;;;;;;;;;;7175
;;;;;;;;;;;7176
;;;;;;;;;;;7177
;;;;;;;;;;;7178
;;;;;;;;;;;7179
;;;;;;;;;;;7180
;;;;;;;;;;;7181
;;;;;;;;;;;7182
;;;;;;;;;;;7183
;;;;;;;;;;;7184
;;;;;;;;;;;7185
;;;;;;;;;;;7186
;;;;;;;;;;;7187
;;;;;;;;;;;7188
;;;;;;;;;;;7189
;;;;;;;;;;;7190
;;;;;;;;;;;7191
;;;;;;;;;;;7192
;;;;;;;;;;;7193
;;;;;;;;;;;7194
;;;;;;;;;;;7195
;;;;;;;;;;;7196
;;;;;;;;;;;7197
;;;;;;;;;;;7198
;;;;;;;;;;;7199
;;;;;;;;;;;7200
;;;;;;;;;;;7201
;;;;;;;;;;;7202
;;;;;;;;;;;7203
;;;;;;;;;;;7204
;;;;;;;;;;;7205
;;;;;;;;;;;7206
;;;;;;;;;;;7207
;;;;;;;;;;;7208
;;;;;;;;;;;7209
;;;;;;;;;;;7210
;;;;;;;;;;;7211
;;;;;;;;;;;7212
;;;;;;;;;;;7213
;;;;;;;;;;;7214
;;;;;;;;;;;7215
;;;;;;;;;;;7216
;;;;;;;;;;;7217
;;;;;;;;;;;7218
;;;;;;;;;;;7219
;;;;;;;;;;;7220
;;;;;;;;;;;7221
;;;;;;;;;;;7222
;;;;;;;;;;;7223
;;;;;;;;;;;7224
;;;;;;;;;;;7225
;;;;;;;;;;;7226
;;;;;;;;;;;7227
;;;;;;;;;;;7228
;;;;;;;;;;;7229
;;;;;;;;;;;7230
;;;;;;;;;;;7231
;;;;;;;;;;;7232
;;;;;;;;;;;7233
;;;;;;;;;;;7234
;;;;;;;;;;;7235
;;;;;;;;;;;7236
;;;;;;;;;;;7237
;;;;;;;;;;;7238
;;;;;;;;;;;7239
;;;;;;;;;;;7240
;;;;;;;;;;;7241
;;;;;;;;;;;7242
;;;;;;;;;;;7243
;;;;;;;;;;;7244
;;;;;;;;;;;7245
;;;;;;;;;;;7246
;;;;;;;;;;;7247
;;;;;;;;;;;7248
;;;;;;;;;;;7249
;;;;;;;;;;;7250
;;;;;;;;;;;7251
;;;;;;;;;;;7252
;;;;;;;;;;;7253
;;;;;;;;;;;7254
;;;;;;;;;;;7255
;;;;;;;;;;;7256
;;;;;;;;;;;7257
;;;;;;;;;;;7258
;;;;;;;;;;;7259
;;;;;;;;;;;7260
;;;;;;;;;;;7261
;;;;;;;;;;;7262
;;;;;;;;;;;7263
;;;;;;;;;;;7264
;;;;;;;;;;;7265
;;;;;;;;;;;7266
;;;;;;;;;;;7267
;;;;;;;;;;;7268
;;;;;;;;;;;7269
;;;;;;;;;;;7270
;;;;;;;;;;;7271
;;;;;;;;;;;7272
;;;;;;;;;;;7273
;;;;;;;;;;;7274
;;;;;;;;;;;7275
;;;;;;;;;;;7276
;;;;;;;;;;;7277
;;;;;;;;;;;7278
;;;;;;;;;;;7279
;;;;;;;;;;;7280
;;;;;;;;;;;7281
;;;;;;;;;;;7282
;;;;;;;;;;;7283
;;;;;;;;;;;7284
;;;;;;;;;;;7285
;;;;;;;;;;;7286
;;;;;;;;;;;7287
;;;;;;;;;;;7288
;;;;;;;;;;;7289
;;;;;;;;;;;7290
;;;;;;;;;;;7291
;;;;;;;;;;;7292
;;;;;;;;;;;7293
;;;;;;;;;;;7294
;;;;;;;;;;;7295
;;;;;;;;;;;7296
;;;;;;;;;;;7297
;;;;;;;;;;;7298
;;;;;;;;;;;7299
;;;;;;;;;;;7300
;;;;;;;;;;;7301
;;;;;;;;;;;7302
;;;;;;;;;;;7303
;;;;;;;;;;;7304
;;;;;;;;;;;7305
;;;;;;;;;;;7306
;;;;;;;;;;;7307
;;;;;;;;;;;7308
;;;;;;;;;;;7309
;;;;;;;;;;;7310
;;;;;;;;;;;7311
;;;;;;;;;;;7312
;;;;;;;;;;;7313
;;;;;;;;;;;7314
;;;;;;;;;;;7315
;;;;;;;;;;;7316
;;;;;;;;;;;7317
;;;;;;;;;;;7318
;;;;;;;;;;;7319
;;;;;;;;;;;7320
;;;;;;;;;;;7321
;;;;;;;;;;;7322
;;;;;;;;;;;7323
;;;;;;;;;;;7324
;;;;;;;;;;;7325
;;;;;;;;;;;7326
;;;;;;;;;;;7327
;;;;;;;;;;;7328
;;;;;;;;;;;7329
;;;;;;;;;;;7330
;;;;;;;;;;;7331
;;;;;;;;;;;7332
;;;;;;;;;;;7333
;;;;;;;;;;;7334
;;;;;;;;;;;7335
;;;;;;;;;;;7336
;;;;;;;;;;;7337
;;;;;;;;;;;7338
;;;;;;;;;;;7339
;;;;;;;;;;;7340
;;;;;;;;;;;7341
;;;;;;;;;;;7342
;;;;;;;;;;;7343
;;;;;;;;;;;7344
;;;;;;;;;;;7345
;;;;;;;;;;;7346
;;;;;;;;;;;7347
;;;;;;;;;;;7348
;;;;;;;;;;;7349
;;;;;;;;;;;7350
;;;;;;;;;;;7351
;;;;;;;;;;;7352
;;;;;;;;;;;7353
;;;;;;;;;;;7354
;;;;;;;;;;;7355
;;;;;;;;;;;7356
;;;;;;;;;;;7357
;;;;;;;;;;;7358
;;;;;;;;;;;7359
;;;;;;;;;;;7360
;;;;;;;;;;;7361
;;;;;;;;;;;7362
;;;;;;;;;;;7363
;;;;;;;;;;;7364
;;;;;;;;;;;7365
;;;;;;;;;;;7366
;;;;;;;;;;;7367
;;;;;;;;;;;7368
;;;;;;;;;;;7369
;;;;;;;;;;;7370
;;;;;;;;;;;7371
;;;;;;;;;;;7372
;;;;;;;;;;;7373
;;;;;;;;;;;7374
;;;;;;;;;;;7375
;;;;;;;;;;;7376
;;;;;;;;;;;7377
;;;;;;;;;;;7378
;;;;;;;;;;;7379
;;;;;;;;;;;7380
;;;;;;;;;;;7381
;;;;;;;;;;;7382
;;;;;;;;;;;7383
;;;;;;;;;;;7384
;;;;;;;;;;;7385
;;;;;;;;;;;7386
;;;;;;;;;;;7387
;;;;;;;;;;;7388
;;;;;;;;;;;7389
;;;;;;;;;;;7390
;;;;;;;;;;;7391
;;;;;;;;;;;7392
;;;;;;;;;;;7393
;;;;;;;;;;;7394
;;;;;;;;;;;7395
;;;;;;;;;;;7396
;;;;;;;;;;;7397
;;;;;;;;;;;7398
;;;;;;;;;;;7399
;;;;;;;;;;;7400
;;;;;;;;;;;7401
;;;;;;;;;;;7402
;;;;;;;;;;;7403
;;;;;;;;;;;7404
;;;;;;;;;;;7405
;;;;;;;;;;;7406
;;;;;;;;;;;7407
;;;;;;;;;;;7408
;;;;;;;;;;;7409
;;;;;;;;;;;7410
;;;;;;;;;;;7411
;;;;;;;;;;;7412
;;;;;;;;;;;7413
;;;;;;;;;;;7414
;;;;;;;;;;;7415
;;;;;;;;;;;7416
;;;;;;;;;;;7417
;;;;;;;;;;;7418
;;;;;;;;;;;7419
;;;;;;;;;;;7420
;;;;;;;;;;;7421
;;;;;;;;;;;7422
;;;;;;;;;;;7423
;;;;;;;;;;;7424
;;;;;;;;;;;7425
;;;;;;;;;;;7426
;;;;;;;;;;;7427
;;;;;;;;;;;7428
;;;;;;;;;;;7429
;;;;;;;;;;;7430
;;;;;;;;;;;7431
;;;;;;;;;;;7432
;;;;;;;;;;;7433
;;;;;;;;;;;7434
;;;;;;;;;;;7435
;;;;;;;;;;;7436
;;;;;;;;;;;7437
;;;;;;;;;;;7438
;;;;;;;;;;;7439
;;;;;;;;;;;7440
;;;;;;;;;;;7441
;;;;;;;;;;;7442
;;;;;;;;;;;7443
;;;;;;;;;;;7444
;;;;;;;;;;;7445
;;;;;;;;;;;7446
;;;;;;;;;;;7447
;;;;;;;;;;;7448
;;;;;;;;;;;7449
;;;;;;;;;;;7450
;;;;;;;;;;;7451
;;;;;;;;;;;7452
;;;;;;;;;;;7453
;;;;;;;;;;;7454
;;;;;;;;;;;7455
;;;;;;;;;;;7456
;;;;;;;;;;;7457
;;;;;;;;;;;7458
;;;;;;;;;;;7459
;;;;;;;;;;;7460
;;;;;;;;;;;7461
;;;;;;;;;;;7462
;;;;;;;;;;;7463
;;;;;;;;;;;7464
;;;;;;;;;;;7465
;;;;;;;;;;;7466
;;;;;;;;;;;7467
;;;;;;;;;;;7468
;;;;;;;;;;;7469
;;;;;;;;;;;7470
;;;;;;;;;;;7471
;;;;;;;;;;;7472
;;;;;;;;;;;7473
;;;;;;;;;;;7474
;;;;;;;;;;;7475
;;;;;;;;;;;7476
;;;;;;;;;;;7477
;;;;;;;;;;;7478
;;;;;;;;;;;7479
;;;;;;;;;;;7480
;;;;;;;;;;;7481
;;;;;;;;;;;7482
;;;;;;;;;;;7483
;;;;;;;;;;;7484
;;;;;;;;;;;7485
;;;;;;;;;;;7486
;;;;;;;;;;;7487
;;;;;;;;;;;7488
;;;;;;;;;;;7489
;;;;;;;;;;;7490
1.0;83376,21;472.91;225,81;247,1;;83129,11;28/12/2018;diciembre;2018.0;pagat;2
2.0;83129,11;472.91;225,14;247,77;;82881,34;28/01/2019;enero;2019.0;pagat;3
3.0;82881,34;472.91;224,47;248,44;;82632,9;28/02/2019;febrero;2019.0;pagat;4
4.0;82632,9;472.91;223,8;249,11;;82383,79;28/03/2019;marzo;2019.0;pagat;5
5.0;82383,79;472.91;223,12;249,79;;82134;28/04/2019;abril;2019.0;pagat;6
6.0;82134;472.91;222,45;250,46;;81883,54;28/05/2019;mayo;2019.0;pagat;7
7.0;81883,54;472.91;221,77;251,14;;81632,4;28/06/2019;junio;2019.0;pagat;8
8.0;81632,4;472.91;221,09;251,82;;81380,58;28/07/2019;julio;2019.0;pagat;9
9.0;81380,58;472.91;220,41;252,5;;81128,08;28/08/2019;agosto;2019.0;pagat;10
10.0;81128,08;472.91;219,72;253,19;;80874,89;28/09/2019;septiembre;2019.0;pagat;11
11.0;80874,89;472.91;219,04;253,87;;80621,02;28/10/2019;octubre;2019.0;pagat;12
12.0;80621,02;472.91;218,35;254,56;;80366,46;28/11/2019;noviembre;2019.0;pagat;13
13.0;80366,46;472.91;217,66;255,25;;80111,21;28/12/2019;diciembre;2019.0;pagat;14
14.0;80111,21;472.91;216,97;255,94;;79855,27;28/01/2020;enero;2020.0;pagat;15
15.0;79855,27;472.91;216,27;256,64;;79598,63;28/02/2020;febrero;2020.0;pagat;16
16.0;79598,63;472.91;215,58;257,33;;79341,3;28/03/2020;marzo;2020.0;pagat;17
17.0;79341,3;472.91;214,88;258,03;;79083,27;28/04/2020;abril;2020.0;pagat;18
18.0;79083,27;472.91;214,18;258,73;;78824,54;28/05/2020;mayo;2020.0;pagat;19
19.0;78824,54;472.91;213,48;259,43;;78565,11;28/06/2020;junio;2020.0;pagat;20
20.0;78565,11;472.91;212,78;260,13;;78304,98;28/07/2020;julio;2020.0;pagat;21
21.0;78304,98;472.91;212,08;260,83;;78044,15;28/08/2020;agosto;2020.0;pagat;22
22.0;78044,15;472.91;211,37;261,54;;77782,61;28/09/2020;septiembre;2020.0;pagat;23
23.0;77782,61;472.91;210,66;262,25;;77520,36;28/10/2020;octubre;2020.0;pagat;24
24.0;77520,36;472.91;209,95;262,96;;77257,4;28/11/2020;noviembre;2020.0;pagat;25
25.0;77257,4;472.91;209,24;263,67;;76993,73;28/12/2020;diciembre;2020.0;pagat;26
26.0;76993,73;472.91;208,52;264,39;;76729,34;28/01/2021;enero;2021.0;pagat;27
27.0;76729,34;472.91;207,81;265,1;;76464,24;28/02/2021;febrero;2021.0;pagat;28
28.0;76464,24;472.91;207,09;265,82;;76198,42;28/03/2021;marzo;2021.0;pagat;29
29.0;76198,42;472.91;206,37;266,54;;75931,88;28/04/2021;abril;2021.0;pagat;30
30.0;75931,88;472.91;205,65;267,26;;75664,62;28/05/2021;mayo;2021.0;pagat;31
31.0;75664,62;472.91;204,92;267,99;;75396,63;28/06/2021;junio;2021.0;pagat;32
32.0;75396,63;472.91;204,2;268,71;;75127,92;28/07/2021;julio;2021.0;pagat;33
33.0;75127,92;472.91;203,47;269,44;;74858,48;28/08/2021;agosto;2021.0;pagat;34
34.0;74858,48;472.91;202,74;270,17;;74588,31;28/09/2021;septiembre;2021.0;pagat;35
35.0;74588,32;472.91;202,01;270,9;;74317,42;28/10/2021;octubre;2021.0;pagat;36
36.0;74317,42;472.91;201,28;271,63;;74045,79;28/11/2021;noviembre;2021.0;pagat;37
37.0;74045,79;472.91;200,54;272,37;;73773,42;28/12/2021;diciembre;2021.0;pagat;38
38.0;73773,42;472.91;199,8;273,11;;73500,31;28/01/2022;enero;2022.0;pagat;39
39.0;73500,31;472.91;199,06;273,85;;73226,46;28/02/2022;febrero;2022.0;pagat;40
40.0;73226,46;472.91;198,32;274,59;;72951,87;28/03/2022;marzo;2022.0;pagat;41
41.0;72951,87;472.91;197,58;275,33;;72676,54;28/04/2022;abril;2022.0;pagat;42
42.0;72676,54;472.91;196,83;276,08;;72400,46;28/05/2022;mayo;2022.0;pagat;43
43.0;72400,46;472.91;196,08;276,83;;72123,63;28/06/2022;junio;2022.0;pagat;44
44.0;72123,63;472.91;195,33;277,58;;71846,05;28/07/2022;julio;2022.0;pagat;45
45.0;71846,05;472.91;194,58;278,33;;71567,72;28/08/2022;agosto;2022.0;pagat;46
46.0;71567,72;472.91;193,83;279,08;;71288,64;28/09/2022;septiembre;2022.0;pagat;47
47.0;71288,64;472.91;193,07;279,84;;71008,8;28/10/2022;octubre;2022.0;pagat;48
48.0;71008,8;472.91;192,32;280,59;;70728,21;28/11/2022;noviembre;2022.0;pagat;49
49.0;70728,21;472.91;191,56;281,35;;70446,86;28/12/2022;diciembre;2022.0;pagat;50
50.0;70446,86;472.91;190,79;282,12;;70164,74;28/01/2023;enero;2023.0;pagat;51
51.0;70164,74;472.91;190,03;282,88;;69881,86;28/02/2023;febrero;2023.0;pagat;52
52.0;69881,86;472.91;189,26;283,65;;69598,21;28/03/2023;marzo;2023.0;pagat;53
53.0;69598,21;472.91;188,49;284,42;;69313,79;28/04/2023;abril;2023.0;pagat;54
54.0;69313,79;472.91;187,72;285,19;;69028,6;28/05/2023;mayo;2023.0;pagat;55
55.0;69028,6;472.91;186,95;285,96;;68742,64;28/06/2023;junio;2023.0;pagat;56
56.0;68742,64;472.91;186,18;286,73;;68455,91;28/07/2023;julio;2023.0;pagat;57
57.0;68455,91;472.91;185,4;287,51;;68168,41;28/08/2023;agosto;2023.0;pagat;58
58.0;68168,41;472.91;184,62;288,29;;67880,12;28/09/2023;septiembre;2023.0;pagat;59
59.0;67880,12;472.91;183,84;289,07;;67591,05;28/10/2023;octubre;2023.0;pagat;60
60.0;67591,05;472.91;183,06;289,85;;67301,2;28/11/2023;noviembre;2023.0;pagat;61
61.0;67301,2;489.43;182,27;307,16;;67022,09;28/12/2023;diciembre;2023.0;pagat;62
62.0;67022,09;489.43;209,44;279,99;;66742,1;28/01/2024;enero;2024.0;pagat;63
63.0;66742,1;489.43;208,57;280,86;;66461,24;28/02/2024;febrero;2024.0;pagat;64
64.0;66461,24;489.43;207,69;281,74;;66179,5;28/03/2024;marzo;2024.0;pagat;65
65.0;66179,5;489.43;206,81;282,62;;65896,88;28/04/2024;abril;2024.0;pagat;66
66.0;65896,88;489.43;205,93;283,5;;65613,38;28/05/2024;mayo;2024.0;pagat;67
67.0;65613,38;489.43;205,04;284,39;;65328,99;28/06/2024;junio;2024.0;pagat;68
68.0;65328,99;489.43;204,15;285,28;;65043,71;28/07/2024;julio;2024.0;pagat;71
69.0;65043,71;489.43;203,26;286,17;;64757,54;28/08/2024;agosto;2024.0;pagat;72
70.0;64757,54;489.43;202,37;287,06;;64470,48;28/09/2024;septiembre;2024.0;pagat;73
71.0;64470,48;489.43;201,47;287,96;;64182,52;28/10/2024;octubre;2024.0;pagat;74
72.0;64182,52;489.43;200,57;288,86;;63893,66;28/11/2024;noviembre;2024.0;pagat;75
73.0;63893,66;489.43;199,67;289,76;;63603,9;28/12/2024;diciembre;2024.0;pagat;76
74.0;63603,9;489.43;198,76;290,67;;63313,23;28/01/2025;enero;2025.0;pagat;77
75.0;63313,23;489.43;197,85;291,58;;63021,65;28/02/2025;febrero;2025.0;pagat;78
76.0;63021,65;489.43;196,94;292,49;;62729,16;28/03/2025;marzo;2025.0;pagat;79
77.0;62729,16;489.43;196,03;293,4;;62435,76;28/04/2025;abril;2025.0;pagat;80
78.0;62435,76;489.43;195,11;294,32;;62141,44;28/05/2025;mayo;2025.0;pagat;81
79.0;62141,44;489.43;194,19;295,24;;61846,2;28/06/2025;junio;2025.0;pagat;82
80.0;61846,2;489.43;193,27;296,16;;61550,04;28/07/2025;julio;2025.0;pagat;83
81.0;61550,04;489.43;192,34;297,09;;61252,95;28/08/2025;agosto;2025.0;pagat;84
82.0;61252,95;489.43;191,42;298,01;;60954,94;04/09/2025;septiembre;2025.0;pagat;85
83.0;60954,94;489.43;190,48;298,95;;60655,99;28/10/2025;octubre;2025.0;pagat;86
84.0;60655,99;489.43;189,55;299,88;;60356,11;28/11/2025;noviembre;2025.0;pagat;87
85.0;60356,11;489.43;188,61;300,82;;60055,29;28/12/2025;diciembre;2025.0;pagat;88
86.0;60055,29;489.43;187,67;301,76;;59753,53;28/01/2026;enero;2026.0;pagat;89
87.0;59753,53;489.43;186,73;302,7;;59450,83;28/02/2026;febrero;2026.0;pagat;90
88.0;59450,83;489.43;185,78;303,65;;59147,18;28/03/2026;marzo;2026.0;pagat;91
89.0;59147,18;489.43;184,83;304,6;;58842,58;28/04/2026;abril;2026.0;pagat;92
90.0;58842,58;489.43;183,88;305,55;;58537,03;28/05/2026;mayo;2026.0;pagat;93
91.0;58537,03;489.43;182,93;306,5;;58230,53;28/06/2026;junio;2026.0;pagat;94
92.0;58230,53;489.43;181,97;307,46;;57923,07;28/07/2026;julio;2026.0;pagat;95
93.0;57923,07;489.43;181,01;308,42;;57614,65;28/08/2026;agosto;2026.0;pagat;96
94.0;57614,65;489.43;180,05;309,38;;57305,27;28/09/2026;septiembre;2026.0;;97
95.0;57305,27;489.43;179,08;310,35;;56994,92;28/10/2026;octubre;2026.0;;98
96.0;56994,92;489.43;178,11;311,32;;56683,6;28/11/2026;noviembre;2026.0;;99
97.0;56683,6;489.43;177,14;312,29;;56371,31;28/12/2026;diciembre;2026.0;;100
98.0;56371,31;489.43;176,16;313,27;;56058,04;28/01/2027;enero;2027.0;;101
99.0;56058,04;489.43;175,18;314,25;;55743,79;28/02/2027;febrero;2027.0;;102
100.0;55743,79;489.43;174,2;315,23;;55428,56;28/03/2027;marzo;2027.0;;103
101.0;55428,56;489.43;173,21;316,22;;55112,34;28/04/2027;abril;2027.0;;104
102.0;55112,34;489.43;172,23;317,2;;54795,14;28/05/2027;mayo;2027.0;;105
103.0;54795,14;489.43;171,23;318,2;;54476,94;28/06/2027;junio;2027.0;;106
104.0;54476,94;489.43;170,24;319,19;;54157,75;28/07/2027;julio;2027.0;;107
105.0;54157,75;489.43;169,24;320,19;;53837,56;28/08/2027;agosto;2027.0;;108
106.0;53837,56;489.43;168,24;321,19;;53516,37;28/09/2027;septiembre;2027.0;;109
107.0;53516,37;489.43;167,24;322,19;;53194,18;28/10/2027;octubre;2027.0;;110
108.0;53194,18;489.43;166,23;323,2;;52870,98;28/11/2027;noviembre;2027.0;;111
109.0;52870,98;489.43;165,22;324,21;;52546,77;28/12/2027;diciembre;2027.0;;112
110.0;52546,77;489.43;164,21;325,22;;52221,55;28/01/2028;enero;2028.0;;113
111.0;52221,55;489.43;163,19;326,24;;51895,31;28/02/2028;febrero;2028.0;;114
112.0;51895,31;489.43;162,17;327,26;;51568,05;28/03/2028;marzo;2028.0;;115
113.0;51568,05;489.43;161,15;328,28;;51239,77;28/04/2028;abril;2028.0;;116
114.0;51239,77;489.43;160,12;329,31;;50910,46;28/05/2028;mayo;2028.0;;117
115.0;50910,46;489.43;159,1;330,33;;50580,13;28/06/2028;junio;2028.0;;118
116.0;50580,13;489.43;158,06;331,37;;50248,76;28/07/2028;julio;2028.0;;119
117.0;50248,76;489.43;157,03;332,4;;49916,36;28/08/2028;agosto;2028.0;;120
118.0;49916,36;489.43;155,99;333,44;;49582,92;28/09/2028;septiembre;2028.0;;121
119.0;49582,92;489.43;154,95;334,48;;49248,44;28/10/2028;octubre;2028.0;;122
120.0;49248,44;489.43;153,9;335,53;;48912,91;28/11/2028;noviembre;2028.0;;123
121.0;48912,91;489.43;152,85;336,58;;48576,33;28/12/2028;diciembre;2028.0;;124
122.0;48576,33;489.43;151,8;337,63;;48238,7;28/01/2029;enero;2029.0;;125
123.0;48238,7;489.43;150,75;338,68;;47900,02;28/02/2029;febrero;2029.0;;126
124.0;47900,02;489.43;149,69;339,74;;47560,28;28/03/2029;marzo;2029.0;;127
125.0;47560,28;489.43;148,63;340,8;;47219,48;28/04/2029;abril;2029.0;;128
126.0;47219,48;489.43;147,56;341,87;;46877,61;28/05/2029;mayo;2029.0;;129
127.0;46877,61;489.43;146,49;342,94;;46534,67;28/06/2029;junio;2029.0;;130
128.0;46534,67;489.43;145,42;344,01;;46190,66;28/07/2029;julio;2029.0;;131
129.0;46190,66;489.43;144,35;345,08;;45845,58;28/08/2029;agosto;2029.0;;132
130.0;45845,58;489.43;143,27;346,16;;45499,42;28/09/2029;septiembre;2029.0;;133
131.0;45499,42;489.43;142,19;347,24;;45152,18;28/10/2029;octubre;2029.0;;134
132.0;45152,18;489.43;141,1;348,33;;44803,85;28/11/2029;noviembre;2029.0;;135
133.0;44803,85;489.43;140,01;349,42;;44454,43;28/12/2029;diciembre;2029.0;;136
134.0;44454,43;489.43;138,92;350,51;;44103,92;28/01/2030;enero;2030.0;;137
135.0;44103,92;489.43;137,82;351,61;;43752,31;28/02/2030;febrero;2030.0;;138
136.0;43752,31;489.43;136,73;352,7;;43399,61;28/03/2030;marzo;2030.0;;139
137.0;43399,61;489.43;135,62;353,81;;43045,8;28/04/2030;abril;2030.0;;140
138.0;43045,8;489.43;134,52;354,91;;42690,89;28/05/2030;mayo;2030.0;;141
139.0;42690,89;489.43;133,41;356,02;;42334,87;28/06/2030;junio;2030.0;;143
140.0;42334,87;489.43;132,3;357,13;;41977,74;28/07/2030;julio;2030.0;;144
141.0;41977,74;489.43;131,18;358,25;;41619,49;28/08/2030;agosto;2030.0;;145
142.0;41619,49;489.43;130,06;359,37;;41260,12;28/09/2030;septiembre;2030.0;;146
143.0;41260,12;489.43;128,94;360,49;;40899,63;28/10/2030;octubre;2030.0;;147
144.0;40899,63;489.43;127,81;361,62;;40538,01;28/11/2030;noviembre;2030.0;;148
145.0;40538,01;489.43;126,68;362,75;;40175,26;28/12/2030;diciembre;2030.0;;149
146.0;40175,26;489.43;125,55;363,88;;39811,38;28/01/2031;enero;2031.0;;150
147.0;39811,38;489.43;124,41;365,02;;39446,36;28/02/2031;febrero;2031.0;;151
148.0;39446,36;489.43;123,27;366,16;;39080,2;28/03/2031;marzo;2031.0;;152
149.0;39080,2;489.43;122,13;367,3;;38712,9;28/04/2031;abril;2031.0;;153
150.0;38712,9;489.43;120,98;368,45;;38344,45;28/05/2031;mayo;2031.0;;154
151.0;38344,45;489.43;119,83;369,6;;37974,85;28/06/2031;junio;2031.0;;155
152.0;37974,85;489.43;118,67;370,76;;37604,09;28/07/2031;julio;2031.0;;156
153.0;37604,09;489.43;117,51;371,92;;37232,17;28/08/2031;agosto;2031.0;;157
154.0;37232,17;489.43;116,35;373,08;;36859,09;28/09/2031;septiembre;2031.0;;158
155.0;36859,09;489.43;115,18;374,25;;36484,84;28/10/2031;octubre;2031.0;;159
156.0;36484,84;489.43;114,02;375,41;;36109,43;28/11/2031;noviembre;2031.0;;160
157.0;36109,43;489.43;112,84;376,59;;35732,84;28/12/2031;diciembre;2031.0;;161
158.0;35732,84;489.43;111,67;377,76;;35355,08;28/01/2032;enero;2032.0;;162
159.0;35355,08;489.43;110,48;378,95;;34976,13;28/02/2032;febrero;2032.0;;163
160.0;34976,13;489.43;109,3;380,13;;34596;28/03/2032;marzo;2032.0;;164
161.0;34596;489.43;108,11;381,32;;34214,68;28/04/2032;abril;2032.0;;165
162.0;34214,68;489.43;106,92;382,51;;33832,17;28/05/2032;mayo;2032.0;;166
163.0;33832,17;489.43;105,73;383,7;;33448,47;28/06/2032;junio;2032.0;;167
164.0;33448,47;489.43;104,53;384,9;;33063,57;28/07/2032;julio;2032.0;;168
165.0;33063,57;489.43;103,32;386,11;;32677,46;28/08/2032;agosto;2032.0;;169
166.0;32677,46;489.43;102,12;387,31;;32290,15;28/09/2032;septiembre;2032.0;;170
167.0;32290,15;489.43;100,91;388,52;;31901,63;28/10/2032;octubre;2032.0;;171
168.0;31901,63;489.43;99,69;389,74;;31511,89;28/11/2032;noviembre;2032.0;;172
169.0;31511,89;489.43;98,47;390,96;;31120,93;28/12/2032;diciembre;2032.0;;173
170.0;31120,93;489.43;97,25;392,18;;30728,75;28/01/2033;enero;2033.0;;174
171.0;30728,75;489.43;96,03;393,4;;30335,35;28/02/2033;febrero;2033.0;;175
172.0;30335,35;489.43;94,8;394,63;;29940,72;28/03/2033;marzo;2033.0;;176
173.0;29940,72;489.43;93,56;395,87;;29544,85;28/04/2033;abril;2033.0;;177
174.0;29544,85;489.43;92,33;397,1;;29147,75;28/05/2033;mayo;2033.0;;178
175.0;29147,75;489.43;91,09;398,34;;28749,41;28/06/2033;junio;2033.0;;179
176.0;28749,41;489.43;89,84;399,59;;28349,82;28/07/2033;julio;2033.0;;180
177.0;28349,82;489.43;88,59;400,84;;27948,98;28/08/2033;agosto;2033.0;;181
178.0;27948,98;489.43;87,34;402,09;;27546,89;28/09/2033;septiembre;2033.0;;182
179.0;27546,89;489.43;86,08;403,35;;27143,54;28/10/2033;octubre;2033.0;;183
180.0;27143,54;489.43;84,82;404,61;;26738,93;28/11/2033;noviembre;2033.0;;184
181.0;26738,93;489.43;83,56;405,87;;26333,06;28/12/2033;diciembre;2033.0;;185
182.0;26333,06;489.43;82,29;407,14;;25925,92;28/01/2034;enero;2034.0;;186
183.0;25925,92;489.43;81,02;408,41;;25517,51;28/02/2034;febrero;2034.0;;187
184.0;25517,51;489.43;79,74;409,69;;25107,82;28/03/2034;marzo;2034.0;;188
185.0;25107,82;489.43;78,46;410,97;;24696,85;28/04/2034;abril;2034.0;;189
186.0;24696,85;489.43;77,18;412,25;;24284,6;28/05/2034;mayo;2034.0;;190
187.0;24284,6;489.43;75,89;413,54;;23871,06;28/06/2034;junio;2034.0;;191
188.0;23871,06;489.43;74,6;414,83;;23456,23;28/07/2034;julio;2034.0;;192
189.0;23456,23;489.43;73,3;416,13;;23040,1;28/08/2034;agosto;2034.0;;193
190.0;23040,1;489.43;72;417,43;;22622,67;28/09/2034;septiembre;2034.0;;194
191.0;22622,67;489.43;70,7;418,73;;22203,94;28/10/2034;octubre;2034.0;;195
192.0;22203,94;489.43;69,39;420,04;;21783,9;28/11/2034;noviembre;2034.0;;196
193.0;21783,9;489.43;68,07;421,36;;21362,54;28/12/2034;diciembre;2034.0;;197
194.0;21362,54;489.43;66,76;422,67;;20939,87;28/01/2035;enero;2035.0;;198
195.0;20939,87;489.43;65,44;423,99;;20515,88;28/02/2035;febrero;2035.0;;199
196.0;20515,88;489.43;64,11;425,32;;20090,56;28/03/2035;marzo;2035.0;;200
197.0;20090,56;489.43;62,78;426,65;;19663,91;28/04/2035;abril;2035.0;;201
198.0;19663,91;489.43;61,45;427,98;;19235,93;28/05/2035;mayo;2035.0;;202
199.0;19235,93;489.43;60,11;429,32;;18806,61;28/06/2035;junio;2035.0;;203
200.0;18806,61;489.43;58,77;430,66;;18375,95;28/07/2035;julio;2035.0;;204
201.0;18375,95;489.43;57,42;432,01;;17943,94;28/08/2035;agosto;2035.0;;205
202.0;17943,94;489.43;56,07;433,36;;17510,58;10/09/2035;septiembre;2035.0;;206
203.0;17510,58;489.43;54,72;434,71;;17075,87;28/10/2035;octubre;2035.0;;207
204.0;17075,87;489.43;53,36;436,07;;16639,8;28/11/2035;noviembre;2035.0;;208
205.0;16639,8;489.43;52;437,43;;16202,37;28/12/2035;diciembre;2035.0;;209
206.0;16202,37;489.43;50,63;438,8;;15763,57;28/01/2036;enero;2036.0;;210
207.0;15763,57;489.43;49,26;440,17;;15323,4;28/02/2036;febrero;2036.0;;211
208.0;15323,4;489.43;47,89;441,54;;14881,86;28/03/2036;marzo;2036.0;;212
209.0;14881,86;489.43;46,51;442,92;;14438,94;28/04/2036;abril;2036.0;;213
210.0;14438,94;489.43;45,12;444,31;;13994,63;28/05/2036;mayo;2036.0;;214
211.0;13994,63;489.43;43,73;445,7;;13548,93;28/06/2036;junio;2036.0;;215
212.0;13548,93;489.43;42,34;447,09;;13101,84;28/07/2036;julio;2036.0;;217
213.0;13101,84;489.43;40,94;448,49;;12653,35;28/08/2036;agosto;2036.0;;218
214.0;12653,35;489.43;39,54;449,89;;12203,46;28/09/2036;septiembre;2036.0;;219
215.0;12203,46;489.43;38,14;451,29;;11752,17;28/10/2036;octubre;2036.0;;220
216.0;11752,17;489.43;36,73;452,7;;11299,47;28/11/2036;noviembre;2036.0;;221
217.0;11299,47;489.43;35,31;454,12;;10845,35;28/12/2036;diciembre;2036.0;;222
218.0;10845,35;489.43;33,89;455,54;;10389,81;28/01/2037;enero;2037.0;;223
219.0;10389,81;489.43;32,47;456,96;;9932,85;28/02/2037;febrero;2037.0;;224
220.0;9932,85;489.43;31,04;458,39;;9474,46;28/03/2037;marzo;2037.0;;225
221.0;9474,46;489.43;29,61;459,82;;9014,64;28/04/2037;abril;2037.0;;226
222.0;9014,64;489.43;28,17;461,26;;8553,38;28/05/2037;mayo;2037.0;;227
223.0;8553,38;489.43;26,73;462,7;;8090,68;28/06/2037;junio;2037.0;;228
224.0;8090,68;489.43;25,28;464,15;;7626,53;28/07/2037;julio;2037.0;;229
225.0;7626,53;489.43;23,83;465,6;;7160,93;28/08/2037;agosto;2037.0;;230
226.0;7160,93;489.43;22,38;467,05;;6693,88;28/09/2037;septiembre;2037.0;;231
227.0;6693,88;489.43;20,92;468,51;;6225,37;28/10/2037;octubre;2037.0;;232
228.0;6225,37;489.43;19,45;469,98;;5755,39;28/11/2037;noviembre;2037.0;;233
229.0;5755,39;489.43;17,99;471,44;;5283,95;28/12/2038;diciembre;2038.0;;234
230.0;5283,95;489.43;16,51;472,92;;4811,03;28/01/2038;enero;2038.0;;235
231.0;4811,03;489.43;15,03;474,4;;4336,63;28/02/2038;febrero;2038.0;;236
232.0;4336,63;489.43;13,55;475,88;;3860,75;28/03/2038;marzo;2038.0;;237
233.0;3860,75;489.43;12,06;477,37;;3383,38;28/04/2038;abril;2038.0;;238
234.0;3383,38;489.43;10,57;478,86;;2904,52;28/05/2038;mayo;2038.0;;239
235.0;2904,52;489.43;9,08;480,35;;2424,17;28/06/2038;junio;2038.0;;240
236.0;2424,17;489.43;7,58;481,85;;1942,32;28/07/2038;julio;2038.0;;241
237.0;1942,32;489.43;6,07;483,36;;1458,96;28/08/2038;agosto;2038.0;;242
238.0;1458,96;489.43;4,56;484,87;;974,09;28/09/2038;septiembre;2038.0;;243
239.0;974,09;489.43;3,04;486,39;;487,7;28/10/2038;octubre;2038.0;;244
240.0;487,7;489.43;1,52;487,91;;-0,21;28/11/2038;noviembre;2038.0;;245
